plant_type,soil_type,pot_size,growth_stage,moisture,temperature,humidity,light,sunlight_hours,time_since_last_water,watering_frequency,water_needed,health_score
Snake Plant,sandy,large,young,18.7,20.6,34.8,309.5,7.0,6.7,1,1,97.3
Jade Plant,sandy,large,seedling,13.8,31.5,74.1,766.9,7.8,62.6,1,0,77.6
Tulsi,loamy,medium,young,62.5,21.4,40.1,329.0,4.3,61.0,2,0,100.0
Money Plant,loamy,medium,mature,35.0,17.9,89.6,485.6,6.5,62.0,3,1,75.8
Snake Plant,sandy,large,seedling,45.6,32.8,94.0,436.0,5.9,60.1,1,0,86.6
Peace Lily,sandy,large,young,46.2,31.1,72.8,349.0,4.9,27.3,5,1,100.0
Fern,sandy,large,young,50.2,34.4,88.1766030269925,113.2,3.6,65.7,3,1,85.7
Peace Lily,sandy,large,young,60.1,24.1,89.0,461.7,5.0,53.8,4,0,99.3
Jade Plant,clay,medium,seedling,19.5,37.9,34.7,1116.7,9.0,11.0,1,1,76.6
Spider Plant,loamy,small,young,32.3,23.8,94.7,668.7,7.4,63.7,1,0,100.0
Peace Lily,sandy,medium,young,69.0,18.6,69.21861677628817,353.6,4.0,65.7,5,0,100.0
Monstera,loamy,large,mature,51.1,19.6,92.14727230384958,446.6,4.4,8.1,5,1,98.6
Monstera,sandy,small,seedling,47.6,35.2,91.3,459.8,5.9,9.1,4,1,81.6
Fern,sandy,medium,mature,51.3,35.1,86.43428188225319,513.9,4.8,28.7,5,1,91.7
Peace Lily,clay,large,young,57.3,17.8,79.3872532848568,302.2,4.4,51.0,5,0,85.6
Snake Plant,sandy,medium,seedling,31.3,26.8,44.5,1129.4,7.6,41.5,1,0,97.4
Areca Palm,clay,small,seedling,50.2,17.2,55.2,316.3,6.6,47.0,3,0,81.5
Money Plant,clay,large,young,42.2,33.4,32.6,426.6,5.3,20.1,4,1,97.5
Snake Plant,clay,large,seedling,48.2,16.2,94.9,1109.2,8.6,12.0,1,0,79.9
Aloe Vera,clay,small,seedling,11.9,23.7,94.0,873.0,9.1,30.5,1,0,89.6
Fern,loamy,large,young,83.6,18.6,85.75080125761652,162.7,2.2,3.6,5,0,99.8
Fern,sandy,small,mature,65.1,16.8,90.16367206895453,288.3,3.6,41.0,5,0,90.8
Money Plant,loamy,small,young,46.6,30.1,64.6,514.9,4.6,17.2,3,0,99.0
Monstera,clay,medium,seedling,65.5,15.2,68.5,153.0,2.9,67.2,3,0,83.8
Aloe Vera,clay,medium,seedling,12.9,25.1,63.0,1084.3,9.9,38.1,1,0,100.0
Fern,clay,large,seedling,49.3,36.6,85.98458393933495,156.4,2.6,15.2,3,1,78.4
Monstera,loamy,medium,young,48.2,35.8,89.02718312802767,166.7,2.2,9.4,4,1,94.8
Tulsi,loamy,medium,mature,36.5,31.2,64.3,463.7,6.7,60.1,4,1,85.8
Tulsi,clay,small,seedling,66.2,22.1,87.9,363.0,6.7,18.0,2,0,96.0
Fern,clay,large,mature,79.0,18.6,90.84956716321635,247.3,2.1,23.9,3,0,100.0
Aloe Vera,clay,small,mature,29.6,17.5,86.1,545.0,6.9,33.1,1,0,73.1
Aloe Vera,sandy,small,mature,26.8,19.4,48.0,767.5,9.9,46.2,1,0,99.0
Fern,clay,small,seedling,66.2,35.2,61.33900190736419,403.7,4.4,56.6,4,0,79.4
Fern,sandy,medium,mature,58.4,19.4,92.3951307924679,515.8,4.2,53.4,5,0,100.0
Peace Lily,clay,small,mature,70.5,36.2,85.19139920548825,161.9,3.2,29.4,3,0,89.0
Monstera,loamy,small,seedling,72.1,24.7,90.8,209.6,3.2,0.0,3,0,97.9
Spider Plant,loamy,large,mature,39.9,22.4,55.9,1175.9,8.0,53.0,2,0,100.0
Monstera,loamy,large,mature,83.0,29.2,83.54784846950085,139.8,2.9,1.8,3,0,97.4
Areca Palm,loamy,small,young,42.1,24.5,69.1,419.9,5.2,10.6,4,0,100.0
Snake Plant,clay,small,seedling,33.2,33.5,73.7,672.8,8.6,9.6,1,1,89.6
Fern,loamy,large,young,68.2,36.9,91.22071037193564,281.4,3.7,32.1,5,0,86.6
Areca Palm,clay,medium,seedling,65.9,34.3,44.4,382.4,5.9,5.6,3,0,87.9
Monstera,clay,medium,mature,59.1,16.9,84.72466995930932,181.5,2.3,39.1,3,0,89.2
Aloe Vera,clay,medium,mature,29.4,36.8,26.4,886.2,8.3,67.9,1,1,73.0
Spider Plant,clay,large,mature,50.9,31.9,81.0,430.8,5.1,2.1,2,0,98.4
Spider Plant,loamy,small,young,36.0,36.1,93.7,498.9,7.0,6.0,2,1,89.3
Areca Palm,sandy,small,young,45.3,23.7,39.8,585.4,4.8,30.4,3,0,100.0
Areca Palm,sandy,large,mature,40.7,16.2,91.6,495.5,6.3,54.3,2,0,94.5
Aloe Vera,sandy,large,seedling,7.3,20.5,58.1,879.0,9.8,18.4,1,1,98.7
Jade Plant,loamy,large,mature,33.0,17.6,82.4,307.7,6.4,22.5,1,0,76.8
Spider Plant,clay,large,seedling,38.9,16.7,73.3,780.9,7.5,49.3,1,0,83.1
Jade Plant,sandy,medium,mature,15.7,24.9,50.9,1109.7,7.4,59.2,1,0,96.1
Peace Lily,loamy,medium,mature,64.1,18.5,69.45288387355903,461.5,5.2,34.8,5,0,99.4
Jade Plant,clay,medium,seedling,30.1,34.1,31.1,439.4,7.0,43.9,1,1,88.8
Money Plant,clay,medium,seedling,44.7,26.2,49.8,510.4,6.6,19.9,3,0,95.1
Aloe Vera,sandy,small,mature,9.3,24.3,63.9,1027.1,7.9,32.3,1,1,95.2
Monstera,sandy,medium,mature,58.0,20.6,78.58226759010188,249.2,3.7,23.8,5,0,100.0
Monstera,clay,medium,seedling,48.2,17.8,93.28071461377021,357.5,4.8,53.2,5,1,62.8
Jade Plant,loamy,large,young,11.8,37.6,83.3,781.4,7.4,51.0,1,1,56.3
Money Plant,sandy,large,young,68.5,31.0,33.8,303.7,4.3,20.5,3,0,99.8
Peace Lily,sandy,small,young,76.9,36.6,77.21112961018738,505.9,4.3,10.9,4,0,93.1
Monstera,sandy,small,seedling,66.0,27.8,67.8990497972762,435.2,4.1,31.9,5,0,100.0
Spider Plant,clay,large,mature,18.8,16.4,92.2,758.8,7.1,5.8,1,1,87.4
Fern,sandy,small,seedling,60.9,24.4,73.3,510.9,4.8,32.7,3,0,100.0
Monstera,loamy,large,mature,49.4,33.5,82.66721531908682,548.0,5.6,5.1,3,1,96.7
Monstera,loamy,large,mature,62.3,36.2,84.49067897415011,450.1,5.8,35.6,4,0,85.8
Money Plant,clay,large,young,42.5,28.9,26.8,472.6,6.5,68.5,4,0,100.0
Monstera,loamy,small,seedling,77.5,25.8,94.89309162263973,262.8,3.7,69.8,3,0,99.7
Spider Plant,clay,medium,mature,29.7,17.4,36.3,583.6,5.4,58.6,2,0,90.5
Areca Palm,sandy,medium,young,46.5,22.4,92.9,300.3,6.5,62.6,4,0,99.6
Money Plant,sandy,large,young,48.7,29.3,59.9,464.8,4.6,66.8,2,0,99.4
Areca Palm,sandy,small,mature,39.9,29.0,41.8,422.4,4.0,16.2,4,1,100.0
Snake Plant,clay,small,mature,42.4,34.1,59.9,444.7,6.1,34.0,2,1,99.6
Tulsi,clay,small,mature,68.7,26.7,86.6,556.3,6.3,24.5,3,0,100.0
Monstera,sandy,medium,mature,83.2,21.9,90.2841208145085,196.9,3.8,23.9,4,0,100.0
Spider Plant,clay,medium,seedling,28.8,37.6,41.7,523.4,4.2,50.8,2,1,68.1
Spider Plant,loamy,large,seedling,33.8,26.4,27.6,1124.5,8.3,31.7,2,0,100.0
Areca Palm,sandy,large,seedling,38.5,24.4,70.8,379.5,6.3,44.9,3,1,99.0
Snake Plant,clay,large,mature,43.6,23.7,47.2,621.5,8.4,4.9,2,0,100.0
Monstera,sandy,large,seedling,70.2,25.0,75.5287493081597,571.0,4.8,3.3,3,0,100.0
Monstera,clay,medium,young,66.3,18.3,65.9494277173834,274.2,2.3,44.6,3,0,97.4
Jade Plant,sandy,small,young,23.1,29.7,57.2,879.2,9.6,20.7,1,0,100.0
Snake Plant,clay,medium,mature,41.8,21.9,92.3,719.5,8.2,27.7,2,0,99.8
Aloe Vera,clay,large,young,13.4,28.2,94.5,994.9,9.9,19.8,1,0,85.7
Money Plant,loamy,large,young,64.2,34.2,88.2,405.7,5.8,45.8,2,0,100.0
Tulsi,loamy,small,mature,48.7,29.9,46.6,339.4,5.1,65.5,4,0,98.3
Spider Plant,sandy,small,seedling,24.3,33.1,86.4,754.2,8.2,59.4,2,1,74.8
Monstera,loamy,medium,seedling,71.7,25.8,90.10492089145876,594.0,4.9,69.6,3,0,100.0
Peace Lily,sandy,medium,seedling,54.7,21.1,83.53192790728546,546.7,4.3,67.7,5,1,81.1
Aloe Vera,clay,small,mature,30.3,35.3,64.3,319.0,6.9,59.3,1,1,79.1
Monstera,loamy,medium,seedling,55.8,18.2,91.2,207.5,2.9,28.0,4,0,88.7
Fern,clay,large,mature,70.0,31.7,87.0,383.9,5.8,49.7,4,0,97.2
Areca Palm,sandy,medium,seedling,70.0,37.6,50.7,419.4,5.1,13.7,4,0,76.2
Areca Palm,sandy,large,seedling,33.4,29.8,66.8,337.8,4.7,40.6,3,1,85.7
Fern,sandy,large,seedling,75.4,33.7,60.099244301800574,343.4,5.4,9.4,5,0,87.5
Tulsi,sandy,large,seedling,66.3,18.0,50.1,352.3,5.0,3.8,4,0,92.4
Fern,sandy,large,seedling,62.4,26.0,79.5,223.0,2.9,52.4,3,0,100.0
Fern,clay,medium,mature,63.2,37.2,74.91957667479971,242.5,2.4,31.9,4,0,94.0
Peace Lily,loamy,small,seedling,66.5,17.9,71.38149051615338,459.2,6.0,32.7,5,0,81.1
Snake Plant,loamy,small,mature,42.0,30.0,78.8,566.4,6.2,29.8,1,0,100.0
Spider Plant,clay,large,seedling,25.0,22.2,46.9,884.6,7.4,6.6,1,0,95.9
Spider Plant,sandy,large,mature,13.6,23.6,34.1,846.5,7.4,62.9,2,1,89.4
Spider Plant,loamy,small,young,34.5,28.8,49.6,444.7,4.8,61.0,1,0,98.5
Fern,clay,small,young,76.4,28.2,81.5,307.9,4.6,66.9,5,0,100.0
Monstera,sandy,small,young,58.1,31.2,66.3491945374399,231.5,2.6,5.0,3,0,100.0
Money Plant,sandy,large,mature,44.6,19.9,54.4,397.3,4.9,67.8,3,0,100.0
Money Plant,sandy,small,mature,51.0,16.1,30.7,432.6,5.5,19.7,3,0,92.5
Snake Plant,clay,medium,seedling,33.2,21.5,72.5,418.6,4.2,43.2,2,0,95.1
Monstera,sandy,small,young,61.7,21.7,66.14931806565448,240.7,3.5,36.0,4,0,100.0
Peace Lily,sandy,medium,mature,79.6,16.0,80.15157062578909,512.8,4.3,30.1,4,0,86.2
Money Plant,clay,small,mature,47.9,25.6,73.3,373.0,6.5,42.4,3,0,100.0
Spider Plant,clay,large,young,16.7,20.1,79.5,358.2,6.7,55.9,1,1,83.5
Tulsi,sandy,small,seedling,37.0,20.9,37.1,585.4,4.2,45.2,4,1,99.6
Jade Plant,loamy,medium,mature,21.8,36.3,64.5,1118.5,8.5,45.2,1,1,86.5
Snake Plant,clay,medium,mature,17.1,22.0,44.2,435.6,5.6,4.1,1,1,100.0
Snake Plant,loamy,small,mature,35.4,28.7,51.9,542.9,6.2,46.9,1,0,98.2
Areca Palm,loamy,small,seedling,68.3,25.4,81.8,493.8,4.3,2.8,4,0,100.0
Areca Palm,loamy,large,mature,46.2,18.7,51.1,503.7,6.3,3.8,3,0,100.0
Peace Lily,sandy,medium,seedling,54.6,27.8,93.75435100288685,345.1,4.4,5.9,5,1,100.0
Peace Lily,clay,large,mature,71.9,30.2,70.83536605955864,258.3,3.5,58.5,3,0,100.0
Fern,sandy,large,mature,58.7,24.7,93.2909259758647,253.2,3.4,13.8,3,0,100.0
Tulsi,sandy,medium,seedling,60.4,26.7,62.8,401.0,4.1,55.2,4,0,96.3
Spider Plant,sandy,small,seedling,45.0,34.1,79.0,626.2,7.6,26.2,1,0,92.2
Areca Palm,loamy,medium,mature,42.1,33.0,41.4,358.2,6.7,48.8,3,0,100.0
Areca Palm,clay,medium,young,40.9,26.6,54.3,341.5,6.4,18.0,2,0,100.0
Peace Lily,loamy,small,mature,54.5,34.5,84.6,344.2,5.6,31.5,3,1,100.0
Aloe Vera,clay,medium,seedling,15.7,24.5,52.8,649.0,7.5,16.2,1,0,98.2
Snake Plant,loamy,large,young,24.4,33.2,34.6,683.3,7.5,50.8,2,1,84.5
Money Plant,sandy,small,young,70.7,20.0,35.5,333.4,5.6,20.7,4,0,98.0
Money Plant,sandy,medium,mature,36.7,33.3,57.0,304.9,5.8,37.1,3,1,97.4
Tulsi,clay,medium,seedling,50.9,29.1,41.8,457.0,6.0,26.0,4,0,94.5
Fern,loamy,large,mature,44.5,15.5,94.3363797893046,103.2,3.0,56.8,4,1,73.4
Snake Plant,loamy,large,young,25.7,18.1,49.7,1010.8,8.2,70.6,1,0,99.8
Tulsi,sandy,small,mature,44.7,32.9,57.0,565.7,6.4,22.7,2,0,98.1
Spider Plant,loamy,medium,young,26.0,15.8,70.3,799.2,8.3,9.0,1,0,88.7
Spider Plant,loamy,medium,young,39.8,22.8,38.1,911.6,8.6,57.7,2,0,100.0
Snake Plant,clay,large,seedling,17.5,27.5,47.5,480.8,5.5,30.7,2,1,100.0
Peace Lily,clay,small,mature,83.2,35.0,82.38142586723681,317.2,5.2,48.3,4,0,99.1
Fern,loamy,large,seedling,68.2,36.9,61.21796380294897,255.7,2.3,26.4,4,0,78.8
Jade Plant,sandy,large,seedling,13.9,30.6,91.4,944.4,9.1,38.1,1,0,74.0
Monstera,sandy,small,seedling,59.1,31.9,64.12163484217363,511.2,5.1,15.4,5,0,91.1
Areca Palm,sandy,small,seedling,64.7,34.6,56.6,543.2,7.0,69.7,3,0,94.9
Peace Lily,loamy,small,mature,77.5,27.5,87.4,352.2,4.8,26.0,5,0,97.2
Aloe Vera,sandy,small,young,12.1,15.6,63.8,931.0,9.2,44.1,1,0,85.9
Monstera,clay,large,mature,60.6,26.0,62.58127495189336,492.7,5.9,32.4,5,0,100.0
Peace Lily,sandy,large,mature,49.5,28.5,91.87492948314106,124.8,2.2,11.0,5,1,96.6
Peace Lily,loamy,small,young,55.8,36.8,68.77118581436997,465.3,4.5,9.0,3,0,88.0
Fern,sandy,large,mature,47.2,18.9,90.9,401.3,5.6,66.5,5,1,80.4
Money Plant,sandy,small,mature,40.2,32.7,43.5,491.7,5.2,35.9,4,0,100.0
Monstera,loamy,medium,young,59.5,20.6,81.5,187.9,2.2,34.9,4,0,97.0
Jade Plant,sandy,medium,mature,12.6,22.3,94.2,1056.4,7.6,37.1,1,0,81.1
Aloe Vera,clay,small,young,5.4,25.3,34.9,1118.5,9.8,30.1,1,1,100.0
Tulsi,clay,large,mature,54.1,22.2,78.4,563.7,5.4,35.8,4,0,95.9
Spider Plant,loamy,medium,seedling,14.6,19.9,49.7,552.9,7.0,48.4,2,1,82.9
Money Plant,sandy,medium,seedling,62.5,35.3,75.9,315.3,4.1,40.5,3,0,78.6
Monstera,sandy,medium,mature,75.9,25.4,83.81395240416012,295.0,2.5,28.4,5,0,100.0
Peace Lily,loamy,medium,seedling,63.1,19.6,61.36198881861771,541.2,4.9,37.4,3,0,96.5
Fern,sandy,medium,mature,67.0,22.3,80.78036294708454,452.9,4.0,35.3,4,0,100.0
Areca Palm,sandy,medium,young,55.1,30.5,93.6,488.8,6.6,43.0,4,0,97.7
Jade Plant,loamy,small,mature,19.1,16.2,58.6,1064.8,8.9,27.4,1,0,93.2
Aloe Vera,sandy,large,mature,12.6,17.5,26.3,507.2,6.6,29.5,1,0,92.7
Areca Palm,loamy,large,seedling,54.7,31.2,61.3,413.0,5.4,68.9,4,0,89.6
Fern,clay,large,young,71.7,30.5,85.7,291.5,3.9,20.1,5,0,98.0
Monstera,clay,large,seedling,64.0,30.9,92.67951311697803,382.0,5.2,8.8,5,0,91.8
Spider Plant,clay,medium,seedling,42.0,21.7,45.1,993.6,8.6,53.8,2,0,97.1
Fern,clay,large,mature,73.5,21.2,68.48603134436004,459.3,4.7,45.9,3,0,95.5
Spider Plant,clay,large,young,13.7,17.3,79.0,580.5,6.0,63.2,1,1,74.8
Aloe Vera,clay,medium,young,6.1,29.9,88.6,921.1,8.3,52.1,1,1,74.4
Tulsi,clay,small,seedling,52.5,37.9,52.8,577.8,6.9,63.1,4,0,75.1
Jade Plant,loamy,small,young,17.6,21.5,94.2,1163.1,8.0,61.3,1,0,84.7
Aloe Vera,sandy,medium,seedling,25.0,31.8,70.4,401.1,6.1,21.2,1,0,76.7
Aloe Vera,sandy,large,mature,19.7,35.6,82.9,500.8,6.3,13.3,1,1,71.4
Peace Lily,sandy,small,young,51.4,23.8,70.56810438920651,303.4,4.9,47.1,4,1,100.0
Money Plant,loamy,small,young,52.3,22.1,53.4,507.1,6.3,46.0,4,0,100.0
Peace Lily,loamy,small,seedling,59.9,37.0,73.07686946954277,573.8,4.8,54.5,5,0,83.0
Aloe Vera,sandy,large,mature,16.0,35.1,30.7,646.9,8.8,40.6,1,1,85.6
Fern,loamy,small,mature,78.8,27.3,64.06840077646325,216.6,2.8,6.5,4,0,100.0
Money Plant,clay,small,mature,56.3,24.6,64.5,517.0,6.4,28.5,4,0,100.0
Aloe Vera,loamy,small,seedling,17.0,24.7,74.0,568.3,6.2,71.0,1,0,84.7
Monstera,clay,small,seedling,68.5,32.6,93.5,434.6,5.6,66.0,4,0,88.8
Snake Plant,loamy,large,mature,19.1,18.1,85.2,518.4,6.6,16.0,2,1,95.0
Money Plant,clay,medium,mature,49.6,31.5,54.7,403.8,4.7,19.8,2,0,100.0
Snake Plant,sandy,large,young,50.4,29.1,90.5,330.3,5.0,2.4,1,0,100.0
Money Plant,sandy,large,seedling,42.7,24.3,41.4,598.0,4.4,16.9,2,0,100.0
Jade Plant,clay,large,mature,11.2,32.8,82.3,1191.4,9.5,37.5,1,0,84.1
Monstera,sandy,large,mature,67.3,35.2,88.8,168.9,2.2,46.3,4,0,88.8
Fern,clay,large,young,51.1,24.4,76.5731587144277,390.2,5.4,50.9,5,1,88.1
Money Plant,loamy,medium,young,43.1,27.8,34.4,323.7,5.0,32.4,2,0,98.7
Fern,loamy,small,seedling,66.7,21.2,72.2,517.3,5.0,40.2,3,0,99.8
Peace Lily,clay,small,seedling,48.7,36.6,92.3,511.1,4.8,28.6,4,1,77.4
Peace Lily,clay,medium,young,53.9,27.3,90.89841833267141,260.6,3.9,52.0,5,1,87.6
Peace Lily,sandy,medium,young,50.0,24.5,64.4,475.2,4.2,51.8,3,1,83.0
Aloe Vera,clay,small,young,19.5,28.1,42.2,802.5,9.8,55.0,1,0,99.9
Areca Palm,clay,small,mature,61.2,33.3,36.8,566.8,4.6,71.3,3,0,100.0
Fern,sandy,small,mature,47.2,16.1,68.10016872271059,302.7,4.8,36.4,5,1,88.7
Jade Plant,loamy,large,mature,5.4,36.0,71.1,846.8,8.1,1.2,1,1,77.2
Fern,clay,small,mature,76.7,33.7,72.2,129.8,2.4,13.8,3,0,100.0
Peace Lily,clay,medium,seedling,66.2,23.6,67.90500384195978,554.4,4.7,47.1,5,0,100.0
Money Plant,sandy,medium,young,58.1,23.7,58.3,450.0,4.5,31.2,4,0,100.0
Jade Plant,sandy,large,seedling,21.8,20.3,88.1,762.7,8.3,66.5,1,0,86.8
Monstera,loamy,large,mature,56.4,15.8,90.0,513.8,5.0,28.7,3,0,85.8
Tulsi,loamy,small,mature,67.4,34.2,52.2,521.9,5.2,56.9,3,0,100.0
Snake Plant,loamy,large,young,46.8,16.2,55.6,968.3,7.0,42.9,2,0,94.7
Peace Lily,sandy,large,young,51.3,33.0,92.9399995739754,235.9,3.7,47.6,5,1,95.9
Jade Plant,clay,small,mature,15.4,16.7,43.8,692.6,9.1,28.1,1,0,88.6
Snake Plant,sandy,medium,young,17.5,23.3,43.9,467.1,6.2,36.9,1,1,96.0
Snake Plant,clay,large,seedling,49.4,28.7,79.9,416.3,5.5,6.1,1,0,100.0
Aloe Vera,loamy,large,seedling,12.6,30.8,36.9,687.6,7.1,12.0,1,0,87.8
Monstera,clay,small,young,70.0,20.8,81.58340772125266,127.1,3.8,0.5,5,0,99.0
Jade Plant,clay,medium,young,30.1,22.7,82.1,681.7,9.9,23.1,1,0,89.5
Aloe Vera,clay,medium,seedling,12.5,37.2,92.8,894.6,8.8,41.5,1,1,62.4
Spider Plant,clay,medium,young,36.6,17.6,64.5,930.1,7.4,68.6,1,0,89.6
Aloe Vera,clay,medium,mature,28.2,16.6,84.3,683.5,8.7,21.8,1,0,72.5
Tulsi,loamy,medium,young,51.0,16.7,94.3,577.0,5.6,62.6,3,0,89.2
Money Plant,clay,large,mature,38.3,28.7,89.0,406.5,6.0,46.6,2,1,95.4
Spider Plant,clay,medium,seedling,33.8,15.2,43.1,417.3,6.2,55.6,1,0,80.9
Fern,sandy,medium,seedling,80.1,26.1,64.06242682856411,342.5,5.8,22.5,3,0,99.6
Aloe Vera,loamy,medium,young,23.0,26.0,55.7,780.2,7.3,58.3,1,0,96.2
Peace Lily,loamy,small,mature,70.5,33.4,90.1,212.0,2.6,69.0,5,0,97.3
Spider Plant,loamy,small,seedling,16.1,29.7,55.2,428.9,6.2,0.3,1,1,87.1
Monstera,loamy,small,mature,50.4,17.3,86.0,234.1,2.5,35.2,4,1,94.7
Peace Lily,loamy,medium,mature,58.0,24.0,81.60769377677488,511.8,5.3,21.4,4,0,100.0
Snake Plant,loamy,small,young,21.7,17.7,46.4,425.5,6.6,9.9,1,0,88.8
Tulsi,clay,large,mature,74.7,30.9,70.2,386.7,4.5,13.5,4,0,100.0
Jade Plant,sandy,medium,seedling,14.3,26.1,38.7,991.8,8.2,29.5,1,0,99.9
Areca Palm,clay,small,seedling,43.4,28.0,80.7,461.3,4.8,12.1,2,0,99.6
Areca Palm,loamy,large,seedling,54.5,28.2,43.8,527.0,5.6,54.7,3,0,99.4
Aloe Vera,clay,small,mature,13.0,34.1,77.6,869.8,10.0,25.1,1,1,88.2
Areca Palm,sandy,small,seedling,45.0,33.6,66.2,428.5,5.8,44.4,4,0,92.8
Aloe Vera,sandy,large,young,7.6,27.2,66.8,775.6,9.9,41.2,1,1,100.0
Fern,loamy,small,seedling,80.7,37.1,90.34666566518224,273.2,2.5,18.0,4,0,82.1
Aloe Vera,loamy,medium,young,21.0,18.3,69.3,645.3,7.5,57.2,1,0,100.0
Spider Plant,loamy,large,young,31.0,31.0,86.4,300.7,5.6,55.7,2,0,100.0
Areca Palm,loamy,large,mature,55.0,23.2,29.4,547.5,6.9,35.6,2,0,98.2
Monstera,clay,large,mature,75.1,18.0,86.67889078478757,225.2,2.2,60.2,5,0,95.2
Tulsi,clay,medium,seedling,72.9,37.8,54.9,390.6,6.6,63.0,2,0,83.8
Snake Plant,loamy,medium,young,38.4,16.9,71.5,391.7,6.0,50.4,1,0,87.3
Snake Plant,loamy,small,seedling,35.2,19.9,30.5,508.7,4.0,58.8,2,0,100.0
Spider Plant,loamy,small,young,42.9,16.6,51.8,410.3,4.5,21.5,1,0,88.8
Tulsi,loamy,large,seedling,57.6,16.6,64.4,516.7,5.3,45.2,2,0,76.5
Spider Plant,loamy,large,young,16.2,34.8,31.1,415.2,6.9,69.4,1,1,83.1
Tulsi,sandy,medium,mature,58.9,16.9,63.7,582.4,4.9,1.9,4,0,93.5
Monstera,sandy,large,mature,55.2,26.7,87.43305598517462,371.8,5.2,27.8,3,0,97.4
Jade Plant,sandy,large,seedling,7.4,37.7,90.4,941.0,9.4,26.3,1,1,66.8
Areca Palm,sandy,small,mature,34.7,16.6,43.4,419.4,6.8,20.6,2,1,92.1
Spider Plant,clay,large,young,38.1,16.9,62.6,323.7,4.4,66.3,2,0,94.7
Tulsi,loamy,medium,young,58.4,28.5,78.4,509.6,4.2,52.6,4,0,100.0
Money Plant,sandy,small,young,36.4,17.7,67.9,522.2,6.2,8.6,4,1,92.1
Money Plant,sandy,medium,young,59.1,27.0,79.8,524.9,5.1,62.9,2,0,100.0
Snake Plant,sandy,medium,young,43.2,21.3,29.5,453.2,6.5,4.0,1,0,100.0
Tulsi,clay,small,young,61.9,32.8,87.6,452.6,4.7,3.2,2,0,100.0
Aloe Vera,sandy,medium,young,28.0,23.8,35.5,931.7,9.4,65.8,1,0,100.0
Spider Plant,sandy,medium,seedling,22.2,24.6,75.4,335.8,6.9,48.5,1,0,95.5
Aloe Vera,loamy,small,young,11.1,16.6,57.6,796.4,9.4,39.8,1,0,85.1
Aloe Vera,clay,large,young,14.7,32.0,42.0,1198.7,9.9,55.9,1,0,100.0
Fern,sandy,small,seedling,66.7,36.4,89.38509024136609,585.3,5.5,0.1,5,0,81.6
Monstera,sandy,small,mature,77.6,37.6,84.9078366145036,284.3,2.4,64.6,3,0,90.2
Peace Lily,clay,large,seedling,68.8,28.4,62.61906695154571,430.5,4.3,69.4,4,0,97.4
Monstera,clay,medium,mature,61.8,34.1,62.61406025308679,256.0,2.8,42.1,3,0,96.6
Tulsi,clay,medium,young,71.7,24.3,62.5,439.0,5.4,61.4,2,0,95.9
Monstera,loamy,large,mature,58.0,15.9,84.8905089399789,418.9,5.9,3.5,3,0,88.0
Tulsi,sandy,medium,young,38.7,27.8,63.5,341.9,6.4,0.9,2,1,100.0
Aloe Vera,sandy,small,young,19.1,23.6,69.1,755.3,8.3,58.5,1,0,95.2
Snake Plant,sandy,large,young,48.7,33.6,31.4,582.7,4.6,3.6,2,0,100.0
Spider Plant,loamy,medium,young,20.3,15.7,72.8,765.0,8.5,32.1,1,0,86.5
Jade Plant,loamy,large,seedling,30.4,29.9,59.9,652.6,7.9,27.6,1,0,89.2
Fern,sandy,large,mature,73.8,33.3,94.3,403.2,5.1,40.7,4,0,98.2
Monstera,sandy,small,young,72.5,28.7,62.05069305973415,458.8,6.0,55.2,4,0,100.0
Tulsi,sandy,small,mature,65.2,20.5,62.4,598.9,4.2,15.8,4,0,100.0
Spider Plant,clay,small,seedling,42.7,20.4,47.3,616.9,8.6,50.4,2,0,100.0
Jade Plant,sandy,large,seedling,33.9,34.2,81.7,705.3,8.2,2.7,1,1,70.6
Jade Plant,sandy,small,mature,22.3,26.0,48.2,804.5,9.2,12.8,1,0,100.0
Peace Lily,sandy,small,seedling,69.9,28.5,90.12343133070428,412.1,5.8,67.8,5,0,99.0
Snake Plant,clay,medium,young,50.9,18.1,36.0,704.5,7.2,69.7,2,0,100.0
Jade Plant,clay,small,mature,12.3,28.5,37.3,676.4,8.8,52.5,1,0,100.0
Jade Plant,clay,large,seedling,29.1,19.2,47.3,983.8,8.4,7.5,1,0,100.0
Peace Lily,loamy,small,seedling,69.0,23.0,88.75816318999084,518.8,4.7,24.2,3,0,95.1
Aloe Vera,sandy,large,seedling,24.8,23.1,80.1,431.5,6.2,30.2,1,0,81.7
Spider Plant,clay,medium,young,32.4,27.6,32.1,322.1,4.8,60.9,1,0,97.9
Peace Lily,clay,small,seedling,49.9,22.9,87.2,327.9,5.6,42.8,3,1,100.0
Areca Palm,loamy,small,young,66.4,36.7,36.5,399.3,4.2,70.2,2,0,89.1
Fern,loamy,large,mature,54.3,21.1,73.75157751151878,447.3,4.2,3.9,3,1,95.0
Snake Plant,clay,large,mature,15.2,28.8,39.0,1186.2,7.2,34.1,1,1,96.2
Spider Plant,clay,medium,mature,29.5,21.1,69.9,821.6,8.4,32.1,2,0,97.6
Areca Palm,clay,small,young,61.5,28.0,35.6,403.1,4.3,39.0,2,0,100.0
Jade Plant,sandy,large,seedling,15.5,34.3,82.3,1120.1,8.1,34.2,1,1,78.8
Areca Palm,clay,small,young,53.5,35.8,75.0,503.3,6.4,44.7,4,0,86.2
Areca Palm,sandy,small,seedling,47.9,33.6,33.8,599.2,5.3,45.2,4,0,93.3
Monstera,clay,large,seedling,65.9,17.0,78.18908621397243,303.7,5.7,50.4,4,0,80.9
Spider Plant,sandy,medium,seedling,44.8,18.4,66.2,937.6,8.6,7.3,1,0,87.9
Fern,clay,medium,young,67.9,23.8,66.02699048548561,223.6,3.6,49.0,3,0,99.0
Spider Plant,clay,large,seedling,25.2,16.1,58.3,545.2,4.1,21.8,2,0,77.8
Areca Palm,loamy,large,seedling,46.2,37.4,41.0,547.7,5.3,19.4,4,0,79.2
Snake Plant,sandy,medium,seedling,33.5,36.0,53.5,909.2,8.1,11.4,2,1,78.1
Fern,clay,small,mature,50.3,35.2,89.29418371630433,191.3,3.0,66.1,3,1,77.0
Monstera,clay,medium,mature,70.4,24.1,89.6,353.3,4.4,62.7,3,0,100.0
Peace Lily,clay,small,young,55.8,32.2,73.2,533.9,5.4,15.4,4,0,97.2
Aloe Vera,loamy,small,young,28.9,30.0,60.9,1009.3,9.9,34.1,1,0,96.3
Tulsi,loamy,small,seedling,45.6,20.8,81.4,427.1,5.9,27.1,4,0,98.5
Monstera,sandy,medium,young,56.4,30.6,82.7,589.9,6.0,60.4,3,0,100.0
Jade Plant,loamy,medium,young,14.1,30.7,58.7,795.1,7.1,19.9,1,0,100.0
Monstera,sandy,small,mature,77.1,32.6,88.0,128.0,3.3,1.8,5,0,100.0
Monstera,clay,medium,young,71.8,23.9,88.56051453685038,242.7,3.4,49.4,5,0,100.0
Areca Palm,loamy,medium,mature,60.8,21.9,36.9,329.3,4.5,9.2,4,0,97.6
Fern,sandy,large,young,51.4,30.1,74.71653988646838,411.5,5.5,42.2,4,1,99.6
Snake Plant,clay,small,mature,16.9,28.4,91.1,560.2,6.5,27.5,1,1,98.0
Money Plant,sandy,small,seedling,69.5,22.9,94.1,558.7,4.4,13.0,3,0,95.8
Peace Lily,loamy,small,young,52.6,29.6,80.16976205078461,257.0,2.6,56.1,3,1,81.3
Spider Plant,loamy,medium,young,12.0,24.9,58.4,1170.0,7.7,64.2,1,1,87.6
Fern,sandy,small,mature,52.1,15.1,76.4,200.7,2.4,22.0,4,1,85.7
Money Plant,clay,medium,young,46.6,31.7,66.7,402.8,7.0,64.9,4,0,98.6
Aloe Vera,sandy,medium,seedling,8.0,20.3,75.9,953.8,8.9,12.2,1,1,83.7
Money Plant,clay,large,young,58.7,32.7,68.6,496.1,6.0,1.4,2,0,100.0
Spider Plant,clay,medium,seedling,19.7,27.6,58.2,498.5,5.5,47.7,1,1,97.7
Jade Plant,loamy,small,young,26.1,34.1,32.3,334.2,6.5,7.7,1,1,97.0
Aloe Vera,clay,large,seedling,8.6,23.2,53.7,1146.2,8.2,49.6,1,1,84.8
Aloe Vera,sandy,small,mature,17.2,17.0,32.7,1169.7,8.0,56.1,1,0,85.8
Snake Plant,clay,large,seedling,25.5,25.5,93.4,352.4,4.5,2.8,1,0,97.9
Peace Lily,clay,large,seedling,46.1,17.2,83.21742596217953,171.5,2.7,31.5,3,1,81.2
Snake Plant,clay,medium,seedling,32.4,17.6,53.0,886.9,7.4,30.4,2,0,83.9
Tulsi,sandy,small,mature,63.6,31.7,93.7,477.2,5.2,57.8,2,0,100.0
Tulsi,loamy,medium,young,66.9,29.1,85.4,339.2,6.9,66.3,4,0,96.1
Spider Plant,clay,small,seedling,42.3,21.0,47.0,1001.9,8.9,24.4,1,0,100.0
Jade Plant,sandy,medium,mature,20.4,31.7,58.7,689.2,8.6,59.5,1,0,100.0
Jade Plant,sandy,small,mature,14.2,36.5,60.4,699.2,8.0,54.1,1,1,73.2
Peace Lily,clay,small,mature,60.9,20.1,70.0,214.6,3.8,6.3,3,0,100.0
Peace Lily,sandy,medium,mature,56.3,30.0,79.21845763926163,537.5,5.3,69.3,5,0,100.0
Fern,loamy,small,mature,56.2,30.4,91.5,399.6,5.4,55.3,3,0,100.0
Peace Lily,loamy,medium,seedling,43.2,17.2,89.04593599720404,387.6,5.9,37.6,4,1,82.0
Money Plant,sandy,medium,seedling,46.3,33.9,77.0,356.3,5.8,67.0,3,0,88.9
Areca Palm,sandy,large,young,70.1,17.5,54.0,531.6,5.8,32.4,4,0,91.6
Fern,sandy,medium,seedling,81.5,27.2,76.90261872375743,576.3,4.0,12.8,5,0,100.0
Tulsi,sandy,medium,mature,51.4,28.8,86.8,482.7,5.3,49.9,3,0,97.5
Spider Plant,clay,medium,young,38.4,33.5,34.7,928.7,8.2,22.6,2,1,100.0
Fern,loamy,small,seedling,71.7,19.8,75.0,592.6,4.8,12.8,5,0,100.0
Peace Lily,loamy,small,young,81.5,27.9,74.61172765939327,552.4,5.0,20.6,5,0,100.0
Money Plant,loamy,small,seedling,36.0,23.8,28.7,348.3,6.3,20.6,3,1,97.5
Money Plant,loamy,medium,seedling,65.5,32.3,27.3,502.7,5.8,40.5,2,0,87.2
Fern,clay,small,mature,54.5,33.0,80.9,183.3,3.5,56.7,5,1,86.9
Fern,sandy,small,mature,72.0,20.8,89.04942186843006,511.4,5.6,46.6,4,0,100.0
Fern,loamy,large,seedling,54.7,32.9,94.42086632470085,292.5,2.3,52.9,3,1,71.2
Money Plant,clay,medium,mature,68.5,21.1,36.3,512.9,5.0,11.1,2,0,96.5
Peace Lily,loamy,small,mature,62.4,29.2,79.25560629019883,241.5,2.3,37.8,5,0,100.0
Fern,sandy,large,seedling,47.4,24.6,90.9188858603491,399.3,4.7,21.1,3,1,100.0
Jade Plant,loamy,medium,mature,2.0,33.9,93.7,867.4,8.7,65.1,1,1,71.1
Jade Plant,sandy,small,mature,24.2,35.4,51.7,377.0,6.5,52.1,1,1,70.2
Fern,clay,large,mature,79.3,25.2,71.2109465001994,119.2,2.3,70.0,3,0,100.0
Fern,sandy,large,seedling,50.5,19.8,74.84733081793992,207.6,2.4,50.6,5,1,89.8
Spider Plant,loamy,small,mature,40.2,30.8,26.7,316.3,4.4,57.2,1,0,100.0
Jade Plant,sandy,medium,young,15.1,23.9,69.1,502.0,6.1,38.5,1,0,100.0
Jade Plant,sandy,large,mature,12.8,16.0,84.4,773.9,8.0,49.4,1,0,76.1
Monstera,clay,medium,young,50.1,33.9,64.77335111153414,259.5,3.6,39.3,3,1,100.0
Tulsi,clay,large,mature,34.5,29.9,92.0,312.5,4.4,41.2,4,1,98.9
Fern,sandy,medium,seedling,57.8,32.2,91.69698106205168,342.7,5.4,13.2,4,0,91.2
Monstera,sandy,small,seedling,46.7,30.4,76.14428212913579,387.2,4.2,4.9,5,1,86.0
Jade Plant,clay,medium,young,7.3,17.9,70.9,1140.1,8.5,22.9,1,1,74.5
Jade Plant,loamy,medium,mature,15.9,28.4,64.6,857.0,7.3,0.3,1,0,97.5
Aloe Vera,loamy,large,mature,7.7,25.0,83.8,1126.7,8.9,33.3,1,1,83.6
Monstera,clay,large,seedling,77.6,19.0,91.19539636262977,246.7,2.8,45.1,3,0,100.0
Money Plant,loamy,large,seedling,64.2,33.7,65.5,465.5,6.7,39.1,2,0,95.0
Areca Palm,loamy,small,young,58.2,24.0,87.4,450.3,4.4,6.5,3,0,98.6
Money Plant,loamy,small,mature,37.8,30.7,78.0,584.6,4.5,47.5,2,1,100.0
Areca Palm,clay,small,seedling,43.2,32.5,41.2,362.0,4.1,65.4,2,0,88.6
Areca Palm,clay,small,seedling,61.2,37.6,47.7,382.0,5.9,53.4,4,0,80.8
Jade Plant,sandy,medium,mature,26.7,23.7,66.1,375.5,6.3,70.0,1,0,97.2
Spider Plant,clay,medium,young,14.2,33.2,87.1,369.0,6.2,37.0,1,1,97.8
Tulsi,sandy,small,young,58.3,28.8,82.2,516.1,6.4,34.7,3,0,99.8
Aloe Vera,loamy,small,mature,3.6,34.2,26.6,696.7,8.3,45.3,1,1,95.4
Jade Plant,sandy,small,seedling,33.6,20.9,37.6,938.2,8.4,1.3,1,0,100.0
Monstera,sandy,small,young,59.0,29.0,89.06272511464982,538.4,4.4,59.1,3,0,96.8
Fern,clay,small,mature,68.3,30.8,89.6,121.7,3.5,14.6,3,0,100.0
Fern,loamy,medium,seedling,80.6,28.9,61.36627972663449,451.0,5.1,8.5,5,0,99.8
Tulsi,loamy,large,seedling,59.0,35.6,79.2,562.4,5.3,50.2,4,0,79.3
Areca Palm,clay,medium,mature,67.5,33.5,88.6,340.2,4.3,34.4,4,0,97.3
Snake Plant,clay,large,mature,43.4,24.4,38.2,335.3,6.9,0.5,1,0,100.0
Peace Lily,clay,medium,seedling,53.7,18.6,74.82465416016771,155.1,3.5,49.0,5,1,77.5
Spider Plant,loamy,large,young,33.2,19.1,64.1,532.3,6.9,28.7,2,0,96.4
Snake Plant,loamy,small,young,16.4,33.0,91.4,1080.5,7.9,44.2,2,1,100.0
Money Plant,sandy,medium,mature,39.6,15.1,31.4,319.2,5.3,16.0,4,1,85.8
Money Plant,loamy,medium,young,62.8,29.1,61.5,532.1,4.2,12.6,4,0,99.9
Money Plant,sandy,large,mature,56.1,21.6,27.4,484.6,6.1,48.5,4,0,98.6
Money Plant,sandy,small,young,46.2,32.9,49.7,304.6,4.6,50.7,4,0,100.0
Fern,clay,large,mature,82.8,36.0,67.9203429536724,436.4,5.9,29.1,4,0,85.0
Tulsi,clay,large,seedling,47.1,27.8,60.2,587.0,6.4,63.1,2,0,100.0
Jade Plant,clay,large,young,27.3,37.2,64.4,1176.7,9.0,33.0,1,1,89.6
Jade Plant,sandy,medium,seedling,24.3,20.9,51.8,510.4,6.9,57.6,1,0,99.1
Peace Lily,loamy,large,seedling,53.8,31.1,83.57942708736348,322.8,5.3,67.1,4,1,74.8
Peace Lily,sandy,large,young,78.4,19.2,77.4649769127289,247.1,2.8,62.8,3,0,97.1
Aloe Vera,sandy,large,young,30.0,18.6,32.5,998.1,8.7,44.2,1,0,100.0
Fern,sandy,medium,young,79.5,29.3,90.40690924685937,296.9,4.0,66.0,5,0,97.8
Aloe Vera,loamy,small,seedling,29.5,27.1,54.6,404.2,6.1,61.9,1,0,100.0
Areca Palm,sandy,large,mature,33.9,25.6,73.2,330.2,5.1,26.0,2,1,100.0
Tulsi,loamy,medium,seedling,46.2,21.2,92.1,363.2,5.5,50.5,2,0,98.7
Spider Plant,clay,medium,seedling,41.2,28.1,93.5,1082.5,7.6,40.0,1,0,100.0
Aloe Vera,sandy,large,seedling,14.9,25.9,25.7,568.0,6.5,45.4,1,0,100.0
Peace Lily,clay,medium,young,59.1,27.9,65.716965810219,150.9,2.9,60.4,5,0,96.0
Peace Lily,clay,medium,young,54.0,27.9,90.2,235.9,3.4,43.6,3,1,100.0
Fern,sandy,medium,young,72.6,22.5,91.13713571983772,157.3,3.5,45.5,4,0,96.4
Tulsi,loamy,medium,young,67.8,29.5,65.0,403.1,4.2,22.6,2,0,100.0
Monstera,loamy,large,young,79.0,21.2,86.17634244667137,435.1,4.1,12.0,4,0,100.0
Tulsi,loamy,small,mature,64.7,20.8,77.1,330.9,4.5,4.6,2,0,100.0
Fern,sandy,small,young,47.2,27.1,94.7,565.6,4.6,22.3,5,1,97.5
Monstera,clay,large,seedling,45.3,18.0,83.7,559.3,5.7,33.6,5,1,93.7
Monstera,loamy,medium,seedling,50.5,37.3,75.97901971702771,563.2,5.0,31.3,5,1,81.4
Fern,clay,medium,young,61.5,27.4,81.3,102.1,2.6,37.7,4,0,100.0
Tulsi,clay,medium,young,53.0,27.3,73.1,529.8,4.9,57.5,3,0,100.0
Money Plant,loamy,medium,seedling,47.8,24.5,64.2,493.8,6.1,59.6,2,0,97.2
Snake Plant,clay,large,seedling,38.1,26.9,81.0,522.9,5.4,58.2,2,0,99.1
Snake Plant,sandy,small,young,32.8,17.5,56.9,305.8,4.9,3.6,2,0,90.3
Tulsi,sandy,medium,young,33.5,17.9,55.7,448.1,4.5,24.6,2,1,88.1
Areca Palm,clay,medium,mature,68.6,33.2,48.1,532.7,4.2,5.1,2,0,99.7
Aloe Vera,clay,medium,seedling,10.9,17.8,78.8,865.8,9.1,53.1,1,0,60.3
Areca Palm,loamy,small,mature,47.4,30.3,39.6,347.6,6.8,52.4,3,0,100.0
Fern,loamy,small,young,56.7,26.1,90.228018301236,122.6,2.9,45.6,3,0,98.2
Tulsi,clay,large,seedling,72.7,24.1,42.0,442.6,6.4,42.9,4,0,98.7
Snake Plant,sandy,small,young,47.7,17.1,68.3,493.4,4.3,50.5,1,0,92.9
Tulsi,clay,small,young,64.3,37.6,80.2,306.4,6.2,27.2,3,0,92.2
Monstera,sandy,medium,mature,70.4,25.1,79.83456068882298,397.1,4.2,33.7,3,0,100.0
Jade Plant,loamy,small,seedling,26.2,27.2,56.5,872.4,8.2,55.9,1,0,100.0
Tulsi,sandy,large,young,63.0,32.8,41.7,545.7,6.9,13.7,4,0,100.0
Fern,sandy,large,young,48.6,22.4,83.06118605534579,287.6,2.2,12.9,5,1,95.3
Snake Plant,clay,small,seedling,29.9,15.7,69.9,510.4,6.6,18.4,2,0,78.7
Jade Plant,loamy,small,seedling,16.3,36.4,39.6,648.0,9.6,57.7,1,1,60.6
Fern,loamy,medium,young,66.3,33.3,61.422860329602,160.8,2.3,68.0,5,0,100.0
Snake Plant,sandy,large,seedling,33.6,27.2,38.3,584.3,6.9,40.2,1,0,100.0
Snake Plant,loamy,large,young,30.9,30.5,74.2,354.1,4.8,28.9,1,0,98.4
Tulsi,loamy,large,young,55.2,36.5,88.2,423.7,6.5,45.6,3,0,93.3
Peace Lily,loamy,small,mature,65.3,27.5,68.89311945140585,434.2,5.8,28.6,5,0,100.0
Monstera,loamy,small,mature,41.2,18.1,87.3,254.3,3.3,67.9,3,1,88.2
Fern,loamy,large,mature,45.8,36.3,65.46374872210835,277.9,3.1,18.0,4,1,87.6
Monstera,sandy,large,young,45.1,28.1,87.7516468009998,265.1,2.7,49.7,4,1,85.8
Snake Plant,loamy,large,young,27.7,15.9,81.6,800.6,8.6,63.3,1,0,89.3
Snake Plant,sandy,large,mature,39.0,34.5,90.0,457.3,4.3,23.0,2,1,100.0
Peace Lily,loamy,large,seedling,83.7,18.5,86.34940710536857,327.0,4.3,31.1,4,0,92.9
Tulsi,sandy,medium,seedling,52.7,25.9,77.2,450.5,4.3,55.7,3,0,96.3
Tulsi,clay,large,seedling,42.4,26.2,70.7,457.3,7.0,17.4,4,0,97.7
Spider Plant,clay,large,mature,30.8,17.1,72.0,403.4,5.0,47.2,2,0,92.7
Tulsi,clay,large,young,70.7,29.3,55.8,412.1,4.6,54.6,2,0,100.0
Snake Plant,loamy,small,seedling,49.3,36.8,89.9,508.1,4.1,8.0,2,0,79.5
Money Plant,clay,small,mature,53.4,27.4,39.3,486.9,5.6,71.4,3,0,100.0
Money Plant,clay,large,mature,37.3,27.1,42.9,485.4,6.4,3.8,2,1,100.0
Money Plant,sandy,medium,mature,57.9,21.2,84.6,560.2,4.1,46.8,2,0,97.3
Spider Plant,loamy,large,seedling,37.6,35.8,58.9,450.2,4.9,33.0,1,1,84.3
Money Plant,sandy,small,mature,60.7,22.0,59.3,405.6,5.0,45.0,2,0,97.4
Fern,clay,small,mature,84.1,20.9,93.04478443729042,367.7,5.8,24.6,3,0,98.9
Tulsi,sandy,large,young,69.2,27.0,72.5,372.1,4.7,11.0,4,0,100.0
Jade Plant,clay,medium,mature,22.1,18.0,70.7,721.4,8.7,9.9,1,0,86.9
Fern,sandy,medium,seedling,49.6,30.1,79.50691043327491,335.5,5.8,22.9,3,1,93.8
Money Plant,clay,medium,young,66.2,22.0,77.2,382.1,6.8,56.1,4,0,96.1
Tulsi,sandy,large,mature,43.9,21.1,64.7,307.8,4.7,5.7,2,0,100.0
Tulsi,loamy,large,young,68.4,31.4,51.2,349.1,5.4,16.3,3,0,99.1
Money Plant,clay,medium,seedling,64.4,32.1,94.2,586.4,4.5,31.6,2,0,91.2
Peace Lily,clay,small,young,72.9,24.3,85.20703197234431,287.8,3.6,41.2,4,0,100.0
Money Plant,loamy,small,young,66.9,25.5,86.4,418.7,5.6,52.9,2,0,100.0
Fern,loamy,small,seedling,56.9,21.7,76.1471507387387,222.6,3.7,3.9,4,0,100.0
Tulsi,clay,large,young,42.0,17.1,60.0,508.8,6.8,9.7,4,0,89.1
Areca Palm,sandy,small,young,38.9,28.6,74.9,397.2,4.3,46.7,3,1,100.0
Tulsi,loamy,large,seedling,58.1,17.1,74.4,415.2,5.6,57.0,2,0,80.1
Tulsi,clay,large,young,48.2,16.0,37.0,348.6,6.6,10.4,4,0,92.7
Money Plant,clay,medium,young,46.1,31.8,92.3,339.5,4.4,14.6,2,0,100.0
Monstera,sandy,medium,young,43.0,34.7,68.32574239068168,442.7,4.4,29.5,4,1,95.8
Jade Plant,sandy,small,mature,29.2,21.4,69.0,355.5,6.8,4.0,1,0,98.5
Tulsi,sandy,large,mature,71.1,34.3,45.9,598.1,4.3,11.6,2,0,97.8
Jade Plant,loamy,large,seedling,14.9,37.2,77.5,530.6,6.1,23.2,1,1,69.0
Snake Plant,clay,large,seedling,42.4,21.7,34.4,424.1,5.6,15.1,2,0,97.1
Money Plant,sandy,large,mature,34.2,37.5,62.0,580.2,6.1,71.0,4,1,72.9
Jade Plant,clay,medium,mature,31.2,28.2,68.6,897.8,8.5,52.5,1,0,100.0
Tulsi,loamy,small,mature,36.1,21.7,38.5,335.4,5.9,61.1,3,1,88.0
Spider Plant,clay,small,young,23.3,23.0,81.4,752.7,7.5,4.9,1,0,98.0
Fern,clay,small,seedling,71.8,30.8,93.60394888385466,358.2,5.3,60.0,5,0,94.2
Areca Palm,clay,small,mature,51.3,18.1,35.9,438.7,6.7,58.6,4,0,100.0
Money Plant,loamy,medium,mature,53.1,31.7,47.1,399.5,5.7,66.0,2,0,100.0
Snake Plant,sandy,medium,seedling,33.2,22.8,51.3,416.9,6.9,42.9,1,0,100.0
Monstera,loamy,medium,mature,63.0,15.7,73.00542519105018,390.8,5.3,37.8,3,0,86.8
Peace Lily,sandy,small,seedling,58.6,25.2,65.39272220177507,196.7,3.4,62.9,5,0,98.1
Peace Lily,sandy,small,mature,72.0,30.6,73.56558755024305,334.8,5.5,22.4,4,0,95.4
Jade Plant,sandy,medium,young,23.9,35.5,32.2,613.5,9.0,54.6,1,1,76.4
Aloe Vera,clay,small,seedling,27.8,21.6,62.3,763.6,8.7,11.3,1,0,96.1
Jade Plant,loamy,large,seedling,13.7,19.8,49.5,511.3,6.6,20.4,1,0,97.4
Snake Plant,clay,large,young,15.4,27.4,28.6,316.1,4.5,30.7,1,1,96.8
Jade Plant,loamy,large,mature,12.4,31.1,68.1,1027.7,9.3,48.3,1,0,100.0
Areca Palm,loamy,small,seedling,50.4,33.7,89.4,493.3,4.9,55.2,3,0,89.7
Aloe Vera,sandy,large,young,22.2,36.0,52.4,1073.3,8.7,63.5,1,1,74.5
Money Plant,sandy,medium,seedling,41.3,23.1,57.3,338.2,5.8,7.4,3,0,100.0
Snake Plant,clay,large,mature,33.2,16.6,46.1,373.1,5.2,11.4,2,0,89.8
Snake Plant,clay,small,mature,30.7,28.6,79.9,370.8,6.7,47.7,2,0,95.8
Jade Plant,clay,small,mature,6.9,28.7,47.8,784.8,7.8,29.2,1,1,100.0
Jade Plant,clay,medium,young,9.9,29.8,29.3,474.2,6.6,54.4,1,1,88.1
Tulsi,loamy,small,young,56.8,27.2,52.3,563.2,4.6,21.6,2,0,100.0
Monstera,clay,large,young,68.8,37.8,74.14690956225459,158.8,2.5,26.6,5,0,90.5
Money Plant,sandy,large,mature,67.7,33.9,50.1,510.7,4.7,28.4,2,0,98.2
Spider Plant,clay,medium,young,33.2,27.5,71.4,553.0,6.8,25.9,1,0,99.2
Monstera,loamy,small,seedling,50.2,15.3,83.0274343884418,340.7,5.9,9.9,4,1,83.1
Areca Palm,loamy,large,young,50.7,29.3,56.8,367.7,5.2,30.6,3,0,95.1
Areca Palm,loamy,small,mature,54.8,26.5,53.8,311.4,4.1,34.8,3,0,98.7
Jade Plant,clay,large,seedling,33.7,18.3,76.2,1067.3,9.9,33.5,1,0,70.8
Jade Plant,sandy,small,young,21.3,29.5,71.5,923.5,8.7,41.7,1,0,86.1
Peace Lily,loamy,small,young,66.7,25.4,88.4,539.5,5.8,20.8,4,0,95.4
Jade Plant,loamy,medium,mature,21.5,33.1,43.2,943.7,8.3,47.3,1,1,97.9
Jade Plant,sandy,medium,young,29.0,16.9,60.4,679.5,7.1,20.2,1,0,93.6
Money Plant,loamy,small,mature,37.7,19.0,66.4,352.6,5.1,56.3,3,1,82.4
Tulsi,loamy,small,young,57.0,37.6,92.7,525.8,6.5,29.7,2,0,88.8
Areca Palm,loamy,large,seedling,48.7,19.8,76.4,545.9,4.8,3.8,4,0,99.6
Areca Palm,clay,medium,mature,44.0,36.8,89.6,442.4,6.1,10.5,4,1,93.7
Money Plant,clay,medium,young,61.6,30.6,92.3,459.4,4.3,25.5,2,0,100.0
Jade Plant,loamy,medium,young,10.2,21.2,81.2,876.7,8.3,48.6,1,0,82.4
Jade Plant,sandy,large,young,14.1,30.6,94.5,302.5,6.0,4.9,1,0,84.1
Fern,sandy,large,young,52.2,23.1,75.8,287.7,2.4,47.3,3,1,100.0
Jade Plant,loamy,small,mature,20.3,37.0,31.0,1058.3,7.5,46.6,1,1,93.0
Tulsi,sandy,large,seedling,69.1,20.8,57.7,598.6,5.4,55.4,4,0,100.0
Peace Lily,clay,small,seedling,60.4,21.4,69.03835120384544,353.4,5.3,5.0,3,0,100.0
Aloe Vera,loamy,medium,seedling,20.8,29.8,32.6,968.4,7.7,7.6,1,0,89.4
Monstera,sandy,small,seedling,70.0,16.6,91.3779337511923,228.1,2.6,67.2,3,0,81.6
Monstera,sandy,large,young,62.1,35.8,76.73487991289808,245.6,3.6,58.5,4,0,85.7
Aloe Vera,sandy,medium,mature,18.3,33.8,58.7,815.4,9.7,49.1,1,1,84.0
Snake Plant,clay,large,young,45.0,16.9,57.2,311.8,4.9,27.7,1,0,86.9
Spider Plant,sandy,large,mature,37.2,23.3,30.9,357.9,4.7,51.8,1,0,100.0
Areca Palm,clay,small,mature,72.7,29.8,60.0,304.9,6.9,24.4,3,0,98.4
Money Plant,clay,small,seedling,51.4,33.6,71.7,461.0,6.6,53.4,4,0,87.3
Snake Plant,sandy,large,seedling,51.2,26.2,26.3,494.6,5.2,1.0,1,0,100.0
Monstera,sandy,medium,mature,77.4,18.9,66.4,484.7,4.4,4.5,3,0,97.0
Peace Lily,loamy,large,young,67.9,22.5,93.3,364.0,5.9,3.3,3,0,96.7
Snake Plant,sandy,medium,seedling,29.6,32.4,36.8,577.7,6.2,2.9,1,0,86.0
Jade Plant,clay,small,seedling,3.7,35.2,30.7,1024.0,9.7,42.7,1,1,77.8
Areca Palm,loamy,small,seedling,52.9,18.3,44.0,483.2,6.8,2.7,2,0,86.8
Areca Palm,loamy,small,mature,49.5,34.0,46.1,335.3,4.7,38.2,4,0,96.0
Peace Lily,loamy,large,seedling,50.5,25.7,68.9,505.6,5.2,69.7,3,1,84.7
Tulsi,sandy,large,seedling,40.1,16.2,50.5,541.5,5.0,54.6,3,0,75.4
Money Plant,loamy,small,seedling,38.2,33.1,59.0,477.8,6.2,23.5,2,1,87.0
Peace Lily,sandy,small,young,58.4,20.2,73.14363357572094,194.2,2.9,34.9,3,0,100.0
Tulsi,sandy,large,young,52.4,19.1,51.1,592.7,5.9,14.6,2,0,96.3
Jade Plant,sandy,medium,seedling,16.0,17.6,57.6,731.9,9.0,21.3,1,0,76.6
Jade Plant,sandy,large,mature,28.2,34.7,31.1,1197.4,8.0,42.6,1,1,100.0
Monstera,sandy,large,young,54.1,31.9,67.78423135141873,583.9,5.7,65.8,5,1,89.0
Spider Plant,sandy,small,young,26.7,31.9,60.3,539.4,6.4,59.1,2,0,99.5
Aloe Vera,sandy,large,seedling,7.2,30.9,53.5,743.4,7.4,71.9,1,1,70.2
Monstera,sandy,large,young,45.2,34.7,77.3,240.6,2.6,13.3,4,1,100.0
Areca Palm,loamy,large,seedling,68.6,34.8,29.9,389.0,5.6,54.2,3,0,92.0
Jade Plant,loamy,large,seedling,28.7,33.1,30.7,632.9,8.9,68.1,1,1,76.7
Money Plant,sandy,medium,young,45.8,25.7,27.9,320.1,5.7,51.1,4,0,97.0
Peace Lily,sandy,large,seedling,73.6,29.9,76.6,367.6,5.0,25.4,5,0,87.7
Spider Plant,clay,small,seedling,32.9,23.6,56.7,459.6,6.4,59.4,1,0,100.0
Areca Palm,loamy,medium,mature,72.3,36.7,81.6,565.2,4.6,6.3,2,0,88.9
Tulsi,clay,small,seedling,39.3,18.8,32.8,456.2,6.6,45.2,2,1,87.9
Fern,sandy,medium,young,40.7,24.7,76.6,369.7,5.5,68.2,3,1,86.4
Spider Plant,loamy,medium,mature,35.5,29.9,47.8,470.2,6.3,64.7,2,0,98.1
Monstera,sandy,medium,young,46.0,37.3,78.9,485.6,5.8,11.6,4,1,90.4
Tulsi,sandy,large,mature,40.9,35.8,80.6,395.0,4.1,9.1,2,1,87.6
Tulsi,sandy,large,mature,46.4,15.8,47.2,592.6,5.3,38.4,3,0,86.2
Money Plant,clay,medium,seedling,39.8,36.8,89.9,452.2,5.6,46.6,4,1,78.0
Monstera,loamy,large,seedling,81.5,33.4,84.1201443518031,570.1,4.9,10.0,4,0,90.5
Monstera,sandy,medium,mature,44.5,34.3,81.28529233817713,205.3,2.8,56.3,3,1,87.7
Aloe Vera,sandy,small,mature,30.6,34.5,72.4,836.7,9.9,35.3,1,1,86.0
Fern,sandy,large,young,57.9,24.1,75.1,170.3,3.1,70.4,4,0,100.0
Snake Plant,sandy,large,young,30.9,32.1,54.1,1182.2,8.0,30.5,1,0,100.0
Tulsi,loamy,large,seedling,71.8,18.3,46.2,319.8,7.0,69.1,4,0,92.6
Snake Plant,sandy,medium,mature,35.7,36.0,54.0,549.7,5.0,20.8,1,1,89.9
Monstera,loamy,medium,young,43.8,27.9,65.3908389374144,228.1,3.2,45.8,3,1,96.2
Monstera,clay,small,young,45.2,35.9,77.25675787628929,479.7,5.9,26.0,4,1,89.8
Spider Plant,clay,large,mature,19.7,25.9,73.6,697.7,8.2,4.2,1,1,98.2
Tulsi,clay,small,seedling,69.8,21.3,54.4,387.5,4.1,46.0,3,0,95.8
Aloe Vera,loamy,small,seedling,11.2,28.8,36.7,1107.0,7.3,57.6,1,0,97.7
Peace Lily,sandy,large,mature,46.5,23.1,73.05549682869221,168.1,3.9,65.6,4,1,81.0
Tulsi,loamy,small,seedling,59.6,33.3,64.1,513.8,6.5,50.6,4,0,93.0
Spider Plant,clay,small,seedling,33.0,33.8,89.6,683.4,7.5,31.8,2,1,94.9
Fern,clay,small,mature,49.4,22.0,89.98853232188931,145.3,2.6,9.0,3,1,96.3
Snake Plant,clay,large,seedling,44.2,16.8,79.2,309.8,5.0,47.5,1,0,80.9
Areca Palm,sandy,medium,seedling,60.3,16.5,71.7,361.6,6.8,64.9,2,0,76.8
Peace Lily,sandy,small,seedling,79.0,34.5,90.9,534.2,5.4,44.1,4,0,90.0
Snake Plant,sandy,large,seedling,49.4,27.2,75.1,922.3,8.5,70.1,1,0,96.0
Aloe Vera,loamy,large,young,17.2,23.4,66.3,708.5,9.8,25.5,1,0,98.8
Aloe Vera,loamy,small,young,5.4,17.6,93.9,340.8,6.4,54.9,1,1,62.0
Fern,loamy,small,seedling,55.4,22.5,85.76610476464214,552.3,4.7,16.3,5,0,99.1
Spider Plant,sandy,small,young,12.1,36.6,50.7,837.8,7.4,37.6,2,1,91.8
Snake Plant,sandy,medium,young,42.8,31.0,93.4,592.6,4.3,24.4,1,0,100.0
Spider Plant,sandy,small,young,37.4,31.7,44.5,1080.6,7.8,67.9,2,0,98.6
Jade Plant,clay,medium,mature,6.9,21.4,78.8,898.4,7.0,45.2,1,1,81.3
Snake Plant,loamy,small,seedling,21.7,26.5,26.9,486.6,4.8,6.9,2,0,95.8
Fern,clay,medium,seedling,63.1,21.8,72.02654773989212,464.0,5.4,68.6,5,0,95.3
Spider Plant,sandy,medium,young,29.2,22.2,51.3,497.8,4.9,56.1,1,0,100.0
Tulsi,clay,medium,seedling,64.1,22.2,52.2,498.0,6.0,49.3,4,0,100.0
Areca Palm,loamy,small,mature,54.4,16.3,43.4,405.8,5.9,70.4,3,0,88.2
Money Plant,loamy,small,seedling,63.0,34.2,49.4,487.5,6.3,27.4,2,0,89.3
Peace Lily,clay,medium,seedling,70.7,30.2,62.97296078401517,560.7,4.8,8.2,5,0,86.7
Fern,clay,small,young,63.0,30.1,69.33166098381638,476.4,4.8,71.0,4,0,98.8
Spider Plant,clay,large,seedling,40.9,33.6,32.0,543.4,6.5,48.1,2,1,71.7
Monstera,clay,medium,seedling,75.2,26.4,84.3,159.5,3.1,41.3,5,0,100.0
Jade Plant,loamy,small,mature,13.1,34.4,31.6,540.4,6.3,34.2,1,1,97.1
Snake Plant,loamy,medium,mature,34.7,33.5,55.3,375.4,6.1,37.1,1,1,100.0
Fern,sandy,small,mature,66.3,31.2,85.4,581.4,5.3,19.3,3,0,100.0
Jade Plant,clay,large,mature,14.7,29.4,61.6,345.1,6.6,49.3,1,0,98.0
Spider Plant,clay,medium,seedling,24.4,29.6,84.2,753.9,7.2,43.3,2,0,89.1
Snake Plant,sandy,small,seedling,32.3,20.6,82.9,571.7,6.1,14.5,2,0,97.7
Money Plant,clay,medium,mature,34.8,27.7,70.1,306.0,5.5,61.9,4,1,80.8
Jade Plant,clay,small,young,29.4,35.6,72.0,1103.9,7.6,60.7,1,1,57.4
Jade Plant,loamy,large,seedling,30.9,27.0,83.0,751.1,9.7,63.7,1,0,82.4
Snake Plant,clay,medium,mature,44.3,32.0,81.4,332.0,5.1,15.4,2,0,97.7
Spider Plant,clay,large,seedling,52.5,26.3,51.2,442.5,6.7,17.7,2,0,97.8
Tulsi,clay,medium,mature,59.1,23.5,46.6,521.8,4.1,57.5,4,0,95.5
Aloe Vera,clay,large,young,14.4,22.1,92.1,673.2,9.2,62.4,1,0,88.6
Spider Plant,sandy,medium,young,40.3,21.9,90.5,567.1,5.1,65.9,2,0,100.0
Spider Plant,sandy,medium,seedling,31.6,33.9,90.8,799.6,8.6,30.4,2,1,94.2
Snake Plant,sandy,large,young,38.9,26.6,49.6,308.2,6.3,3.8,2,0,100.0
Areca Palm,loamy,small,seedling,44.5,24.2,69.0,374.9,4.3,51.4,2,0,100.0
Tulsi,loamy,large,young,52.4,33.2,47.4,352.0,4.4,42.7,4,0,98.3
Monstera,sandy,small,young,55.9,23.5,67.8570496717521,576.9,5.8,46.6,5,0,100.0
Snake Plant,clay,small,young,28.6,31.1,36.8,689.6,7.0,69.0,2,0,96.7
Jade Plant,sandy,small,mature,31.4,27.1,79.1,896.5,9.3,16.2,1,0,82.0
Monstera,clay,large,young,52.5,23.8,94.83226074906521,235.4,3.1,30.1,3,1,99.1
Tulsi,sandy,medium,young,44.9,20.4,56.6,437.4,6.1,0.7,4,0,96.3
Peace Lily,loamy,medium,mature,60.7,19.9,68.96789578763355,111.8,2.4,24.0,5,0,97.3
Peace Lily,loamy,large,mature,44.1,31.3,81.7,178.9,3.2,26.7,5,1,100.0
Fern,sandy,large,seedling,81.6,21.0,64.61718367887795,206.1,3.3,10.2,4,0,96.2
Money Plant,sandy,medium,young,44.9,32.2,89.8,528.5,5.8,19.0,3,0,98.1
Tulsi,clay,large,young,68.8,32.6,35.6,432.0,5.9,13.6,4,0,95.5
Tulsi,sandy,medium,young,35.8,18.8,57.7,407.0,4.1,51.1,3,1,84.9
Areca Palm,sandy,large,seedling,66.2,17.8,31.6,525.0,6.5,59.2,2,0,80.6
Jade Plant,sandy,large,seedling,14.6,27.1,65.0,530.5,6.3,48.7,1,0,100.0
Money Plant,clay,large,mature,72.0,17.8,51.1,346.1,6.5,5.8,2,0,93.3
Areca Palm,clay,large,young,72.2,28.7,25.4,435.9,5.9,68.2,4,0,100.0
Jade Plant,sandy,small,seedling,25.0,33.4,44.8,928.3,9.0,43.4,1,1,85.9
Monstera,sandy,small,young,50.7,17.1,84.7,496.2,5.0,8.7,4,1,89.9
Spider Plant,loamy,medium,mature,15.7,28.9,50.1,446.9,6.6,63.7,2,1,84.8
Jade Plant,loamy,medium,seedling,23.3,32.4,81.8,855.6,7.7,2.9,1,0,73.4
Areca Palm,loamy,small,mature,52.8,30.8,35.9,325.2,5.9,33.7,4,0,95.8
Areca Palm,clay,small,seedling,44.7,30.7,46.0,314.3,4.9,5.5,3,0,85.5
Snake Plant,loamy,medium,young,35.0,17.2,71.3,475.7,5.8,55.3,2,0,85.2
Areca Palm,sandy,small,young,58.8,16.0,54.1,436.5,5.8,48.3,3,0,91.2
Monstera,clay,small,seedling,68.9,19.3,77.3,301.8,4.1,8.4,5,0,96.7
Areca Palm,clay,large,young,58.0,35.0,92.6,543.9,4.9,44.4,3,0,100.0
Spider Plant,clay,small,seedling,46.0,18.1,38.4,725.5,8.3,46.7,1,0,91.5
Spider Plant,loamy,large,seedling,20.5,17.0,78.9,349.8,4.1,11.0,2,0,82.0
Areca Palm,clay,small,young,56.1,28.5,39.1,302.4,4.2,45.4,3,0,100.0
Spider Plant,clay,large,mature,25.4,28.7,63.8,454.0,6.0,52.2,2,0,100.0
Areca Palm,sandy,large,seedling,43.8,27.2,54.5,494.5,4.8,64.0,2,0,96.2
Jade Plant,loamy,medium,young,12.8,31.0,26.5,403.2,6.8,16.7,1,0,97.2
Peace Lily,loamy,large,mature,71.8,25.8,93.59311788968844,501.9,5.3,52.9,4,0,100.0
Tulsi,loamy,small,young,53.9,30.9,31.0,481.7,4.6,7.3,2,0,99.2
Areca Palm,clay,small,seedling,47.2,27.8,94.9,347.6,5.1,59.6,3,0,100.0
Money Plant,sandy,medium,young,55.6,17.6,40.9,402.1,4.8,25.6,3,0,85.5
Fern,clay,small,mature,47.0,35.1,92.4321234458638,191.4,3.8,60.6,3,1,71.1
Snake Plant,loamy,large,seedling,18.8,33.9,27.9,1146.6,8.4,11.3,1,1,87.9
Areca Palm,loamy,medium,mature,46.1,35.0,35.8,360.6,4.4,69.8,2,0,100.0
Money Plant,sandy,medium,young,42.0,21.6,37.0,408.2,6.3,47.9,4,0,96.5
Fern,clay,small,seedling,58.9,33.4,93.31441894049695,504.7,4.1,67.9,4,0,89.4
Money Plant,loamy,large,seedling,74.2,16.9,47.0,418.0,5.3,2.7,2,0,84.2
Tulsi,loamy,small,mature,67.0,37.5,80.9,565.7,5.3,50.5,3,0,93.7
Peace Lily,clay,small,young,48.8,35.7,75.61661677461696,208.9,2.8,56.8,4,1,76.5
Peace Lily,loamy,medium,seedling,62.9,35.3,85.37845388174667,337.8,5.0,71.4,4,0,77.8
Snake Plant,loamy,large,young,20.7,27.0,78.0,924.0,8.5,18.6,1,0,100.0
Monstera,loamy,medium,mature,56.5,17.5,77.76247819815998,251.3,2.5,67.8,5,0,89.5
Jade Plant,loamy,small,young,23.3,22.8,41.5,1028.8,8.3,67.5,1,0,100.0
Jade Plant,sandy,medium,young,23.6,21.5,79.9,1028.6,8.7,37.4,1,0,82.5
Peace Lily,loamy,large,seedling,47.7,33.9,74.89922463145344,118.4,3.6,30.6,5,1,86.3
Aloe Vera,clay,small,young,20.3,30.6,53.2,1123.2,9.1,42.1,1,0,100.0
Areca Palm,loamy,medium,mature,37.3,37.4,82.7,437.3,5.5,69.7,2,1,75.1
Fern,sandy,large,seedling,49.5,25.5,72.926622087206,480.5,5.8,29.4,5,1,96.2
Jade Plant,clay,small,mature,32.7,18.5,51.0,891.6,7.2,57.0,1,0,96.4
Jade Plant,clay,small,young,28.7,35.4,40.1,673.4,8.0,25.1,1,1,93.7
Spider Plant,clay,large,young,46.0,28.0,88.0,1100.2,8.2,9.6,2,0,96.4
Areca Palm,clay,large,young,38.2,18.4,76.0,422.9,6.0,16.8,4,1,99.0
Fern,sandy,large,young,78.3,31.9,70.2,531.5,4.5,22.2,5,0,100.0
Fern,sandy,small,mature,82.5,27.5,78.0,279.4,3.9,8.7,5,0,100.0
Tulsi,sandy,medium,seedling,68.8,20.6,74.4,460.1,4.3,23.1,3,0,100.0
Areca Palm,sandy,medium,young,55.6,19.2,26.7,334.4,4.8,7.2,3,0,96.7
Tulsi,sandy,medium,seedling,62.0,18.5,91.7,397.6,5.8,2.0,2,0,85.6
Spider Plant,sandy,medium,seedling,26.8,24.5,47.7,371.9,4.3,43.0,1,0,97.4
Fern,loamy,medium,seedling,63.9,21.2,76.94600284853374,146.7,3.6,63.8,3,0,97.7
Jade Plant,loamy,small,seedling,5.1,32.5,70.6,867.6,8.3,60.9,1,1,60.0
Tulsi,clay,large,seedling,51.1,33.0,62.6,300.3,5.4,33.5,4,0,93.3
Monstera,loamy,small,seedling,53.2,16.4,89.5,170.3,3.5,45.5,4,1,80.9
Fern,clay,small,seedling,54.4,32.0,84.44502584117795,517.5,5.3,71.9,4,1,78.8
Aloe Vera,loamy,large,young,23.3,35.3,91.2,1024.7,9.9,19.7,1,1,76.6
Peace Lily,clay,small,young,79.2,37.1,82.62551521717774,195.3,2.0,64.9,3,0,91.7
Spider Plant,loamy,large,mature,15.9,26.2,52.5,567.8,6.7,58.8,1,1,84.5
Snake Plant,clay,medium,mature,45.3,23.2,37.4,411.1,4.6,13.9,1,0,95.1
Money Plant,clay,large,mature,57.8,23.2,31.3,366.3,6.4,70.6,3,0,100.0
Money Plant,clay,medium,mature,41.6,31.3,39.6,561.0,5.2,41.0,4,0,99.9
Fern,sandy,large,mature,63.6,28.0,80.58576043314206,338.2,5.0,67.2,3,0,100.0
Fern,loamy,medium,seedling,82.2,34.5,78.65295310695454,212.0,3.0,32.7,5,0,94.4
Money Plant,clay,medium,young,52.1,21.3,72.6,313.0,5.6,51.9,3,0,95.5
Spider Plant,loamy,medium,young,15.8,15.1,38.6,735.4,9.0,49.6,1,1,79.6
Aloe Vera,sandy,small,young,4.1,22.1,68.8,1084.8,7.9,42.7,1,1,100.0
Peace Lily,clay,small,seedling,76.7,25.9,92.1,114.6,2.9,43.2,4,0,99.4
Snake Plant,loamy,medium,mature,51.4,17.9,93.2,554.3,5.6,4.7,2,0,86.3
Areca Palm,sandy,medium,mature,59.9,29.4,29.6,555.0,4.2,28.9,4,0,100.0
Spider Plant,sandy,large,mature,32.1,29.4,56.7,971.5,8.4,24.5,2,0,100.0
Money Plant,clay,large,young,35.2,28.5,32.6,536.8,4.2,13.9,4,1,100.0
Fern,clay,medium,young,51.5,26.1,87.8958954404479,162.3,2.2,31.4,3,1,100.0
Peace Lily,clay,large,mature,56.2,32.8,70.1872380667109,455.3,5.9,47.4,4,0,96.4
Aloe Vera,loamy,large,seedling,10.0,24.7,38.7,1071.2,9.6,24.6,1,0,100.0
Areca Palm,loamy,large,young,47.1,34.6,64.6,348.7,5.3,32.7,3,0,100.0
Money Plant,clay,small,seedling,51.2,29.7,73.5,520.4,4.7,68.6,2,0,88.3
Spider Plant,sandy,medium,seedling,13.8,34.0,25.5,334.6,4.2,20.9,2,1,86.9
Jade Plant,clay,small,seedling,9.4,19.6,44.9,704.6,7.0,61.0,1,1,82.5
Aloe Vera,sandy,small,young,24.6,35.9,26.5,1072.4,7.5,8.0,1,1,94.4
Monstera,clay,small,young,82.3,33.6,90.85823282733658,319.6,5.5,10.4,5,0,100.0
Aloe Vera,sandy,large,young,14.6,31.0,47.3,1152.6,8.5,54.9,1,0,100.0
Fern,clay,small,young,55.7,20.7,89.80259234301323,565.8,5.9,15.1,3,0,95.8
Areca Palm,loamy,large,seedling,69.8,18.9,52.2,455.7,5.1,12.9,4,0,92.1
Fern,loamy,medium,mature,67.5,37.0,92.24148282909286,311.0,4.3,15.8,5,0,87.0
Aloe Vera,clay,small,young,9.5,24.8,51.4,752.7,9.4,6.1,1,1,100.0
Monstera,clay,large,young,64.1,20.3,74.91358202539601,181.8,3.9,57.9,4,0,98.2
Spider Plant,sandy,small,young,25.8,20.4,70.2,450.5,5.5,39.4,1,0,95.8
Monstera,sandy,small,seedling,48.0,16.6,83.62875637802068,249.0,3.0,55.3,3,1,68.5
Aloe Vera,loamy,large,seedling,26.3,38.0,77.7,605.1,9.6,21.6,1,1,68.2
Spider Plant,clay,large,mature,53.3,15.3,70.8,736.5,8.3,52.1,1,0,87.1
Aloe Vera,loamy,large,mature,18.3,32.4,75.6,787.8,9.2,13.5,1,0,87.7
Spider Plant,sandy,medium,young,17.9,34.6,27.1,521.3,5.5,36.0,1,1,100.0
Peace Lily,clay,small,young,73.5,24.8,78.81614022319988,104.6,3.3,56.5,5,0,100.0
Tulsi,clay,large,mature,57.3,33.4,89.0,361.3,6.9,28.1,3,0,100.0
Aloe Vera,clay,small,young,30.4,28.1,56.6,331.3,6.4,39.8,1,0,95.3
Jade Plant,clay,small,seedling,15.2,19.6,88.8,387.3,6.8,37.8,1,0,84.5
Peace Lily,loamy,small,seedling,59.0,22.5,88.7,248.6,3.7,28.0,3,0,100.0
Aloe Vera,sandy,small,young,15.4,24.9,74.7,1163.5,8.4,42.3,1,0,85.0
Areca Palm,clay,small,seedling,65.6,37.8,56.2,457.8,6.4,65.5,4,0,83.8
Areca Palm,clay,large,seedling,68.9,32.0,45.2,552.8,5.0,57.0,3,0,88.9
Tulsi,clay,small,seedling,52.3,35.7,76.3,470.6,4.6,28.3,4,0,84.5
Aloe Vera,sandy,medium,mature,2.1,27.4,71.7,1141.3,8.9,65.4,1,1,69.1
Fern,sandy,medium,seedling,73.7,32.4,75.78275941885538,201.2,3.0,33.3,4,0,85.7
Areca Palm,clay,medium,mature,35.8,24.2,38.6,575.1,4.3,23.6,3,1,100.0
Areca Palm,clay,small,seedling,72.6,27.6,42.0,383.7,5.4,11.6,2,0,100.0
Jade Plant,sandy,small,young,8.3,17.9,76.9,606.7,8.7,19.7,1,1,74.4
Tulsi,sandy,large,seedling,49.9,35.5,62.3,543.5,6.5,46.2,2,0,82.2
Snake Plant,clay,large,young,16.3,25.2,66.9,1157.3,7.8,27.0,2,1,97.4
Snake Plant,sandy,medium,seedling,18.4,37.8,48.6,564.7,5.1,57.4,1,1,68.3
Tulsi,loamy,small,seedling,44.0,24.6,32.5,487.4,5.9,67.3,4,0,99.0
Spider Plant,sandy,small,seedling,14.2,17.4,47.6,363.8,4.1,15.8,2,1,81.6
Monstera,loamy,large,young,59.2,16.0,87.0,513.8,6.0,57.0,5,0,94.2
Jade Plant,sandy,medium,seedling,22.1,28.8,93.7,1183.4,8.7,49.9,1,0,83.3
Peace Lily,loamy,medium,seedling,65.9,22.7,77.8859149472469,451.0,5.0,50.7,4,0,95.1
Money Plant,loamy,small,young,43.5,20.4,55.0,412.4,4.2,21.4,2,0,96.5
Aloe Vera,loamy,small,seedling,32.2,36.2,66.9,797.2,9.0,20.0,1,1,81.4
Money Plant,loamy,medium,mature,42.2,33.7,77.5,372.7,5.0,38.8,4,1,100.0
Aloe Vera,loamy,large,mature,20.5,20.1,86.1,488.9,6.7,4.7,1,0,84.9
Aloe Vera,sandy,large,seedling,9.3,36.6,33.8,1077.1,8.2,14.7,1,1,80.1
Spider Plant,loamy,medium,young,28.5,18.8,38.8,472.9,5.5,69.7,1,0,97.0
Areca Palm,sandy,medium,young,47.5,23.7,57.9,528.1,6.2,59.0,4,0,100.0
Money Plant,clay,medium,seedling,58.0,32.5,89.5,352.7,5.7,27.4,2,0,88.1
Monstera,clay,large,mature,72.7,26.1,65.41535595107538,102.6,2.8,36.1,3,0,100.0
Areca Palm,clay,medium,young,52.7,37.3,51.1,321.4,7.0,63.7,4,0,94.9
Snake Plant,clay,large,seedling,24.0,19.5,55.5,446.6,6.5,49.6,2,0,100.0
Spider Plant,clay,large,seedling,47.1,20.6,27.4,987.2,7.5,18.8,1,0,99.6
Tulsi,clay,small,mature,39.1,28.3,71.4,493.3,6.3,66.0,2,1,84.0
Jade Plant,sandy,large,seedling,15.5,35.1,36.6,900.4,8.8,38.4,1,1,83.9
Jade Plant,clay,large,young,29.7,32.3,89.7,471.8,6.4,57.4,1,0,88.1
Monstera,loamy,small,mature,82.2,24.2,60.05525021545942,239.3,2.3,37.8,4,0,100.0
Spider Plant,sandy,small,young,33.3,19.3,34.4,544.3,6.3,13.4,1,0,95.6
Tulsi,sandy,medium,young,37.3,25.1,88.9,387.9,4.5,27.2,4,1,97.8
Peace Lily,sandy,large,seedling,45.6,26.0,72.1,499.6,5.8,56.8,3,1,80.4
Aloe Vera,loamy,small,young,26.4,28.9,94.1,883.9,9.7,24.3,1,0,84.3
Peace Lily,loamy,medium,young,68.7,33.8,90.9,561.9,5.9,58.1,4,0,95.0
Spider Plant,loamy,small,seedling,23.3,28.8,85.8,485.5,5.8,47.4,1,0,99.8
Spider Plant,loamy,small,seedling,43.3,37.7,92.0,1124.1,7.2,69.8,1,1,67.4
Areca Palm,sandy,large,young,36.2,24.2,67.9,582.4,6.8,34.3,3,1,100.0
Snake Plant,loamy,medium,young,48.7,29.0,74.8,539.0,4.6,21.7,1,0,100.0
Fern,clay,small,young,66.4,37.0,67.40742874119546,497.9,5.0,6.4,3,0,89.3
Money Plant,sandy,medium,young,41.7,32.6,40.4,501.2,6.9,47.9,3,0,100.0
Areca Palm,sandy,large,young,61.7,35.1,90.2,403.0,4.2,65.5,4,0,92.4
Spider Plant,loamy,large,mature,24.1,37.2,55.6,326.3,4.6,6.4,2,1,92.4
Aloe Vera,loamy,small,mature,33.4,23.5,84.7,601.0,8.3,4.5,1,0,85.4
Spider Plant,clay,medium,young,18.2,33.3,90.4,302.8,4.5,61.4,1,1,83.2
Monstera,sandy,medium,mature,49.1,25.5,89.71946144882747,310.3,5.3,23.1,5,1,100.0
Snake Plant,clay,large,mature,34.5,26.0,83.0,543.1,4.3,11.0,2,0,100.0
Aloe Vera,loamy,large,seedling,28.4,36.2,79.3,779.5,8.9,58.7,1,1,54.1
Tulsi,sandy,large,young,73.4,22.8,72.5,458.4,5.2,20.4,3,0,100.0
Aloe Vera,loamy,large,young,26.0,17.2,47.6,632.5,9.5,67.3,1,0,88.0
Tulsi,loamy,small,young,38.0,31.0,45.4,358.7,6.4,46.9,2,1,98.6
Jade Plant,sandy,large,seedling,23.8,23.7,93.8,316.9,6.7,25.6,1,0,84.7
Money Plant,sandy,large,mature,39.9,22.8,55.4,310.2,5.2,17.3,4,1,99.9
Jade Plant,sandy,large,mature,25.1,23.6,73.4,1066.6,8.6,62.3,1,0,86.5
Monstera,loamy,large,young,46.6,23.4,82.44932646608149,367.5,5.6,42.3,4,1,100.0
Areca Palm,clay,large,mature,50.1,17.2,66.5,389.5,6.1,9.0,4,0,88.3
Fern,sandy,medium,mature,62.6,15.5,77.09971418408757,475.4,4.1,51.4,5,0,92.9
Snake Plant,sandy,large,seedling,21.6,19.2,66.9,673.8,8.0,9.3,2,0,97.1
Tulsi,sandy,large,young,73.5,34.6,27.5,589.9,4.9,12.4,4,0,100.0
Money Plant,sandy,medium,seedling,63.7,36.8,61.4,342.0,5.6,35.3,4,0,78.1
Peace Lily,loamy,large,mature,77.2,19.8,61.28568821834458,271.2,2.6,15.5,3,0,96.3
Fern,sandy,large,young,60.2,21.4,76.0,280.7,3.5,28.8,5,0,95.8
Monstera,loamy,medium,mature,68.8,18.3,94.83757441609498,357.8,4.8,26.8,4,0,100.0
Fern,loamy,small,young,76.0,33.9,60.906845210050186,323.3,4.4,9.0,4,0,96.1
Fern,clay,small,young,58.1,29.7,65.12153715200675,382.1,5.2,7.1,4,0,100.0
Aloe Vera,clay,small,seedling,12.8,19.0,76.0,893.8,9.3,38.1,1,0,87.0
Monstera,loamy,medium,mature,54.9,17.3,66.32353694797345,503.3,5.2,56.8,4,1,75.5
Spider Plant,clay,large,seedling,43.1,21.0,73.1,470.3,4.7,19.3,1,0,100.0
Peace Lily,loamy,small,mature,50.5,29.0,87.94641145619231,382.7,4.0,30.8,4,1,100.0
Aloe Vera,clay,large,seedling,13.1,36.8,53.5,323.8,6.4,52.6,1,1,69.4
Tulsi,loamy,small,seedling,52.5,32.1,63.8,427.2,6.9,36.6,2,0,92.3
Areca Palm,clay,large,mature,61.5,38.0,87.2,357.1,4.0,59.9,3,0,85.1
Spider Plant,loamy,large,mature,39.5,22.9,94.6,1178.8,7.0,48.6,1,0,100.0
Fern,sandy,small,seedling,58.4,23.4,74.79527940856498,174.7,3.5,8.2,3,0,100.0
Aloe Vera,loamy,small,young,10.5,21.9,45.5,941.3,9.0,15.7,1,0,98.0
Fern,sandy,medium,mature,40.4,34.5,71.49931304486299,101.0,3.4,64.1,4,1,81.9
Peace Lily,sandy,small,young,60.6,26.3,74.37516685079405,302.1,5.7,55.4,3,0,97.5
Areca Palm,clay,medium,young,54.6,23.4,87.5,431.6,4.3,60.4,3,0,96.6
Peace Lily,loamy,medium,seedling,51.7,23.3,85.9,184.2,2.5,23.8,3,1,95.3
Aloe Vera,clay,large,young,18.6,17.7,59.2,676.5,8.7,54.1,1,0,92.8
Spider Plant,loamy,large,mature,18.4,34.4,52.2,675.7,8.0,24.8,1,1,95.1
Aloe Vera,sandy,large,young,4.9,24.9,66.8,769.3,7.9,5.9,1,1,99.3
Jade Plant,sandy,large,mature,5.6,19.3,44.7,1020.6,7.1,48.0,1,1,99.3
Areca Palm,loamy,small,mature,42.0,31.8,67.8,344.6,5.9,8.7,4,0,99.0
Monstera,sandy,small,young,78.1,15.4,74.25540166626864,226.7,3.2,16.7,4,0,88.4
Areca Palm,sandy,large,young,44.7,29.8,46.3,513.5,6.8,17.8,3,0,100.0
Tulsi,sandy,small,seedling,45.2,30.2,47.5,330.2,6.7,13.3,3,0,94.5
Peace Lily,clay,medium,seedling,65.4,17.2,71.59241067334938,408.4,5.0,56.1,3,0,80.3
Peace Lily,sandy,large,young,76.3,19.8,82.0345519929421,312.3,4.4,69.7,3,0,100.0
Aloe Vera,sandy,large,young,17.1,36.3,30.2,1035.2,7.4,71.3,1,1,72.0
Tulsi,sandy,small,seedling,67.8,24.6,74.8,568.5,6.9,32.3,4,0,100.0
Spider Plant,sandy,medium,young,45.9,27.0,91.7,509.0,7.0,9.3,1,0,95.5
Jade Plant,sandy,large,seedling,24.8,32.0,52.8,1182.9,9.5,11.9,1,0,92.5
Spider Plant,loamy,medium,young,11.8,29.0,39.5,302.7,7.0,66.9,1,1,85.1
Fern,loamy,large,mature,56.2,21.0,84.7,109.1,2.7,17.2,4,0,95.4
Tulsi,clay,small,young,73.3,35.1,28.6,300.4,5.6,25.0,2,0,91.1
Peace Lily,clay,small,mature,50.3,35.3,70.3213368457722,487.8,5.9,0.7,5,1,88.6
Monstera,sandy,medium,seedling,72.6,27.4,93.5,414.6,5.0,47.1,5,0,100.0
Jade Plant,loamy,small,young,21.8,20.1,43.8,1051.7,9.2,11.2,1,0,97.3
Spider Plant,clay,small,young,20.5,17.2,37.7,447.2,4.9,52.5,1,0,91.5
Money Plant,clay,small,seedling,40.2,33.8,73.1,373.6,4.2,65.5,2,1,79.7
Snake Plant,loamy,large,seedling,39.1,31.7,81.6,333.0,5.9,1.0,2,0,93.3
Money Plant,sandy,small,seedling,54.2,21.2,90.7,331.9,6.9,53.0,2,0,98.4
Snake Plant,sandy,small,young,47.3,32.5,87.5,346.4,5.7,4.0,2,0,100.0
Fern,sandy,small,seedling,62.7,17.4,64.9642259258208,307.2,5.6,30.8,4,0,76.5
Monstera,sandy,large,young,76.9,30.8,75.0,120.3,2.4,68.8,4,0,98.6
Jade Plant,clay,small,young,30.5,36.2,89.4,706.8,8.4,38.2,1,1,76.0
Spider Plant,sandy,large,mature,27.3,21.9,82.2,449.8,5.4,26.6,1,0,97.7
Snake Plant,sandy,small,mature,30.1,18.4,35.3,667.9,8.1,30.8,2,0,100.0
Tulsi,sandy,medium,seedling,44.5,19.2,52.0,591.9,5.4,43.3,3,0,100.0
Tulsi,loamy,small,young,56.0,24.6,59.8,369.0,5.6,6.0,4,0,100.0
Fern,loamy,large,mature,56.7,20.0,94.78668592699489,211.7,2.1,68.9,3,0,100.0
Money Plant,clay,medium,seedling,69.0,21.8,35.1,548.3,4.7,4.0,3,0,96.4
Tulsi,clay,large,seedling,35.7,31.0,54.7,322.1,6.0,60.3,2,1,78.7
Money Plant,sandy,medium,seedling,53.8,16.8,30.4,354.7,4.4,53.5,3,0,82.5
Monstera,clay,medium,mature,71.5,22.8,79.7,228.5,2.2,43.5,4,0,96.7
Tulsi,sandy,medium,young,53.3,30.6,86.3,450.6,6.8,51.1,3,0,99.2
Tulsi,clay,small,mature,64.2,23.7,91.6,365.7,5.9,13.2,3,0,100.0
Fern,loamy,small,mature,69.8,25.8,65.76885258341959,494.0,5.2,14.0,4,0,96.1
Snake Plant,clay,large,young,35.1,15.6,44.8,303.3,5.1,65.5,1,0,86.9
Aloe Vera,loamy,small,seedling,21.7,21.2,93.4,1074.1,8.3,3.3,1,0,83.1
Monstera,sandy,medium,young,57.1,37.1,85.39908437024285,510.8,5.9,7.0,4,0,89.1
Fern,sandy,large,seedling,60.3,15.5,80.7,192.6,2.6,63.7,3,0,75.9
Aloe Vera,sandy,large,mature,32.2,18.2,75.3,1195.4,8.0,43.8,1,0,85.2
Peace Lily,clay,small,young,82.1,21.7,91.17379758467291,416.3,5.1,15.0,3,0,100.0
Snake Plant,sandy,large,mature,12.2,37.9,31.8,590.7,6.7,56.3,2,1,70.9
Snake Plant,clay,medium,seedling,24.7,36.5,36.3,321.3,5.8,51.2,2,1,64.6
Areca Palm,clay,medium,mature,73.0,36.3,90.8,557.7,4.1,28.9,3,0,93.6
Tulsi,clay,medium,mature,48.1,34.4,91.6,435.0,5.2,63.2,4,0,100.0
Money Plant,loamy,large,seedling,66.8,32.0,42.1,331.6,4.5,27.1,2,0,90.7
Snake Plant,sandy,medium,young,33.2,30.4,49.4,354.1,4.5,7.8,2,0,100.0
Spider Plant,clay,small,young,54.6,22.6,47.2,522.4,5.1,8.2,2,0,99.5
Fern,sandy,medium,seedling,42.0,29.7,87.09719332538522,261.7,2.2,56.8,5,1,79.8
Aloe Vera,sandy,small,seedling,12.6,36.9,72.9,650.2,8.5,5.0,1,1,64.1
Monstera,loamy,medium,young,52.7,27.1,71.9,402.6,5.6,54.2,3,1,81.6
Peace Lily,clay,medium,young,83.6,27.3,79.9,416.7,4.8,0.7,4,0,100.0
Jade Plant,sandy,small,mature,9.9,30.4,68.2,1163.4,9.9,53.5,1,1,87.4
Peace Lily,sandy,small,young,54.7,36.5,74.22353233544598,301.1,4.1,32.4,5,1,93.3
Tulsi,loamy,medium,mature,43.1,37.3,31.8,463.8,5.3,12.0,2,1,88.8
Peace Lily,sandy,small,mature,76.7,28.3,70.56805648939998,263.8,3.2,9.0,3,0,100.0
Areca Palm,clay,medium,young,55.0,23.1,63.0,352.7,4.3,30.8,3,0,96.8
Jade Plant,sandy,large,young,23.0,23.8,84.2,769.9,7.7,44.7,1,0,89.3
Snake Plant,sandy,small,seedling,27.9,29.9,68.1,974.3,7.7,39.2,2,0,91.3
Fern,loamy,small,mature,49.8,21.7,79.30557693047668,271.3,2.5,68.4,4,1,83.5
Areca Palm,clay,large,mature,71.4,33.0,52.7,380.3,5.5,47.4,2,0,98.1
Spider Plant,loamy,small,seedling,13.4,35.7,54.0,1104.5,8.0,37.4,1,1,82.4
Peace Lily,clay,small,mature,81.5,37.8,81.56937709119322,110.3,3.6,67.1,3,0,89.3
Spider Plant,loamy,small,young,32.0,35.8,61.2,675.8,7.6,8.5,1,1,90.8
Spider Plant,loamy,medium,mature,16.6,18.7,47.6,488.7,6.2,42.7,1,1,95.3
Fern,sandy,large,young,80.5,15.6,82.10256272715063,147.9,3.4,64.6,5,0,88.0
Fern,sandy,large,young,55.6,32.7,81.96033031351811,473.8,4.6,7.4,3,0,99.6
Jade Plant,sandy,small,seedling,2.4,21.5,87.6,816.8,8.0,60.4,1,1,68.9
Areca Palm,sandy,medium,seedling,38.5,26.2,68.8,394.1,5.1,65.4,3,1,88.1
Tulsi,clay,small,seedling,67.9,30.2,69.2,598.1,6.9,34.8,2,0,91.1
Fern,sandy,small,mature,51.3,32.1,89.9,528.3,4.1,15.6,3,1,98.6
Aloe Vera,sandy,medium,seedling,28.0,20.1,75.9,888.9,7.1,68.6,1,0,83.5
Fern,loamy,medium,young,62.5,32.1,92.28218344417883,139.6,3.0,60.9,4,0,100.0
Spider Plant,sandy,large,mature,50.6,22.2,80.6,433.8,6.2,42.9,2,0,97.7
Peace Lily,loamy,small,mature,55.0,23.8,88.67695914394646,277.9,3.8,69.0,5,1,82.5
Spider Plant,clay,large,mature,29.6,36.9,62.1,396.8,4.9,56.9,1,1,73.6
Snake Plant,sandy,large,young,19.0,23.6,79.6,1030.1,7.4,15.4,2,1,100.0
Peace Lily,sandy,large,seedling,62.6,23.9,79.6335545162238,583.9,4.9,58.1,3,0,100.0
Jade Plant,loamy,medium,mature,12.8,32.4,47.2,540.8,6.8,35.9,1,0,100.0
Spider Plant,sandy,small,young,24.8,18.9,47.9,493.1,5.4,61.6,1,0,100.0
Areca Palm,clay,small,young,55.9,15.9,62.3,320.8,5.9,6.8,3,0,93.0
Monstera,clay,medium,young,56.5,24.2,64.0,296.8,3.2,35.5,5,0,100.0
Snake Plant,clay,large,seedling,14.2,15.7,28.3,1116.8,9.0,52.1,1,1,62.3
Snake Plant,sandy,large,young,14.7,33.8,62.6,535.5,5.3,8.0,1,1,100.0
Snake Plant,clay,medium,mature,25.5,29.1,81.9,950.1,8.6,8.6,1,0,98.2
Tulsi,loamy,medium,mature,55.1,25.3,33.6,447.0,5.4,20.2,4,0,100.0
Areca Palm,sandy,small,young,47.8,32.6,74.8,520.6,6.0,14.8,2,0,95.8
Areca Palm,sandy,small,seedling,46.6,30.4,57.8,362.6,4.3,42.5,3,0,90.3
Peace Lily,clay,large,young,47.7,30.1,84.3,295.0,3.5,62.5,3,1,85.1
Spider Plant,sandy,small,young,48.2,24.7,73.0,562.9,4.7,53.6,1,0,97.4
Areca Palm,sandy,medium,seedling,46.7,26.0,62.2,325.2,6.8,31.1,2,0,96.5
Fern,clay,large,young,48.6,16.2,73.38828850999516,358.2,5.7,13.6,5,1,86.8
Monstera,loamy,large,young,46.9,26.9,93.5640101051919,110.6,2.9,2.6,3,1,97.7
Snake Plant,loamy,small,young,40.1,20.2,68.4,366.0,6.0,59.3,2,0,100.0
Areca Palm,sandy,small,seedling,53.0,23.0,45.2,355.5,4.0,65.4,4,0,100.0
Monstera,loamy,small,seedling,51.1,22.2,64.96417793392021,194.9,2.1,24.1,4,1,96.8
Monstera,sandy,small,mature,58.4,32.5,80.41056003447791,149.5,4.0,7.9,4,0,100.0
Jade Plant,loamy,medium,seedling,6.7,27.1,36.7,391.4,6.4,53.0,1,1,84.5
Peace Lily,loamy,medium,mature,43.2,26.2,70.53969114911183,203.6,3.3,47.8,4,1,100.0
Jade Plant,clay,small,young,3.9,30.8,76.0,1113.8,9.9,47.5,1,1,81.4
Areca Palm,sandy,small,mature,46.9,32.0,93.1,576.2,4.3,27.2,4,0,96.1
Monstera,loamy,large,mature,82.4,35.7,66.12332868789007,404.7,5.6,23.8,5,0,90.9
Monstera,clay,small,seedling,76.3,28.3,75.17108680931219,293.6,3.8,57.0,3,0,97.9
Money Plant,clay,large,seedling,72.8,25.7,35.5,348.8,5.7,35.1,4,0,95.6
Monstera,sandy,medium,seedling,49.9,20.0,82.8,232.1,3.7,0.0,4,1,97.5
Peace Lily,clay,large,mature,82.1,37.0,69.47341132903507,359.0,6.0,42.1,5,0,85.8
Aloe Vera,sandy,medium,young,11.8,20.7,72.5,1142.5,7.6,64.3,1,0,89.2
Jade Plant,clay,small,mature,28.5,25.0,86.3,530.3,6.6,18.0,1,0,84.2
Aloe Vera,clay,medium,seedling,17.0,21.8,89.9,534.7,6.7,60.0,1,0,81.0
Fern,clay,large,young,59.3,26.6,74.96842098481461,182.1,3.7,2.0,4,0,100.0
Spider Plant,sandy,small,mature,34.5,35.9,80.1,463.0,4.6,40.7,2,1,87.9
Spider Plant,sandy,medium,mature,48.5,15.1,81.5,650.8,8.2,19.5,2,0,94.9
Snake Plant,clay,large,seedling,41.7,33.9,64.6,475.4,4.6,36.8,1,1,92.2
Aloe Vera,loamy,small,mature,10.4,32.0,59.7,1111.4,8.7,21.7,1,0,98.1
Money Plant,clay,large,mature,40.9,19.6,29.7,374.2,5.6,7.5,2,0,95.2
Fern,clay,medium,seedling,62.6,36.3,88.70948350595292,464.0,5.4,59.2,3,0,81.8
Jade Plant,sandy,medium,seedling,25.6,29.6,37.9,702.5,8.6,53.4,1,0,90.5
Areca Palm,clay,medium,young,53.0,30.4,92.1,415.7,4.8,57.6,4,0,99.6
Spider Plant,sandy,small,young,11.2,25.5,64.5,495.1,4.2,47.3,2,1,99.4
Peace Lily,sandy,medium,mature,47.5,25.5,89.95438501339984,404.7,4.0,50.8,5,1,83.9
Snake Plant,sandy,large,seedling,27.3,23.1,75.3,528.8,5.4,21.8,1,0,98.9
Areca Palm,clay,medium,mature,71.4,30.2,65.3,338.8,5.6,23.3,4,0,100.0
Peace Lily,loamy,large,young,72.9,16.6,63.37891543868284,286.8,2.4,34.3,3,0,92.6
Aloe Vera,sandy,small,mature,16.9,35.5,77.9,483.6,6.3,8.2,1,1,78.5
Snake Plant,clay,medium,mature,19.8,29.5,27.1,826.6,7.5,71.2,1,1,85.7
Aloe Vera,sandy,medium,young,6.7,25.1,45.0,544.2,6.6,58.2,1,1,81.9
Jade Plant,sandy,large,mature,6.8,17.2,27.3,532.3,6.0,40.9,1,1,93.6
Peace Lily,sandy,large,mature,64.6,37.0,89.13410181002033,442.1,4.3,25.4,3,0,91.2
Fern,sandy,small,young,44.6,24.8,64.45173343556789,330.3,4.1,35.9,3,1,95.5
Fern,clay,small,seedling,75.6,33.9,84.61456598733874,274.3,2.3,69.7,4,0,85.7
Jade Plant,sandy,large,mature,4.7,26.5,52.9,666.5,8.8,33.9,1,1,100.0
Monstera,loamy,small,seedling,54.4,22.8,64.87510198465112,520.2,4.2,66.5,3,1,86.6
Money Plant,sandy,medium,seedling,57.2,33.5,64.5,321.2,5.0,30.0,2,0,92.4
Snake Plant,loamy,medium,seedling,15.3,21.2,27.9,858.9,7.3,21.8,1,1,100.0
Aloe Vera,sandy,small,seedling,16.2,32.8,81.8,1009.2,9.4,53.1,1,0,75.5
Money Plant,clay,medium,mature,54.9,17.9,74.1,569.1,5.3,70.7,2,0,88.7
Aloe Vera,clay,medium,seedling,3.6,20.5,31.4,1051.5,7.7,58.2,1,1,85.4
Money Plant,sandy,large,seedling,37.5,33.7,30.4,394.2,4.8,43.4,2,1,93.9
Monstera,sandy,large,young,44.6,26.0,92.84295498600316,241.1,2.8,58.6,4,1,89.0
Aloe Vera,clay,large,young,13.3,36.7,79.6,916.1,8.6,19.3,1,1,77.0
Fern,sandy,small,young,66.5,35.7,74.4,552.4,5.6,37.5,4,0,88.0
Fern,sandy,small,young,45.7,31.7,84.44196787036739,436.1,4.6,8.2,3,1,100.0
Money Plant,clay,medium,mature,38.3,23.8,82.9,415.2,6.6,1.4,3,1,98.8
Areca Palm,sandy,small,seedling,54.0,23.7,71.2,462.5,4.9,25.0,4,0,95.3
Jade Plant,clay,medium,mature,25.1,20.0,26.9,1119.4,8.5,56.3,1,0,100.0
Money Plant,sandy,large,young,44.0,36.9,90.3,471.8,5.4,40.9,4,1,90.2
Tulsi,clay,medium,mature,71.1,37.8,41.7,585.3,6.4,6.2,3,0,87.5
Fern,clay,medium,mature,59.4,24.1,68.76796467143983,531.5,4.6,0.9,5,0,98.1
Peace Lily,clay,small,young,63.5,25.6,76.80727684737003,365.4,5.4,4.2,4,0,100.0
Monstera,loamy,large,young,54.8,36.9,69.08392809642059,145.5,4.0,12.6,4,1,93.7
Money Plant,sandy,small,mature,67.9,15.9,72.9,466.0,5.0,16.4,4,0,94.5
Monstera,clay,small,mature,65.5,34.4,84.5,115.5,3.4,32.0,3,0,100.0
Aloe Vera,sandy,medium,mature,16.7,23.5,82.6,1125.5,8.6,10.3,1,0,83.3
Peace Lily,clay,medium,mature,54.8,23.6,91.0,286.1,2.2,65.7,3,1,80.3
Jade Plant,sandy,medium,mature,26.5,31.5,76.9,1164.0,8.9,27.3,1,0,85.8
Tulsi,clay,large,seedling,73.7,37.0,92.1,472.3,5.5,39.5,4,0,79.2
Snake Plant,loamy,small,mature,28.7,25.9,61.7,472.6,5.0,65.6,2,0,98.3
Peace Lily,sandy,medium,young,51.6,32.2,93.5162989855404,115.9,3.6,40.4,5,1,95.8
Peace Lily,loamy,medium,mature,51.8,20.3,92.40009318155464,281.9,3.0,48.5,3,1,86.7
Jade Plant,clay,medium,young,16.3,22.2,30.7,945.6,9.9,45.5,1,0,100.0
Tulsi,clay,small,seedling,57.1,17.8,43.4,337.9,6.2,2.5,3,0,79.3
Tulsi,sandy,small,mature,69.6,34.9,89.3,509.1,4.4,17.4,3,0,97.9
Peace Lily,clay,large,mature,45.7,29.2,94.6,573.2,5.8,45.4,5,1,100.0
Spider Plant,clay,medium,mature,44.4,18.1,37.8,302.3,4.8,42.7,1,0,100.0
Areca Palm,clay,medium,young,46.1,19.1,75.6,448.0,4.7,3.5,2,0,100.0
Fern,loamy,large,young,73.2,21.6,61.467705022465815,564.7,5.8,52.6,3,0,99.3
Monstera,loamy,large,young,47.0,17.3,77.0322503921545,133.9,2.9,67.6,4,1,72.6
Jade Plant,sandy,small,mature,17.7,21.4,31.7,701.3,8.0,43.1,1,0,95.4
Fern,loamy,small,seedling,57.5,26.2,92.96320854258383,519.6,4.3,37.5,4,0,100.0
Monstera,sandy,large,mature,77.4,36.1,69.20697862684901,597.9,5.5,52.7,4,0,86.2
Peace Lily,sandy,large,seedling,65.0,31.7,75.87124203944086,501.6,4.9,5.3,4,0,91.9
Money Plant,clay,small,mature,66.2,33.3,47.2,487.8,6.5,68.3,4,0,100.0
Aloe Vera,sandy,large,young,10.1,35.1,40.4,890.7,7.9,13.5,1,1,90.0
Tulsi,sandy,large,seedling,62.3,36.9,85.0,447.2,5.3,44.0,2,0,82.1
Money Plant,clay,large,young,44.1,29.1,69.2,497.1,5.5,13.0,3,0,98.0
Aloe Vera,clay,large,young,22.6,26.3,69.1,777.3,8.2,15.8,1,0,100.0
Monstera,clay,medium,young,51.8,20.7,83.12145008872278,179.6,3.4,9.2,4,1,100.0
Areca Palm,loamy,medium,mature,54.4,20.4,45.4,531.5,4.2,18.8,3,0,98.2
Spider Plant,clay,medium,young,33.8,21.0,28.8,545.6,5.7,22.2,1,0,99.1
Jade Plant,sandy,large,seedling,31.7,32.9,32.7,677.5,8.4,38.9,1,0,94.5
Money Plant,clay,small,mature,64.7,22.7,49.7,455.6,6.0,26.1,2,0,97.0
Tulsi,loamy,medium,mature,70.5,20.3,81.1,465.9,5.2,17.9,3,0,95.1
Money Plant,loamy,small,mature,38.3,24.2,58.9,489.5,4.1,49.5,3,1,80.3
Snake Plant,clay,large,young,24.6,18.0,76.8,451.4,4.4,50.7,1,0,100.0
Money Plant,sandy,large,mature,63.1,28.9,35.6,481.7,4.6,22.5,3,0,98.2
Fern,loamy,small,young,54.6,21.3,80.16704135759929,185.9,3.5,16.0,5,1,99.1
Monstera,clay,medium,mature,44.1,27.3,85.46451087130293,528.8,5.8,51.4,4,1,84.5
Jade Plant,sandy,medium,seedling,4.9,25.3,58.4,686.3,7.2,45.4,1,1,95.8
Fern,sandy,small,young,60.7,28.6,78.31919841696421,528.2,5.4,4.2,4,0,99.9
Spider Plant,clay,large,young,42.2,34.2,27.6,760.9,8.4,15.1,2,1,100.0
Areca Palm,loamy,medium,young,49.9,37.1,41.5,557.6,5.5,71.5,3,0,85.8
Snake Plant,clay,large,seedling,19.8,23.6,78.0,431.3,4.8,70.0,1,1,80.4
Spider Plant,clay,small,mature,43.8,33.5,59.1,389.0,6.0,31.4,2,1,97.9
Monstera,loamy,medium,mature,49.1,35.5,78.31379342061159,222.8,2.8,51.4,4,1,75.2
Monstera,clay,medium,seedling,73.1,36.5,89.9,442.2,4.9,22.9,3,0,76.8
Areca Palm,sandy,small,young,35.7,31.1,38.9,318.3,5.0,33.7,3,1,96.6
Peace Lily,loamy,large,seedling,51.8,22.9,88.72640506850834,475.3,5.5,22.0,4,1,100.0
Spider Plant,clay,large,mature,38.3,29.8,39.2,768.0,7.7,18.9,1,0,96.0
Fern,loamy,large,young,66.1,22.6,93.83306110840653,484.8,4.9,65.5,4,0,97.1
Money Plant,sandy,small,seedling,34.9,36.4,68.0,397.0,6.6,64.5,3,1,60.5
Fern,clay,medium,mature,74.4,25.8,79.60507973107423,177.1,3.5,34.2,3,0,98.1
Fern,clay,large,seedling,82.2,35.3,89.1761726865231,552.0,4.8,40.4,5,0,79.9
Monstera,loamy,small,mature,50.3,35.7,89.93803096050513,403.8,5.1,30.5,4,1,91.2
Aloe Vera,clay,medium,seedling,9.6,36.5,94.7,716.9,7.4,42.2,1,1,63.3
Peace Lily,clay,large,seedling,55.5,29.0,73.94029007507196,511.3,6.0,19.7,4,0,95.6
Jade Plant,sandy,large,young,16.5,37.9,69.3,1125.0,7.9,54.0,1,1,78.1
Money Plant,clay,small,mature,64.1,35.6,35.7,550.2,4.2,8.6,2,0,89.4
Money Plant,clay,small,mature,59.0,21.4,84.7,551.2,4.1,61.1,4,0,98.2
Tulsi,loamy,large,young,48.8,26.9,90.8,319.5,6.0,59.4,4,0,100.0
Monstera,sandy,small,young,72.5,16.0,67.6,551.4,5.0,0.2,4,0,87.7
Peace Lily,sandy,medium,young,67.2,28.1,73.7,354.8,5.7,6.2,4,0,98.2
Money Plant,sandy,small,seedling,64.0,29.7,57.2,504.3,4.9,67.9,2,0,93.6
Tulsi,clay,small,young,39.9,31.2,37.5,550.6,5.2,19.6,3,1,97.0
Monstera,clay,large,young,67.0,21.1,87.03296905356575,548.9,4.1,49.5,4,0,96.7
Jade Plant,clay,small,mature,17.3,28.1,94.6,1009.2,8.6,20.8,1,0,83.4
Fern,loamy,large,young,53.5,17.1,79.1,455.1,5.7,45.4,4,1,89.8
Areca Palm,loamy,medium,young,67.9,28.0,71.1,488.8,6.1,62.6,3,0,95.1
Spider Plant,clay,medium,young,49.9,29.9,32.0,464.0,4.8,54.1,2,0,99.4
Jade Plant,clay,large,mature,18.2,31.0,76.2,517.0,7.0,43.3,1,0,84.8
Spider Plant,clay,small,seedling,33.8,32.6,88.1,380.8,6.1,41.6,2,0,90.9
Tulsi,loamy,small,young,72.1,35.4,92.6,470.4,6.9,10.0,2,0,91.6
Money Plant,sandy,medium,seedling,40.7,33.4,57.1,360.1,6.0,12.4,2,1,88.1
Tulsi,sandy,small,young,61.7,17.1,42.1,347.8,4.0,7.2,3,0,90.5
Spider Plant,loamy,small,young,39.2,30.4,83.2,395.5,5.9,67.3,1,0,99.0
Peace Lily,clay,large,mature,66.0,35.1,77.09082650725307,475.9,5.0,16.0,4,0,91.1
Aloe Vera,clay,medium,young,22.5,26.5,25.1,646.4,7.6,16.6,1,0,100.0
Money Plant,sandy,medium,young,37.8,17.1,51.9,416.0,4.9,59.1,2,1,70.3
Spider Plant,sandy,small,young,29.3,30.7,83.4,519.8,5.7,47.2,1,0,99.0
Money Plant,sandy,medium,seedling,50.9,28.2,51.9,501.1,6.0,30.4,3,0,95.5
Spider Plant,clay,large,mature,49.9,17.7,81.5,1027.2,7.9,60.8,2,0,94.7
Snake Plant,sandy,medium,mature,15.0,32.5,85.9,580.3,5.7,42.5,1,1,97.0
Jade Plant,loamy,medium,young,5.4,16.1,44.7,820.3,8.0,64.0,1,1,76.9
Monstera,clay,medium,mature,66.1,21.8,82.3,189.4,3.7,21.4,3,0,95.4
Snake Plant,clay,large,seedling,21.2,27.2,52.7,343.4,4.6,35.5,1,0,100.0
Peace Lily,clay,large,mature,77.8,20.6,88.71699741724548,312.2,4.3,23.5,5,0,95.4
Jade Plant,loamy,large,seedling,6.1,23.8,93.6,1049.6,9.7,30.4,1,1,80.2
Monstera,loamy,large,mature,60.6,35.3,87.77756781658178,598.5,4.3,44.3,3,0,90.4
Aloe Vera,loamy,small,young,32.3,28.2,40.1,1013.3,7.1,13.4,1,0,100.0
Money Plant,loamy,medium,seedling,50.3,30.6,44.1,497.2,6.3,19.8,2,0,89.6
Peace Lily,sandy,small,seedling,44.8,15.4,85.48573896230144,438.2,4.4,30.3,4,1,81.0
Fern,clay,medium,mature,57.7,15.3,65.31225194162252,449.7,5.4,38.3,4,0,86.7
Spider Plant,clay,medium,seedling,17.7,30.2,65.0,403.6,6.8,14.9,2,1,94.8
Peace Lily,clay,medium,young,49.1,25.4,65.83570068217277,186.3,3.4,71.7,5,1,80.2
Monstera,loamy,large,young,65.9,37.8,81.24926100081703,329.1,5.4,15.7,4,0,94.9
Jade Plant,clay,small,seedling,33.8,32.6,93.9,811.2,8.2,15.7,1,0,79.0
Monstera,clay,medium,mature,81.6,17.4,86.9,417.7,4.1,61.9,5,0,89.9
Areca Palm,clay,medium,seedling,45.1,36.2,37.4,528.9,6.5,47.2,4,0,81.8
Snake Plant,clay,large,mature,21.5,24.6,54.3,683.1,7.1,44.6,1,0,100.0
Jade Plant,loamy,large,young,12.2,36.7,47.8,883.1,8.3,6.5,1,1,88.7
Jade Plant,loamy,medium,mature,31.5,26.8,38.5,1033.8,7.8,17.2,1,0,99.7
Aloe Vera,clay,small,young,21.2,16.5,27.2,1010.2,7.8,31.9,1,0,87.4
Tulsi,clay,large,mature,48.1,17.6,67.3,516.6,4.7,5.0,2,0,92.5
Spider Plant,loamy,medium,young,21.8,16.6,54.2,964.2,7.6,71.2,1,0,92.1
Areca Palm,clay,large,seedling,67.0,21.7,52.9,515.0,5.1,36.8,2,0,100.0
Spider Plant,sandy,small,seedling,33.9,34.5,78.1,819.9,7.6,47.3,1,1,86.4
Aloe Vera,clay,small,young,6.6,17.2,69.9,894.9,9.6,17.6,1,1,87.6
Monstera,loamy,medium,young,67.6,33.1,74.0,204.4,2.6,1.9,5,0,100.0
Jade Plant,clay,large,young,20.9,22.1,75.1,1027.8,7.2,48.5,1,0,81.5
Tulsi,sandy,large,young,44.1,34.8,43.0,344.5,5.7,0.9,2,1,98.6
Fern,loamy,large,young,82.8,26.0,88.0,394.3,5.4,27.0,5,0,100.0
Areca Palm,loamy,small,mature,48.9,26.1,58.9,402.7,6.8,22.3,4,0,97.2
Monstera,loamy,large,seedling,61.1,29.9,91.72057096233239,553.7,5.4,56.4,5,0,90.2
Aloe Vera,loamy,small,young,5.6,30.3,52.9,640.3,7.3,39.8,1,1,100.0
Fern,sandy,small,young,53.8,28.0,66.39396301760871,557.3,5.7,16.4,5,1,100.0
Tulsi,sandy,large,young,41.3,27.7,31.4,339.8,6.7,21.8,2,0,97.1
Aloe Vera,loamy,large,young,27.9,25.7,62.6,980.3,7.3,14.1,1,0,96.2
Snake Plant,clay,small,seedling,34.2,27.5,40.0,558.3,6.9,8.0,1,0,100.0
Aloe Vera,loamy,large,mature,10.7,32.4,94.5,762.4,7.6,45.4,1,0,83.3
Areca Palm,loamy,medium,mature,42.7,21.9,85.7,450.9,6.0,45.1,3,0,96.1
Tulsi,clay,small,young,54.0,35.5,60.7,429.6,4.2,21.9,2,0,94.3
Areca Palm,clay,large,mature,65.6,27.4,37.8,450.5,4.6,23.0,2,0,100.0
Snake Plant,loamy,medium,mature,24.9,19.8,72.0,1071.5,7.8,61.4,1,0,100.0
Tulsi,clay,large,young,64.6,30.0,80.2,378.9,4.7,67.3,3,0,100.0
Peace Lily,sandy,medium,young,53.5,31.7,83.0,183.4,3.6,54.9,4,1,84.0
Spider Plant,clay,large,seedling,15.3,37.4,78.7,515.0,5.0,21.2,1,1,78.7
Peace Lily,clay,medium,young,76.4,27.8,77.60301977696724,332.1,5.4,17.5,5,0,98.3
Areca Palm,loamy,large,young,64.8,36.9,91.3,572.7,6.1,35.1,3,0,87.8
Jade Plant,loamy,medium,seedling,12.9,17.3,69.8,1154.2,7.5,8.0,1,0,76.3
Snake Plant,clay,large,young,38.0,34.0,86.2,431.5,6.8,23.6,1,1,100.0
Monstera,loamy,large,young,73.2,30.9,84.89909414847969,270.7,3.3,65.2,5,0,99.5
Aloe Vera,sandy,medium,young,7.7,20.2,50.4,755.4,9.9,43.5,1,1,100.0
Tulsi,sandy,large,young,65.3,24.8,81.4,596.9,4.2,26.9,4,0,100.0
Money Plant,loamy,medium,mature,58.4,26.3,65.2,327.6,4.2,40.2,4,0,96.1
Tulsi,loamy,small,mature,73.5,36.2,67.7,429.3,6.3,19.9,2,0,89.5
Tulsi,loamy,medium,seedling,50.0,19.2,65.3,584.6,6.2,64.0,4,0,99.0
Monstera,sandy,large,young,59.8,15.4,89.9451121151533,530.3,4.3,38.3,4,0,91.5
Aloe Vera,loamy,medium,mature,28.1,34.9,35.7,354.5,6.8,1.9,1,1,100.0
Money Plant,sandy,large,young,46.9,37.0,47.9,360.5,6.0,11.8,2,0,94.9
Aloe Vera,sandy,medium,seedling,15.8,18.2,87.9,825.1,9.3,32.0,1,0,77.4
Aloe Vera,clay,small,young,25.6,25.1,38.9,674.8,8.4,69.8,1,0,100.0
Jade Plant,loamy,large,seedling,30.4,18.7,39.7,815.0,9.0,71.7,1,0,89.2
Aloe Vera,sandy,large,young,31.5,26.0,60.6,414.0,6.1,30.2,1,0,100.0
Snake Plant,clay,medium,young,47.5,34.2,55.4,510.4,5.1,46.8,2,0,100.0
Areca Palm,sandy,medium,mature,37.8,29.9,47.6,302.8,4.5,37.3,2,1,96.4
Areca Palm,sandy,small,mature,58.7,33.5,85.6,547.0,5.9,30.2,3,0,96.7
Fern,sandy,large,mature,47.8,19.2,86.5,180.7,2.8,26.9,3,1,100.0
Jade Plant,clay,small,seedling,5.9,22.6,87.2,1148.1,9.5,3.3,1,1,83.8
Jade Plant,loamy,large,seedling,31.6,18.6,26.0,596.5,6.4,8.1,1,0,89.8
Spider Plant,loamy,medium,seedling,14.6,34.7,81.7,570.9,6.3,9.2,2,1,91.6
Peace Lily,loamy,large,mature,75.5,17.2,66.87004837694879,126.0,2.9,67.8,5,0,87.3
Snake Plant,loamy,small,mature,17.9,24.3,87.1,519.0,5.3,21.7,1,1,100.0
Areca Palm,loamy,large,mature,45.3,26.9,94.1,412.4,5.0,10.5,2,0,100.0
Money Plant,loamy,medium,mature,41.4,16.1,38.9,550.6,5.9,17.1,2,0,89.0
Money Plant,loamy,medium,young,68.1,34.7,38.1,597.8,5.2,32.6,4,0,97.6
Areca Palm,sandy,large,young,46.4,30.1,61.0,542.1,4.8,35.1,2,0,100.0
Snake Plant,loamy,medium,mature,31.2,21.0,79.7,675.7,8.8,16.4,1,0,99.6
Snake Plant,sandy,large,mature,23.1,21.8,86.1,581.9,6.8,69.6,2,0,100.0
Tulsi,clay,large,seedling,65.0,18.3,72.6,406.2,6.2,43.3,2,0,86.5
Fern,loamy,small,mature,80.1,23.3,65.8363713182995,236.1,2.6,45.7,5,0,100.0
Aloe Vera,loamy,small,mature,26.6,36.7,67.7,1175.4,7.1,68.3,1,1,73.0
Fern,clay,medium,young,55.0,22.4,75.5,393.5,4.2,66.5,3,0,100.0
Snake Plant,sandy,medium,seedling,43.3,18.3,82.6,347.8,6.0,30.2,1,0,90.9
Aloe Vera,clay,small,seedling,29.3,37.2,44.3,521.9,6.5,68.0,1,1,61.5
Areca Palm,sandy,large,young,37.1,32.5,25.8,531.5,5.6,43.1,3,1,97.3
Areca Palm,clay,small,mature,35.3,32.1,56.8,381.6,5.0,71.1,4,1,83.8
Monstera,sandy,large,young,69.1,24.8,86.5460836528893,120.6,2.9,71.8,4,0,100.0
Jade Plant,clay,small,mature,16.0,26.4,74.1,331.6,6.2,55.4,1,0,88.4
Monstera,clay,large,mature,54.6,22.6,71.7,261.2,2.4,17.5,4,1,99.9
Jade Plant,clay,large,young,25.6,17.4,79.7,1102.4,8.2,27.1,1,0,75.2
Spider Plant,sandy,large,seedling,51.6,28.6,80.6,529.2,4.6,26.0,1,0,100.0
Jade Plant,clay,medium,mature,27.5,32.1,49.3,944.0,9.4,37.6,1,0,100.0
Spider Plant,loamy,small,seedling,52.7,28.0,26.7,423.6,5.5,2.0,1,0,99.6
Monstera,clay,large,young,54.7,23.1,92.6,490.4,4.8,55.3,3,1,81.6
Fern,loamy,large,young,74.5,32.0,89.56519460301305,400.1,5.4,44.4,3,0,100.0
Aloe Vera,clay,medium,seedling,15.5,36.0,31.3,983.7,8.5,54.5,1,1,62.0
Areca Palm,clay,medium,young,72.7,35.6,77.8,356.9,4.0,22.4,3,0,90.1
Fern,clay,large,mature,47.3,19.1,68.3,563.1,4.4,29.1,3,1,97.6
Peace Lily,loamy,medium,young,76.7,18.1,88.51005800572227,388.2,5.5,41.0,5,0,95.8
Aloe Vera,clay,small,seedling,10.7,27.6,71.7,1099.9,8.0,70.8,1,0,82.5
Aloe Vera,clay,large,seedling,33.2,18.3,45.8,890.0,9.4,31.6,1,0,90.6
Jade Plant,sandy,medium,seedling,19.8,34.5,65.7,1187.5,9.6,53.8,1,1,77.1
Peace Lily,clay,medium,young,52.5,23.4,89.8,340.3,5.8,61.9,5,1,89.9
Aloe Vera,loamy,large,seedling,34.3,17.2,89.2,921.2,8.8,7.5,1,0,68.3
Aloe Vera,loamy,medium,mature,26.6,31.1,93.4,380.7,6.9,60.2,1,0,84.6
Areca Palm,clay,large,young,35.3,16.5,94.7,317.3,5.7,25.0,3,1,93.7
Tulsi,sandy,large,young,55.9,16.5,75.3,479.3,4.1,31.0,4,0,92.6
Tulsi,clay,small,mature,60.7,25.4,62.7,539.5,4.7,36.6,3,0,99.1
Fern,loamy,large,young,46.9,34.8,93.0,321.3,5.1,4.6,4,1,99.1
Tulsi,loamy,small,seedling,71.4,37.5,79.2,578.6,4.1,52.5,2,0,78.3
Snake Plant,clay,large,mature,31.1,36.8,52.1,403.0,4.7,6.9,2,1,88.6
Spider Plant,clay,medium,seedling,22.9,19.2,53.1,525.5,5.7,37.7,1,0,95.2
Jade Plant,sandy,large,seedling,3.6,30.7,31.7,607.5,9.9,23.5,1,1,88.1
Jade Plant,loamy,medium,seedling,22.4,37.0,38.2,365.5,6.7,24.9,1,1,83.7
Tulsi,loamy,medium,mature,67.2,19.1,55.8,544.3,5.5,32.0,2,0,100.0
Fern,sandy,medium,young,63.2,17.5,91.5080710760523,220.7,4.0,71.8,3,0,94.2
Areca Palm,loamy,large,young,61.1,33.0,91.1,409.7,5.0,17.2,2,0,100.0
Aloe Vera,clay,small,young,17.5,16.3,93.8,995.8,9.4,54.3,1,0,75.9
Fern,sandy,large,mature,66.8,22.4,78.25854863074773,493.0,5.0,20.3,5,0,96.4
Aloe Vera,clay,large,young,18.9,24.3,51.4,792.9,8.0,34.9,1,0,98.9
Areca Palm,clay,large,mature,41.0,16.3,83.2,476.2,4.9,64.8,2,0,90.4
Peace Lily,loamy,small,mature,56.6,15.6,93.7465489195416,265.1,2.2,62.9,4,0,92.4
Fern,sandy,large,young,53.3,30.7,93.24875054135686,513.7,5.6,5.3,4,1,97.0
Aloe Vera,loamy,large,mature,11.2,15.4,89.5,1154.6,8.8,0.3,1,0,72.4
Peace Lily,sandy,medium,seedling,41.8,23.6,83.6,377.5,4.5,66.4,3,1,86.8
Monstera,sandy,large,mature,42.0,36.0,73.19961167673047,356.8,5.4,56.1,4,1,72.5
Money Plant,loamy,large,young,39.8,16.0,78.7,491.3,4.7,8.3,4,1,94.0
Areca Palm,sandy,small,mature,43.4,22.5,91.0,508.5,6.1,20.5,4,0,97.9
Jade Plant,clay,small,seedling,10.5,24.1,87.0,553.9,6.3,14.5,1,0,85.2
Money Plant,clay,medium,seedling,50.0,17.6,27.7,541.9,6.3,17.4,2,0,81.2
Areca Palm,loamy,small,young,72.2,28.7,27.9,517.5,6.3,3.2,2,0,95.1
Tulsi,clay,medium,seedling,59.7,23.1,39.0,584.0,5.1,36.4,3,0,97.3
Aloe Vera,clay,large,mature,6.1,25.1,86.0,458.6,7.0,40.1,1,1,81.4
Peace Lily,sandy,small,mature,44.8,16.5,65.94703346746249,411.1,5.7,10.3,5,1,86.0
Aloe Vera,sandy,medium,seedling,24.7,27.9,82.0,367.4,6.5,45.2,1,0,85.6
Snake Plant,sandy,large,young,23.3,36.6,70.1,524.4,6.2,49.2,2,1,76.1
Peace Lily,loamy,medium,young,63.0,36.1,67.83439423929347,246.2,3.1,69.3,4,0,88.9
Monstera,sandy,medium,mature,45.4,15.5,81.4,555.5,5.5,71.1,4,1,71.3
Peace Lily,sandy,medium,young,62.4,35.3,76.22310040685988,233.1,3.4,9.6,4,0,90.3
Aloe Vera,sandy,large,seedling,24.9,28.1,91.4,818.0,9.1,33.4,1,0,88.6
Spider Plant,clay,large,young,18.0,19.9,34.9,549.9,5.5,55.8,2,1,86.2
Money Plant,sandy,small,young,50.2,27.7,36.0,583.0,5.3,1.7,4,0,97.1
Jade Plant,loamy,small,young,24.6,37.6,72.6,945.0,8.6,57.7,1,1,56.5
Peace Lily,clay,small,mature,57.4,18.0,90.2,310.6,4.5,7.0,5,0,95.7
Money Plant,sandy,small,young,69.1,34.6,46.9,587.4,6.2,22.1,2,0,95.7
Jade Plant,clay,large,young,12.1,25.9,74.3,468.6,6.4,64.9,1,0,81.5
Spider Plant,sandy,large,mature,35.9,24.4,64.3,1142.2,7.4,70.3,2,0,100.0
Tulsi,clay,small,seedling,47.6,18.1,51.7,475.9,6.3,71.1,2,0,88.6
Areca Palm,loamy,large,seedling,51.8,25.3,26.4,565.7,5.7,71.1,4,0,100.0
Snake Plant,sandy,small,mature,16.4,21.9,52.6,792.4,8.8,51.2,1,1,89.5
Snake Plant,clay,large,young,30.8,15.4,87.4,375.8,5.8,37.0,1,0,94.8
Money Plant,clay,medium,seedling,46.7,16.2,41.7,401.3,7.0,19.6,3,0,85.0
Areca Palm,loamy,small,young,72.8,27.7,34.1,472.1,4.0,21.8,4,0,97.0
Areca Palm,clay,medium,seedling,48.3,31.0,43.9,556.1,6.4,56.5,3,0,89.1
Peace Lily,sandy,medium,mature,52.7,21.0,91.96750727106331,325.4,5.7,48.0,3,1,98.2
Fern,sandy,small,seedling,47.4,33.5,62.27357093535523,371.1,4.3,6.3,4,1,85.8
Money Plant,loamy,medium,mature,71.2,16.6,65.8,399.3,5.9,47.9,3,0,91.1
Money Plant,loamy,small,seedling,39.0,36.1,89.9,301.2,6.9,57.0,4,1,62.3
Money Plant,loamy,small,young,51.0,22.4,62.1,448.6,6.1,50.9,2,0,99.7
Jade Plant,sandy,medium,seedling,31.1,26.7,30.6,1126.9,7.1,41.4,1,0,96.9
Snake Plant,loamy,small,seedling,53.4,19.3,47.5,550.8,6.0,21.4,1,0,99.1
Monstera,sandy,medium,young,65.4,34.0,91.16946260545303,384.4,4.7,11.6,5,0,95.6
Areca Palm,clay,large,seedling,37.0,29.3,82.2,593.2,5.3,48.6,4,1,73.2
Peace Lily,loamy,large,mature,54.1,30.6,75.77754328052653,444.1,5.0,36.0,4,1,100.0
Peace Lily,loamy,large,seedling,70.2,20.2,76.27306856810385,284.7,3.8,60.9,4,0,100.0
Areca Palm,clay,medium,seedling,51.0,18.3,77.5,536.5,6.6,27.5,2,0,93.7
Tulsi,clay,medium,seedling,71.0,25.0,82.2,355.2,5.8,6.8,2,0,98.9
Tulsi,clay,medium,seedling,45.8,15.5,52.5,357.0,4.8,43.7,4,0,80.0
Spider Plant,sandy,medium,mature,16.9,16.4,92.3,964.7,7.5,10.2,2,1,90.2
Areca Palm,sandy,medium,young,38.0,15.3,46.6,485.5,4.9,44.0,4,1,91.0
Fern,clay,medium,mature,49.2,23.6,93.96507469246765,189.4,2.3,30.0,5,1,97.1
Peace Lily,loamy,small,young,63.2,29.6,88.1,399.3,4.3,14.0,4,0,96.3
Peace Lily,loamy,large,seedling,76.1,31.3,77.10057720329934,103.9,3.9,36.8,3,0,86.0
Tulsi,loamy,medium,seedling,68.2,27.2,57.4,434.8,4.8,56.0,4,0,100.0
Monstera,loamy,small,young,52.4,34.5,60.106862980518514,224.1,3.4,40.5,5,1,100.0
Peace Lily,clay,medium,mature,75.8,35.3,93.52039934940503,336.1,4.4,52.8,3,0,92.4
Aloe Vera,loamy,large,young,25.4,20.7,51.3,778.9,9.4,14.7,1,0,98.0
Money Plant,loamy,large,young,70.9,16.8,57.5,414.6,5.3,11.3,2,0,89.4
Peace Lily,sandy,medium,young,62.9,21.3,80.52681173755786,103.4,3.3,3.8,3,0,98.3
Areca Palm,clay,small,young,35.2,34.1,51.3,418.7,5.9,23.5,3,1,100.0
Money Plant,loamy,medium,young,68.5,28.0,64.8,514.1,6.2,35.8,2,0,100.0
Tulsi,sandy,small,mature,36.0,18.8,75.0,401.4,6.9,29.7,3,1,100.0
Areca Palm,clay,large,seedling,50.5,27.1,69.9,326.8,5.6,14.9,2,0,96.6
Monstera,sandy,small,seedling,45.6,29.8,67.89319542612331,143.8,2.2,16.8,5,1,86.5
Tulsi,loamy,medium,young,48.4,23.9,69.4,447.7,6.3,48.2,4,0,100.0
Fern,sandy,small,seedling,65.0,28.6,72.22835369083171,276.3,2.3,36.7,3,0,100.0
Spider Plant,sandy,small,mature,38.9,15.2,68.9,453.3,6.8,11.5,2,0,87.0
Jade Plant,clay,medium,seedling,7.3,22.5,43.2,617.3,7.1,43.4,1,1,100.0
Fern,clay,small,seedling,47.1,17.6,67.00499222868365,524.2,4.3,60.0,3,1,66.7
Jade Plant,clay,medium,young,20.9,16.3,68.8,751.4,9.5,36.8,1,0,88.1
Aloe Vera,sandy,medium,seedling,22.5,26.5,75.4,834.5,7.8,54.3,1,0,89.2
Areca Palm,loamy,large,young,70.1,33.3,71.7,565.3,5.8,61.4,2,0,100.0
Money Plant,clay,small,young,73.0,25.2,76.0,364.6,4.2,13.7,2,0,99.2
Peace Lily,sandy,medium,young,41.6,30.0,70.57175401571641,286.0,3.1,63.9,3,1,88.0
Aloe Vera,sandy,large,mature,30.9,36.9,80.5,704.7,9.7,8.1,1,1,77.2
Areca Palm,loamy,large,mature,57.3,21.3,26.6,346.0,6.2,4.7,2,0,100.0
Money Plant,sandy,medium,young,68.7,34.1,53.9,497.0,6.7,69.1,4,0,100.0
Monstera,loamy,medium,seedling,53.5,33.4,68.21864753319794,100.4,3.8,46.8,3,1,93.7
Spider Plant,loamy,large,young,43.4,33.2,75.1,479.4,5.8,32.9,2,1,99.7
Tulsi,clay,large,young,47.1,31.7,62.9,352.2,5.0,28.9,4,0,99.7
Peace Lily,clay,small,mature,66.3,32.3,93.64852454595191,150.6,2.3,9.9,4,0,100.0
Areca Palm,clay,large,mature,54.2,18.8,28.0,402.5,4.4,45.6,4,0,100.0
Jade Plant,sandy,small,mature,28.1,24.1,82.6,926.4,10.0,37.4,1,0,85.8
Monstera,loamy,large,seedling,74.9,32.0,72.9,539.1,4.9,39.5,4,0,88.9
Spider Plant,sandy,large,young,50.9,32.2,73.1,872.2,7.2,60.1,1,0,100.0
Aloe Vera,loamy,small,mature,29.2,33.4,59.7,783.9,8.8,54.4,1,1,83.0
Aloe Vera,loamy,large,seedling,3.1,36.9,38.4,724.3,7.2,59.6,1,1,66.8
Snake Plant,clay,medium,seedling,30.5,24.7,50.0,412.5,5.7,21.9,2,0,100.0
Areca Palm,loamy,large,mature,34.9,16.0,59.4,376.7,5.1,34.1,3,1,93.0
Fern,sandy,medium,mature,80.3,28.5,86.6,107.7,2.1,35.1,5,0,100.0
Areca Palm,clay,large,seedling,63.2,16.9,75.7,524.7,5.4,17.4,2,0,84.8
Money Plant,clay,medium,mature,42.4,32.9,84.8,505.1,4.3,42.7,3,0,100.0
Money Plant,loamy,medium,seedling,60.3,26.5,57.4,460.7,6.4,52.2,3,0,97.5
Snake Plant,loamy,large,young,48.8,19.0,56.6,399.4,5.5,7.9,1,0,96.5
Snake Plant,sandy,medium,young,43.8,20.7,52.1,626.3,7.9,13.2,1,0,98.4
Jade Plant,clay,small,mature,30.4,25.2,74.1,341.8,6.4,53.3,1,0,89.5
Jade Plant,sandy,medium,young,2.2,23.4,73.9,1016.3,8.1,45.7,1,1,81.1
Areca Palm,sandy,medium,young,35.0,27.8,54.6,499.4,6.6,34.2,3,1,100.0
Aloe Vera,sandy,small,seedling,22.5,18.7,64.9,1197.9,7.8,26.9,1,0,87.6
Snake Plant,loamy,small,mature,22.6,24.5,64.2,524.0,5.5,28.1,1,0,98.7
Fern,sandy,small,mature,44.0,30.3,71.18352191318279,196.1,3.0,15.4,3,1,100.0
Areca Palm,clay,small,seedling,58.8,19.0,63.7,338.1,4.4,36.7,2,0,100.0
Snake Plant,clay,large,seedling,44.4,28.0,42.3,1096.8,8.7,29.3,2,0,100.0
Money Plant,clay,medium,seedling,48.3,19.4,75.9,560.1,5.8,53.9,3,0,96.3
Jade Plant,loamy,medium,mature,12.0,35.1,69.5,898.3,8.1,5.4,1,1,91.0
Spider Plant,sandy,large,seedling,43.9,31.2,79.4,418.0,5.8,33.4,1,0,93.1
Peace Lily,clay,large,mature,81.9,22.5,77.0725628622866,551.9,5.0,42.4,5,0,100.0
Jade Plant,loamy,large,mature,24.0,18.2,48.6,919.6,9.9,44.4,1,0,95.6
Monstera,clay,medium,mature,79.4,26.8,79.81052236031242,161.3,3.4,59.5,3,0,100.0
Spider Plant,clay,medium,mature,45.3,24.7,71.1,1013.0,8.0,13.7,1,0,100.0
Fern,loamy,medium,seedling,49.8,33.4,85.29598895955904,149.4,3.2,43.1,5,1,91.3
Peace Lily,sandy,large,young,73.4,23.6,76.06777287132518,150.9,3.4,5.2,5,0,96.2
Spider Plant,loamy,medium,seedling,23.1,16.5,81.8,597.3,6.3,42.0,2,0,77.8
Jade Plant,clay,small,young,33.4,16.2,54.9,885.8,8.4,27.9,1,0,86.2
Tulsi,sandy,medium,seedling,34.3,15.9,29.9,535.2,4.8,66.7,4,1,66.9
Aloe Vera,sandy,large,mature,33.3,16.4,32.8,770.5,8.9,17.3,1,0,87.2
Jade Plant,loamy,medium,mature,5.1,23.1,41.5,1057.4,8.3,12.4,1,1,100.0
Spider Plant,sandy,large,mature,36.8,15.4,36.2,674.7,8.0,17.7,2,0,89.1
Aloe Vera,clay,large,seedling,12.6,35.5,89.2,501.3,6.0,31.3,1,1,68.6
Spider Plant,clay,small,seedling,41.3,17.3,30.7,566.4,4.8,61.2,2,0,82.5
Money Plant,loamy,medium,seedling,64.8,35.3,59.4,306.2,5.0,36.5,4,0,78.9
Areca Palm,loamy,small,young,67.6,18.3,30.4,536.4,5.1,14.9,4,0,98.1
Spider Plant,clay,small,mature,37.6,21.7,41.2,1011.9,8.8,40.6,2,0,100.0
Snake Plant,clay,large,seedling,29.5,23.9,49.2,433.6,6.2,30.5,2,0,99.4
Peace Lily,sandy,medium,young,46.9,36.0,89.87764310458533,479.7,4.6,58.3,3,1,78.5
Spider Plant,clay,small,seedling,18.0,17.1,89.1,457.6,5.3,18.4,1,1,76.5
Tulsi,clay,medium,seedling,54.6,20.3,46.8,486.3,6.6,41.2,2,0,100.0
Tulsi,clay,large,young,43.1,36.7,87.6,323.1,5.8,55.6,2,1,72.7
Tulsi,loamy,small,young,42.1,27.7,50.8,373.7,6.8,0.6,4,0,100.0
Monstera,loamy,small,mature,47.8,26.6,76.41734112394474,372.6,5.4,43.8,3,1,98.7
Monstera,clay,small,young,54.6,19.0,81.21037644451839,296.6,2.2,9.8,5,1,97.9
Fern,clay,large,young,79.5,27.7,93.67367146653953,406.2,5.8,43.6,4,0,100.0
Spider Plant,clay,large,young,19.4,18.8,85.1,479.9,5.0,26.5,1,1,98.0
Jade Plant,clay,medium,young,17.9,21.9,26.7,729.3,9.0,55.8,1,0,100.0
Areca Palm,loamy,large,seedling,44.1,29.9,46.1,571.1,6.7,18.2,2,0,89.0
Areca Palm,clay,small,young,44.0,18.0,92.2,576.8,6.7,21.3,2,0,95.5
Areca Palm,clay,large,young,66.3,16.8,45.6,580.2,5.4,62.5,4,0,89.8
Peace Lily,clay,small,young,83.4,36.2,86.05181995696333,318.0,4.2,36.7,3,0,91.3
Peace Lily,sandy,medium,young,58.2,22.7,69.97245094089854,203.4,2.2,8.9,4,0,99.4
Areca Palm,clay,large,seedling,63.3,30.3,63.4,590.4,4.2,67.2,4,0,88.8
Areca Palm,loamy,large,mature,71.0,21.1,35.0,382.7,5.9,15.9,2,0,95.4
Money Plant,sandy,small,young,61.6,28.1,54.2,470.5,5.3,71.3,2,0,97.1
Snake Plant,sandy,small,young,23.2,31.7,80.1,896.1,8.6,5.8,1,0,99.6
Peace Lily,loamy,large,young,53.5,34.6,91.9,522.6,5.6,45.5,5,1,98.3
Tulsi,loamy,large,mature,65.9,28.6,72.8,306.7,4.7,34.8,2,0,98.3
Fern,clay,medium,mature,67.0,37.8,63.7273880753101,144.7,2.6,56.4,4,0,93.8
Aloe Vera,clay,small,seedling,16.6,31.0,60.4,939.9,7.6,21.5,1,0,87.4
Jade Plant,clay,large,seedling,6.0,32.8,89.8,859.3,7.6,29.8,1,1,79.8
Peace Lily,clay,small,young,63.9,20.4,86.5,269.9,3.6,20.6,4,0,100.0
Tulsi,clay,small,mature,37.9,22.5,51.4,521.2,4.2,10.8,2,1,99.3
Snake Plant,loamy,large,seedling,20.1,37.8,25.1,553.1,5.5,48.9,1,1,69.2
Peace Lily,loamy,large,seedling,58.2,15.9,94.8710437521355,107.9,2.3,0.0,3,0,84.2
Tulsi,clay,medium,seedling,68.3,21.1,45.4,385.3,6.5,4.7,2,0,100.0
Monstera,sandy,large,mature,50.9,26.8,61.121180793410325,499.5,5.4,50.0,4,1,88.1
Peace Lily,loamy,medium,young,61.0,30.0,87.79901273146982,499.9,5.4,15.2,3,0,99.6
Tulsi,sandy,small,seedling,37.5,28.5,33.2,516.8,4.4,20.3,3,1,98.3
Peace Lily,loamy,small,mature,78.1,26.1,92.99025556823182,476.3,4.2,67.5,5,0,97.1
Areca Palm,loamy,small,young,36.0,18.6,38.4,541.1,6.5,28.0,2,1,100.0
Areca Palm,loamy,medium,mature,66.5,34.8,56.5,426.7,6.9,22.7,4,0,100.0
Jade Plant,loamy,small,seedling,11.1,35.0,36.5,562.7,6.4,24.1,1,1,85.4
Tulsi,sandy,large,mature,40.4,26.4,44.5,531.3,5.3,45.5,2,0,100.0
Jade Plant,clay,medium,seedling,32.6,17.4,79.0,344.3,6.8,49.0,1,0,68.6
Fern,clay,large,young,69.4,35.5,94.6,519.4,5.1,2.8,5,0,94.6
Jade Plant,loamy,medium,mature,10.1,37.9,57.0,476.8,6.1,69.5,1,1,70.6
Spider Plant,clay,large,mature,37.2,20.3,47.1,567.5,5.3,61.4,2,0,100.0
Jade Plant,clay,medium,young,11.6,15.1,41.0,743.4,9.3,0.2,1,0,85.5
Snake Plant,clay,large,mature,48.9,36.6,26.1,998.0,7.8,35.8,2,0,90.8
Fern,loamy,large,young,81.4,32.9,84.9,209.0,3.3,14.4,4,0,100.0
Snake Plant,clay,large,seedling,19.8,36.8,26.4,387.7,4.8,18.5,2,1,76.6
Spider Plant,sandy,large,seedling,26.0,23.3,78.6,346.7,4.4,8.7,1,0,100.0
Aloe Vera,sandy,medium,seedling,6.1,17.6,56.6,1067.7,9.1,33.5,1,1,76.2
Jade Plant,clay,small,young,14.8,33.1,49.7,583.5,6.8,52.2,1,1,89.1
Jade Plant,sandy,small,seedling,23.5,18.4,36.2,887.2,8.1,66.6,1,0,91.3
Money Plant,clay,medium,young,66.4,17.4,60.9,486.3,4.5,34.8,2,0,90.9
Snake Plant,loamy,small,mature,36.4,36.5,79.7,492.8,5.9,14.3,2,1,85.4
Areca Palm,sandy,small,mature,72.3,23.2,94.1,524.9,5.0,0.5,4,0,98.2
Areca Palm,sandy,small,seedling,36.1,28.7,64.3,466.1,5.4,39.7,2,1,100.0
Snake Plant,loamy,small,mature,43.8,22.3,46.8,332.0,4.2,67.6,2,0,100.0
Tulsi,loamy,medium,young,67.2,38.0,44.6,409.1,6.9,35.9,2,0,92.4
Spider Plant,sandy,small,young,48.1,22.5,74.8,328.5,5.8,19.0,1,0,98.3
Snake Plant,sandy,large,seedling,14.6,28.4,30.5,930.1,8.2,39.0,2,1,100.0
Fern,loamy,large,mature,55.7,21.8,86.33056758029429,283.8,2.2,30.3,4,0,100.0
Monstera,loamy,small,seedling,66.8,16.6,91.4,261.9,2.2,29.2,3,0,76.1
Tulsi,loamy,large,seedling,58.6,16.9,36.8,331.2,6.1,58.5,4,0,79.7
Tulsi,sandy,large,mature,32.1,26.7,94.3,473.0,6.6,52.5,4,1,88.4
Areca Palm,loamy,small,seedling,46.3,24.9,67.9,340.9,4.9,70.1,4,0,99.1
Jade Plant,clay,medium,seedling,26.2,29.2,87.3,963.2,7.0,0.1,1,0,71.1
Jade Plant,sandy,large,young,28.4,30.9,65.4,1180.3,8.3,17.9,1,0,100.0
Aloe Vera,sandy,large,seedling,6.5,31.8,72.9,587.8,6.9,41.4,1,1,76.5
Snake Plant,loamy,small,young,19.0,17.5,39.4,795.1,8.3,29.6,1,1,91.6
Monstera,clay,large,seedling,59.7,34.7,90.44828760106112,498.7,5.4,35.3,3,0,94.5
Spider Plant,sandy,medium,seedling,45.2,25.0,36.1,914.6,7.7,14.7,1,0,96.1
Monstera,sandy,medium,young,62.7,19.1,78.8,160.6,3.8,16.2,5,0,97.0
Monstera,clay,medium,young,79.1,18.7,87.3352734610791,415.4,4.6,71.0,3,0,100.0
Tulsi,sandy,medium,mature,36.8,23.5,42.8,393.1,5.5,29.1,4,1,95.6
Snake Plant,sandy,medium,young,41.7,33.6,78.0,1186.5,7.1,0.2,1,1,100.0
Peace Lily,loamy,large,young,50.7,28.1,85.64166281910116,427.5,4.9,50.1,3,1,82.7
Aloe Vera,loamy,medium,mature,21.2,34.4,67.1,441.6,6.4,14.1,1,1,97.4
Money Plant,clay,medium,young,54.6,32.5,62.3,304.9,6.9,5.5,3,0,100.0
Tulsi,sandy,medium,seedling,71.9,19.7,53.9,596.9,4.3,39.5,2,0,100.0
Aloe Vera,loamy,small,seedling,4.1,23.5,27.6,672.2,8.3,20.2,1,1,100.0
Areca Palm,sandy,small,young,34.7,36.2,67.8,461.1,6.4,45.3,3,1,92.6
Money Plant,clay,large,young,61.1,27.4,71.0,446.9,6.8,71.4,2,0,100.0
Peace Lily,sandy,small,mature,52.5,28.4,89.7,526.0,5.7,40.1,4,1,96.6
Snake Plant,loamy,large,seedling,47.3,30.3,38.5,1039.5,7.7,14.1,1,0,87.1
Tulsi,clay,medium,seedling,39.6,30.2,40.8,517.2,6.2,26.4,2,1,92.6
Monstera,loamy,medium,seedling,48.9,30.8,83.4,206.6,3.5,49.3,4,1,78.9
Snake Plant,sandy,small,seedling,28.8,16.7,54.1,456.1,5.3,40.0,1,0,81.8
Jade Plant,loamy,medium,young,19.5,18.6,94.8,1172.2,8.3,30.6,1,0,86.1
Areca Palm,clay,medium,young,65.3,28.9,89.8,388.7,4.6,55.6,2,0,99.6
Snake Plant,loamy,small,mature,41.7,17.9,28.8,418.4,6.8,46.8,1,0,92.1
Tulsi,sandy,large,seedling,36.2,27.4,41.2,482.1,5.5,63.7,2,1,82.4
Fern,sandy,medium,mature,53.8,27.4,88.98385376662651,198.1,2.2,60.3,3,1,81.4
Aloe Vera,loamy,large,seedling,5.0,26.9,68.7,928.0,8.9,53.1,1,1,83.2
Tulsi,loamy,medium,young,63.6,15.7,78.6,558.9,6.1,52.1,4,0,85.8
Tulsi,loamy,large,mature,52.4,16.9,73.2,568.3,5.3,46.6,2,0,85.6
Jade Plant,sandy,large,seedling,23.9,37.7,46.9,902.4,9.2,20.9,1,1,77.9
Tulsi,sandy,large,seedling,53.4,28.8,65.3,530.4,5.6,10.8,3,0,100.0
Monstera,loamy,large,seedling,64.5,22.2,60.91879737783316,300.8,4.4,18.8,4,0,97.5
Peace Lily,loamy,medium,seedling,63.3,23.3,73.22024103034326,182.6,2.5,57.4,4,0,100.0
Peace Lily,clay,large,seedling,75.6,23.4,85.53598896760911,311.8,4.2,33.8,4,0,99.1
Aloe Vera,clay,large,mature,27.5,27.8,68.3,487.3,6.1,45.8,1,0,100.0
Fern,sandy,small,seedling,76.2,16.4,81.1,567.1,4.1,65.9,4,0,82.4
Monstera,loamy,large,young,65.8,37.1,77.44565282624878,454.7,5.7,27.2,4,0,92.6
Fern,loamy,small,young,45.4,21.2,74.00289257368158,517.8,4.7,37.6,5,1,100.0
Monstera,clay,medium,seedling,74.8,15.5,86.6,458.5,4.9,15.4,3,0,78.1
Monstera,sandy,medium,seedling,82.7,33.9,65.48352038423465,412.1,5.8,20.9,4,0,93.7
Tulsi,clay,small,mature,60.4,30.5,48.8,559.6,4.6,52.5,3,0,100.0
Areca Palm,clay,medium,young,53.9,33.2,85.4,575.4,5.5,55.6,4,0,100.0
Peace Lily,sandy,large,mature,81.3,26.5,85.39231336889165,222.0,2.5,50.2,4,0,100.0
Peace Lily,sandy,medium,mature,54.7,29.7,94.5,253.0,2.8,25.6,3,1,100.0
Monstera,loamy,medium,mature,75.6,17.8,76.0,436.4,4.8,33.6,3,0,93.8
Snake Plant,loamy,small,mature,15.9,37.4,41.9,340.4,6.5,46.4,1,1,95.0
Money Plant,clay,small,mature,62.4,16.8,30.9,588.5,5.5,71.4,4,0,86.0
Fern,clay,large,mature,44.4,34.9,87.4,262.1,2.1,42.2,3,1,98.3
Spider Plant,sandy,large,seedling,13.4,34.3,61.7,491.1,5.7,35.8,2,1,92.3
Jade Plant,sandy,large,young,23.9,36.1,86.8,965.8,7.6,24.9,1,1,78.9
Snake Plant,clay,large,seedling,40.2,33.6,86.0,387.7,4.5,16.7,2,1,90.3
Peace Lily,sandy,large,seedling,51.2,32.4,65.51873365756873,220.4,2.9,10.6,5,1,87.4
Monstera,clay,medium,young,45.6,16.8,90.0047047851641,203.9,3.2,29.3,5,1,92.5
Peace Lily,loamy,small,young,61.6,20.5,90.5,335.0,4.8,9.3,5,0,100.0
Money Plant,sandy,small,seedling,50.4,27.0,39.2,561.4,4.3,2.0,4,0,96.5
Areca Palm,sandy,medium,mature,61.3,19.9,91.7,406.7,6.7,58.9,3,0,100.0
Tulsi,clay,large,seedling,51.6,26.2,84.3,342.8,5.9,15.2,4,0,100.0
Monstera,clay,large,seedling,66.8,17.7,94.48014144346155,402.8,5.1,17.1,5,0,83.6
Fern,loamy,large,seedling,69.5,24.4,85.33500678349137,233.4,2.2,32.5,5,0,100.0
Jade Plant,sandy,large,young,2.9,37.8,65.7,944.5,7.2,67.3,1,1,77.1
Areca Palm,clay,large,seedling,56.5,24.3,66.8,487.3,5.3,58.2,4,0,100.0
Monstera,loamy,large,mature,69.8,32.5,77.2,343.6,4.1,56.4,4,0,100.0
Jade Plant,sandy,small,young,23.0,28.0,45.6,941.7,9.5,57.0,1,0,100.0
Tulsi,sandy,small,seedling,40.3,34.3,81.5,429.0,6.3,40.6,2,1,94.6
Money Plant,clay,large,mature,39.5,15.5,64.1,529.1,4.4,70.0,4,1,70.3
Areca Palm,sandy,large,seedling,61.1,22.1,91.0,397.7,5.8,47.7,4,0,100.0
Aloe Vera,loamy,small,mature,26.2,35.6,78.0,1096.8,9.9,64.6,1,1,64.6
Snake Plant,sandy,large,mature,34.6,29.0,48.9,528.9,6.0,39.2,1,0,96.5
Monstera,sandy,large,young,67.3,28.2,60.52265844987923,185.2,3.9,48.4,3,0,100.0
Tulsi,sandy,large,young,63.3,28.1,93.6,533.2,6.5,28.7,3,0,96.5
Jade Plant,clay,large,young,5.5,29.4,27.8,887.1,9.8,16.1,1,1,95.1
Fern,clay,large,young,84.8,35.9,89.17985964035816,451.2,5.1,5.4,3,0,91.7
Jade Plant,clay,small,seedling,5.0,36.7,51.3,648.1,8.6,45.4,1,1,75.7
Peace Lily,sandy,medium,young,65.6,32.8,93.22982989636046,488.1,4.6,3.6,5,0,98.7
Monstera,clay,small,young,59.6,25.1,85.00103792550104,127.9,3.8,29.0,3,0,100.0
Tulsi,loamy,small,young,60.8,15.4,80.9,547.8,6.2,66.4,3,0,94.2
Tulsi,loamy,large,mature,33.1,16.5,79.4,378.8,6.0,69.9,4,1,72.0
Areca Palm,sandy,small,seedling,61.0,36.9,47.0,574.7,4.6,28.9,2,0,79.7
Snake Plant,clay,small,seedling,20.6,34.5,87.9,349.0,4.4,27.3,1,1,87.2
Spider Plant,sandy,large,mature,34.9,22.3,57.7,357.1,5.9,32.2,2,0,100.0
Fern,clay,medium,young,50.6,28.6,75.8,179.1,2.6,36.7,5,1,100.0
Snake Plant,clay,medium,young,22.0,37.9,41.6,839.0,8.2,38.5,2,1,94.3
Areca Palm,loamy,medium,mature,34.8,26.8,89.1,563.5,5.9,64.4,2,1,85.9
Tulsi,sandy,large,seedling,49.7,21.0,90.1,520.4,5.6,35.4,4,0,100.0
Jade Plant,clay,small,young,28.3,34.9,41.2,334.5,7.0,37.1,1,1,100.0
Peace Lily,clay,small,young,81.7,20.3,77.5,463.4,4.8,45.8,3,0,99.0
Snake Plant,clay,medium,mature,33.0,16.4,85.3,542.3,6.6,61.9,2,0,85.2
Money Plant,clay,large,seedling,42.1,16.9,83.8,502.2,5.0,6.2,4,0,78.9
Peace Lily,sandy,medium,mature,68.3,37.7,90.6,456.9,4.9,55.4,4,0,86.7
Jade Plant,sandy,medium,mature,18.7,24.2,57.0,477.2,6.2,55.6,1,0,97.7
Spider Plant,loamy,large,mature,13.2,21.6,63.3,575.6,4.6,61.3,1,1,88.0
Jade Plant,loamy,large,seedling,32.8,30.2,63.0,1014.8,8.4,36.5,1,0,87.9
Tulsi,clay,large,young,56.4,34.5,67.7,385.1,5.9,32.5,2,0,100.0
Areca Palm,sandy,large,mature,41.3,25.2,50.0,417.1,5.2,14.1,4,0,100.0
Tulsi,sandy,large,young,71.5,21.3,79.6,499.1,6.2,33.2,2,0,100.0
Areca Palm,clay,large,seedling,51.0,34.7,65.2,346.2,6.2,60.1,3,0,88.2
Jade Plant,sandy,medium,mature,13.5,15.9,70.0,839.2,8.1,13.4,1,0,91.3
Aloe Vera,clay,small,mature,30.9,21.2,27.1,1196.7,7.4,27.4,1,0,100.0
Areca Palm,loamy,small,seedling,69.4,30.5,36.8,402.8,6.3,27.0,2,0,87.5
Fern,clay,medium,mature,77.8,24.1,70.29573568328553,490.2,4.6,9.6,5,0,100.0
Jade Plant,clay,medium,seedling,33.1,34.9,38.6,1160.7,9.7,24.5,1,1,86.6
Snake Plant,loamy,large,young,42.8,19.3,78.3,583.5,4.9,28.0,2,0,100.0
Tulsi,clay,large,seedling,54.5,35.0,40.6,367.1,5.1,71.4,4,0,90.0
Fern,loamy,medium,young,64.5,23.4,93.46906422465867,467.6,5.8,1.1,4,0,98.2
Areca Palm,loamy,medium,young,57.2,20.2,38.6,568.2,6.6,59.4,2,0,95.7
Snake Plant,clay,large,young,48.3,18.8,38.9,380.7,6.9,2.7,2,0,100.0
Aloe Vera,clay,medium,seedling,13.2,22.5,56.8,664.3,7.3,52.5,1,0,98.7
Aloe Vera,clay,medium,mature,12.0,34.5,61.7,1110.9,7.7,3.3,1,1,100.0
Monstera,sandy,large,mature,73.1,33.5,61.23172664770245,191.3,3.4,44.3,3,0,100.0
Snake Plant,loamy,large,mature,43.3,25.9,29.2,604.0,7.8,26.0,1,0,97.4
Fern,loamy,large,young,82.2,24.3,88.3184259902779,428.4,5.2,4.2,5,0,98.2
Jade Plant,loamy,medium,young,29.0,27.4,44.6,511.8,6.6,36.7,1,0,100.0
Monstera,loamy,large,young,58.1,31.9,87.56627254146088,386.4,5.4,36.1,4,0,98.0
Jade Plant,sandy,small,mature,8.8,24.8,48.3,1129.5,9.4,3.1,1,1,100.0
Peace Lily,loamy,small,mature,82.8,29.9,82.49276746591934,597.4,5.3,8.3,3,0,98.3
Peace Lily,sandy,small,seedling,65.2,22.5,82.15517982765212,354.6,4.2,7.2,5,0,98.0
Fern,loamy,large,young,73.0,23.9,77.48545630803953,597.1,5.4,16.0,3,0,99.5
Areca Palm,loamy,medium,mature,36.9,24.5,77.3,511.1,7.0,66.2,4,1,82.9
Snake Plant,loamy,small,seedling,18.4,31.3,81.5,318.9,5.0,14.4,1,1,86.4
Money Plant,loamy,medium,mature,33.6,17.1,51.4,424.6,5.6,35.2,2,1,87.0
Fern,clay,medium,seedling,59.2,27.2,78.7,257.4,3.8,64.8,5,0,99.8
Peace Lily,clay,large,young,49.4,27.9,90.19582070404782,397.6,5.8,44.5,3,1,100.0
Areca Palm,clay,large,mature,36.0,20.5,32.2,588.1,6.2,46.5,2,1,96.8
Areca Palm,loamy,small,seedling,39.6,25.2,75.2,590.0,6.0,68.9,4,1,89.3
Peace Lily,sandy,small,seedling,66.8,28.3,74.41790965091106,120.2,2.7,30.8,5,0,98.3
Jade Plant,sandy,large,young,9.1,20.4,63.5,496.0,6.7,50.6,1,1,82.4
Jade Plant,loamy,small,young,14.4,27.8,46.6,986.8,8.0,53.1,1,0,100.0
Aloe Vera,sandy,medium,young,9.8,20.7,26.4,946.6,9.5,68.6,1,1,85.0
Snake Plant,sandy,medium,mature,31.7,34.0,85.2,432.0,6.9,11.7,1,1,98.3
Jade Plant,clay,large,young,24.6,31.5,40.0,683.0,9.3,68.5,1,0,100.0
Fern,sandy,small,seedling,78.3,15.6,87.76317699067857,258.1,3.6,62.1,3,0,80.5
Tulsi,sandy,small,young,64.2,32.5,59.2,455.6,6.7,36.4,4,0,100.0
Peace Lily,loamy,small,mature,55.9,32.0,74.3,207.0,2.9,66.5,5,0,100.0
Money Plant,sandy,small,young,46.8,37.5,41.5,556.6,6.4,41.3,2,0,86.1
Snake Plant,clay,small,seedling,50.6,35.1,64.9,344.8,4.1,41.6,1,0,82.8
Jade Plant,loamy,medium,mature,18.6,15.6,46.2,1041.0,8.6,13.9,1,0,91.1
Aloe Vera,sandy,large,young,25.1,37.8,30.8,965.2,8.0,8.3,1,1,89.0
Tulsi,loamy,small,seedling,59.2,19.8,33.3,423.0,6.9,54.2,4,0,96.4
Snake Plant,loamy,large,mature,29.3,17.1,32.9,625.1,8.6,44.5,1,0,85.3
Tulsi,loamy,medium,mature,49.9,32.1,62.0,486.9,4.6,52.5,2,0,95.4
Jade Plant,sandy,medium,young,20.4,22.8,62.5,1126.1,7.8,58.4,1,0,100.0
Snake Plant,sandy,medium,seedling,44.8,17.3,44.9,684.4,7.1,24.3,2,0,75.1
Peace Lily,sandy,small,mature,76.3,21.6,66.77788629771693,598.4,5.4,25.2,5,0,98.8
Snake Plant,loamy,large,mature,42.2,15.0,90.1,508.4,4.6,35.8,2,0,85.2
Snake Plant,sandy,medium,seedling,48.3,18.3,38.4,416.2,6.7,54.9,2,0,86.3
Money Plant,clay,small,mature,74.2,32.9,26.8,408.5,5.3,11.7,2,0,97.3
Areca Palm,clay,small,seedling,63.7,28.8,29.3,558.6,5.3,1.6,2,0,97.3
Tulsi,clay,large,mature,46.7,36.7,32.5,505.3,6.5,46.2,2,0,87.2
Monstera,sandy,small,seedling,78.4,17.9,93.48061742166837,530.5,4.3,32.5,4,0,79.2
Monstera,loamy,small,young,83.8,25.2,72.4,583.7,5.4,18.1,4,0,100.0
Tulsi,clay,medium,young,37.3,15.1,28.1,454.3,6.4,2.8,2,1,85.3
Spider Plant,loamy,small,seedling,50.4,25.3,44.3,454.9,4.8,39.2,2,0,100.0
Peace Lily,clay,small,seedling,49.2,28.6,85.8,139.1,3.9,3.1,4,1,99.5
Aloe Vera,sandy,medium,mature,3.6,20.3,30.6,816.7,9.5,38.2,1,1,97.8
Monstera,sandy,medium,seedling,43.8,17.6,66.36040517846253,458.4,4.1,25.6,4,1,79.3
Spider Plant,loamy,medium,young,12.4,15.7,33.4,1082.2,9.0,55.9,1,1,76.1
Tulsi,clay,medium,young,39.2,35.5,55.6,457.4,5.8,59.8,3,1,77.0
Areca Palm,sandy,small,seedling,51.9,37.5,53.2,488.1,6.9,1.8,3,0,75.7
Snake Plant,sandy,medium,mature,48.4,26.2,57.7,496.5,4.1,42.2,1,0,100.0
Fern,sandy,large,mature,67.2,32.4,85.1,233.5,3.3,51.0,4,0,98.2
Tulsi,sandy,medium,mature,53.6,29.0,27.7,546.5,6.5,66.9,4,0,99.0
Jade Plant,loamy,medium,mature,17.4,20.1,29.6,672.2,7.8,29.8,1,0,100.0
Monstera,sandy,medium,young,59.9,37.0,76.97574877587121,374.5,4.3,59.8,3,0,92.6
Spider Plant,sandy,small,mature,32.2,30.8,61.1,573.6,6.9,71.7,2,0,99.5
Money Plant,sandy,large,young,74.3,18.8,55.2,364.3,4.4,3.7,4,0,99.6
Fern,sandy,small,seedling,70.8,24.4,83.9,488.3,5.2,6.8,5,0,100.0
Fern,sandy,small,young,62.0,30.7,77.65598677823904,475.4,6.0,64.9,5,0,100.0
Snake Plant,clay,small,mature,36.4,34.2,60.3,904.9,8.6,58.7,2,1,88.5
Fern,clay,medium,young,47.7,27.3,78.26812023639744,369.9,4.9,70.8,4,1,89.7
Peace Lily,clay,small,mature,53.2,19.0,81.8,233.3,3.3,59.7,3,1,81.8
Aloe Vera,clay,large,seedling,27.1,21.9,53.2,1160.5,8.7,36.8,1,0,100.0
Jade Plant,clay,small,mature,18.6,30.4,64.2,1051.3,7.9,41.7,1,0,100.0
Areca Palm,loamy,large,seedling,41.9,21.1,66.2,537.1,4.8,56.9,2,0,99.2
Peace Lily,clay,small,young,51.5,35.7,83.59673601598813,466.0,5.2,16.1,4,1,92.2
Peace Lily,sandy,medium,mature,66.8,33.4,81.3,565.4,4.6,66.7,4,0,100.0
Monstera,loamy,medium,young,82.2,27.6,75.4,162.5,3.8,4.7,4,0,95.1
Fern,clay,small,young,58.9,18.3,93.7,208.5,3.6,9.0,3,0,100.0
Jade Plant,sandy,medium,mature,6.5,24.2,73.8,430.8,6.2,70.9,1,1,69.0
Tulsi,loamy,medium,mature,56.3,28.2,54.7,322.2,4.3,71.9,2,0,96.1
Aloe Vera,clay,large,mature,29.2,29.7,36.4,422.2,6.8,16.8,1,0,99.8
Spider Plant,sandy,medium,seedling,21.4,37.6,28.1,533.9,6.0,50.4,1,1,69.1
Peace Lily,clay,medium,young,48.3,18.3,82.76000128019454,509.1,5.5,19.7,4,1,100.0
Spider Plant,clay,small,young,50.8,32.4,58.9,676.1,7.9,18.6,1,0,100.0
Fern,loamy,small,mature,44.8,27.4,88.5,329.1,4.2,5.7,4,1,97.7
Fern,sandy,small,young,64.8,29.3,89.3,461.5,4.5,57.9,4,0,97.5
Jade Plant,clay,large,mature,18.7,27.6,46.8,1013.2,8.3,62.4,1,0,98.3
Jade Plant,clay,medium,mature,7.2,16.1,33.7,708.3,8.4,60.8,1,1,77.8
Peace Lily,sandy,large,young,45.9,35.5,62.75122139444109,318.6,4.7,59.9,4,1,75.4
Fern,clay,small,young,71.8,22.2,63.50029094527194,398.3,4.3,43.2,3,0,98.8
Money Plant,sandy,small,mature,66.1,30.1,65.1,474.1,5.6,12.9,3,0,97.9
Spider Plant,clay,large,young,36.7,33.1,76.8,423.1,6.2,23.5,2,1,99.4
Tulsi,sandy,medium,young,62.8,24.7,50.5,308.8,5.6,32.4,3,0,100.0
Peace Lily,sandy,small,mature,49.4,33.5,69.03309898795597,176.3,3.6,9.4,4,1,100.0
Spider Plant,clay,large,young,27.2,16.2,52.8,316.1,5.1,50.0,2,0,91.8
Tulsi,sandy,small,seedling,61.0,18.5,37.7,564.4,5.3,50.0,3,0,89.7
Spider Plant,sandy,medium,mature,16.2,16.5,26.9,659.9,7.5,26.8,2,1,94.7
Fern,clay,large,mature,44.6,29.7,94.5,203.3,3.9,28.5,5,1,100.0
Fern,sandy,small,seedling,80.9,19.0,92.5753822736127,579.3,5.6,19.7,4,0,96.3
Spider Plant,clay,small,mature,43.6,33.7,30.3,458.6,4.3,16.5,1,1,100.0
Areca Palm,clay,small,young,47.9,23.0,66.2,466.2,4.1,70.1,4,0,100.0
Peace Lily,clay,large,seedling,66.0,22.1,77.62119413428351,408.6,5.5,54.2,3,0,100.0
Money Plant,sandy,large,young,45.6,20.9,70.7,343.7,5.0,14.2,3,0,100.0
Snake Plant,sandy,small,seedling,21.1,36.5,93.9,972.5,7.4,58.7,2,1,60.8
Areca Palm,clay,small,seedling,59.9,30.3,70.2,309.2,5.5,62.5,2,0,90.6
Spider Plant,loamy,small,seedling,12.1,35.6,49.8,640.4,8.0,56.5,1,1,69.6
Money Plant,clay,medium,mature,57.6,29.6,27.3,463.6,5.0,59.7,2,0,97.7
Aloe Vera,clay,small,young,29.6,15.3,85.0,1044.2,9.2,37.1,1,0,77.2
Spider Plant,clay,medium,mature,48.2,21.6,88.4,767.3,8.9,18.3,2,0,100.0
Peace Lily,clay,medium,young,76.8,16.2,84.09519096693775,223.9,3.9,32.4,4,0,92.8
Snake Plant,sandy,large,mature,43.4,30.0,88.7,478.7,5.2,10.6,2,0,99.6
Fern,loamy,large,young,74.9,35.1,80.2747903383931,458.3,6.0,55.9,5,0,93.8
Jade Plant,sandy,medium,young,26.4,26.1,74.2,551.9,6.4,49.0,1,0,82.5
Aloe Vera,sandy,small,mature,33.0,37.7,62.8,705.0,8.8,9.5,1,1,87.0
Fern,loamy,small,mature,52.2,25.3,65.28317566329619,229.2,2.5,39.6,3,1,95.3
Tulsi,loamy,small,seedling,36.3,26.9,61.0,363.6,5.7,10.5,4,1,95.4
Snake Plant,sandy,small,seedling,17.2,19.0,25.1,413.8,6.3,3.3,2,1,95.3
Jade Plant,loamy,large,mature,4.3,26.1,52.0,388.6,6.3,26.8,1,1,100.0
Monstera,sandy,large,seedling,57.6,35.6,82.44036490484467,202.1,2.3,3.4,3,0,79.8
Spider Plant,loamy,large,seedling,49.6,19.5,46.7,1074.1,8.2,2.5,2,0,97.0
Money Plant,clay,medium,seedling,45.2,15.1,82.2,476.5,6.9,31.5,3,0,75.7
Money Plant,loamy,small,young,47.8,25.0,87.8,303.9,4.3,46.6,3,0,100.0
Monstera,sandy,large,seedling,81.0,31.2,87.4,164.8,3.8,28.7,4,0,93.2
Jade Plant,clay,large,young,15.3,16.0,68.1,716.8,8.2,30.2,1,0,87.0
Fern,sandy,medium,mature,58.3,31.7,81.24266364476804,458.4,5.1,38.9,4,0,100.0
Fern,loamy,large,seedling,69.1,25.9,94.7,106.1,2.3,57.8,4,0,99.3
Peace Lily,clay,small,mature,70.4,25.5,64.42764692589412,339.8,5.8,63.4,3,0,100.0
Peace Lily,clay,large,mature,51.2,28.3,83.2,271.0,2.3,54.8,3,1,89.8
Jade Plant,clay,small,seedling,19.1,33.0,50.3,670.7,9.9,35.0,1,0,87.9
Snake Plant,loamy,large,seedling,20.0,26.2,52.0,501.9,4.5,60.1,1,1,85.5
Monstera,sandy,large,mature,60.2,28.6,90.8,443.3,4.4,36.9,3,0,95.7
Money Plant,loamy,medium,mature,38.5,31.8,43.6,388.1,5.0,35.0,4,1,100.0
Peace Lily,clay,large,seedling,48.4,15.1,77.39307369342193,214.9,2.0,67.5,4,1,60.5
Spider Plant,sandy,large,young,29.6,24.4,91.5,767.1,8.1,62.2,1,0,100.0
Fern,sandy,large,mature,72.6,22.5,75.5,230.4,3.9,65.7,3,0,100.0
Tulsi,loamy,medium,mature,71.4,25.4,31.3,580.2,5.2,66.5,2,0,100.0
Peace Lily,sandy,medium,seedling,65.5,16.4,86.35703394716754,123.2,2.2,26.8,5,0,75.0
Tulsi,clay,small,mature,36.1,17.0,38.0,368.2,6.2,58.8,2,1,77.9
Money Plant,loamy,small,seedling,63.3,16.0,57.4,304.4,4.9,68.9,4,0,77.6
Snake Plant,loamy,large,young,25.5,27.9,47.9,913.1,8.0,29.8,1,0,100.0
Aloe Vera,clay,medium,seedling,19.0,28.7,44.5,550.9,6.5,6.3,1,0,100.0
Fern,sandy,medium,seedling,47.5,33.5,87.07061501201476,166.5,2.1,11.1,5,1,92.7
Jade Plant,clay,small,mature,12.0,19.2,57.8,1070.2,9.9,52.4,1,0,99.4
Fern,sandy,medium,seedling,76.3,24.7,75.23976021529825,434.3,5.0,42.4,5,0,97.2
Monstera,clay,large,mature,50.4,19.5,73.39187780201291,572.3,5.9,69.8,3,1,83.0
Tulsi,loamy,small,young,50.8,22.7,56.2,418.0,6.1,32.3,3,0,98.4
Snake Plant,clay,medium,seedling,46.3,19.7,37.8,400.0,6.7,55.1,1,0,96.1
Areca Palm,loamy,large,young,58.7,31.8,71.6,325.0,4.3,7.2,2,0,100.0
Spider Plant,sandy,large,mature,23.8,15.4,48.0,632.4,7.4,50.6,2,0,86.7
Money Plant,clay,large,mature,67.4,23.5,41.4,324.9,6.1,12.8,3,0,95.0
Snake Plant,loamy,small,seedling,46.1,25.1,47.0,635.7,8.4,11.4,2,0,99.2
Money Plant,sandy,medium,seedling,68.5,22.8,85.4,496.4,6.9,49.4,3,0,97.6
Jade Plant,clay,small,young,17.6,21.5,91.9,1022.5,9.1,60.8,1,0,84.6
Fern,sandy,medium,mature,65.5,32.1,83.3249473294978,314.4,5.3,70.7,3,0,97.9
Jade Plant,sandy,medium,mature,17.3,15.3,73.3,404.5,6.0,67.5,1,0,78.8
Spider Plant,sandy,large,mature,13.4,31.1,78.2,1145.9,7.1,68.8,2,1,89.9
Peace Lily,loamy,large,seedling,75.3,37.1,91.82558978410805,402.1,4.7,3.3,3,0,78.9
Money Plant,sandy,medium,young,55.9,28.1,65.4,582.9,5.7,65.4,3,0,100.0
Snake Plant,loamy,medium,mature,43.6,25.1,43.4,900.6,9.0,50.0,1,0,96.3
Aloe Vera,loamy,small,mature,25.9,34.5,46.5,1117.1,9.9,1.5,1,1,98.9
Areca Palm,clay,small,young,59.3,22.5,40.3,363.8,4.2,27.3,2,0,97.6
Spider Plant,sandy,medium,seedling,34.1,25.6,42.8,943.6,7.3,56.1,1,0,97.2
Aloe Vera,clay,medium,seedling,5.0,16.6,76.6,568.5,6.2,30.4,1,1,66.8
Peace Lily,sandy,small,mature,80.8,32.6,68.86469024050348,277.3,2.1,8.4,5,0,98.8
Areca Palm,sandy,small,mature,58.5,36.3,44.7,562.9,5.0,40.5,3,0,92.9
Fern,clay,medium,mature,68.2,34.8,86.98731124268785,179.0,3.2,16.6,5,0,100.0
Spider Plant,loamy,small,seedling,27.8,35.3,34.9,438.6,4.4,33.4,1,1,75.2
Jade Plant,sandy,small,young,30.2,17.6,81.1,525.6,6.9,0.4,1,0,71.9
Tulsi,sandy,large,mature,45.2,31.7,37.0,456.7,6.4,65.5,4,0,100.0
Peace Lily,loamy,small,young,59.9,17.4,72.99999331408031,324.5,4.2,42.4,5,0,88.1
Areca Palm,loamy,medium,seedling,54.5,31.2,31.6,525.1,6.1,55.7,2,0,94.2
Areca Palm,loamy,large,mature,72.5,34.7,29.7,452.6,6.8,41.9,4,0,100.0
Fern,clay,medium,young,84.7,34.9,71.0,348.8,5.0,3.9,3,0,100.0
Jade Plant,clay,large,seedling,11.4,29.4,83.7,693.3,8.6,18.1,1,0,72.8
Areca Palm,clay,large,seedling,67.8,31.8,89.7,426.4,4.3,68.7,4,0,88.6
Jade Plant,loamy,small,mature,22.9,15.2,33.9,310.8,6.1,15.0,1,0,85.5
Tulsi,sandy,small,seedling,66.6,31.5,59.9,331.0,6.1,26.9,2,0,86.9
Tulsi,loamy,small,young,44.9,22.7,28.3,595.3,4.0,4.1,2,0,100.0
Jade Plant,sandy,medium,young,18.4,25.6,52.9,734.5,8.4,55.3,1,0,100.0
Tulsi,loamy,small,young,71.5,30.7,81.9,413.4,5.4,43.8,2,0,100.0
Tulsi,loamy,large,mature,33.8,20.0,91.1,522.6,6.5,59.1,2,1,80.7
Spider Plant,clay,small,seedling,23.0,28.1,81.1,304.2,6.1,4.0,1,0,99.1
Peace Lily,clay,medium,young,45.5,36.9,86.4,325.2,5.7,36.9,3,1,88.9
Peace Lily,sandy,medium,mature,54.1,21.6,78.4,417.5,5.9,14.1,5,1,98.1
Aloe Vera,loamy,small,mature,23.9,24.6,25.6,872.2,7.5,9.3,1,0,96.7
Tulsi,clay,small,seedling,41.7,21.8,35.3,575.9,6.0,53.2,3,0,100.0
Fern,loamy,medium,young,63.8,30.5,82.26812765762173,460.1,5.8,35.5,5,0,100.0
Jade Plant,sandy,large,mature,11.8,36.4,35.3,1092.4,7.2,6.1,1,1,91.0
Spider Plant,clay,small,seedling,50.0,27.9,81.3,1184.5,8.7,13.4,2,0,98.7
Money Plant,clay,large,seedling,43.0,20.2,43.3,372.3,6.4,5.7,2,0,100.0
Fern,clay,medium,seedling,58.3,23.6,87.24267065876533,238.0,3.6,48.6,4,0,100.0
Areca Palm,clay,large,mature,44.1,35.6,80.8,359.8,5.0,69.6,4,1,74.4
Jade Plant,clay,medium,young,27.4,23.9,76.0,1084.1,7.5,31.0,1,0,89.1
Tulsi,sandy,small,young,56.8,21.6,26.5,577.6,5.7,67.5,2,0,100.0
Monstera,loamy,small,young,49.9,19.3,80.15008031088888,268.8,3.6,13.1,4,1,100.0
Aloe Vera,sandy,medium,young,24.4,18.1,50.8,759.4,9.9,27.7,1,0,100.0
Monstera,sandy,large,young,53.5,30.0,92.93355229900004,390.3,5.3,22.8,3,1,98.1
Money Plant,clay,large,young,42.9,20.1,78.9,309.0,6.7,46.5,4,0,100.0
Areca Palm,loamy,medium,seedling,47.7,18.3,33.4,574.8,5.3,40.1,4,0,88.2
Aloe Vera,clay,large,young,31.2,32.0,37.3,876.4,8.0,19.2,1,0,100.0
Areca Palm,sandy,small,young,64.6,19.5,92.5,458.7,4.1,57.4,4,0,100.0
Tulsi,sandy,medium,young,51.0,25.4,65.4,358.5,5.2,0.2,3,0,97.8
Money Plant,loamy,small,mature,66.0,31.1,82.1,578.3,4.2,26.5,4,0,100.0
Money Plant,sandy,small,seedling,59.9,26.1,72.8,395.9,4.9,47.7,2,0,100.0
Snake Plant,clay,small,mature,41.7,21.9,92.7,730.6,7.8,28.7,1,0,100.0
Snake Plant,clay,small,seedling,38.9,19.6,38.9,910.9,7.5,28.1,2,0,100.0
Money Plant,loamy,large,seedling,51.6,28.2,69.2,515.7,5.0,69.6,2,0,98.5
Aloe Vera,sandy,small,seedling,23.6,18.5,73.5,484.8,6.9,64.3,1,0,76.0
Tulsi,sandy,medium,young,66.9,34.6,73.4,367.7,6.3,16.3,2,0,99.3
Fern,clay,small,young,65.0,24.1,88.5,221.4,2.7,56.7,4,0,96.2
Fern,sandy,small,young,43.6,15.9,63.492183814925895,585.6,4.6,70.6,4,1,72.2
Fern,loamy,large,mature,81.5,37.1,83.31772243813764,430.4,5.4,50.9,4,0,87.6
Monstera,clay,medium,seedling,48.1,22.5,94.28873173106655,594.6,5.9,70.7,3,1,81.4
Tulsi,loamy,large,seedling,44.2,29.6,77.8,597.1,5.0,61.8,2,0,90.7
Tulsi,sandy,large,young,66.2,24.3,51.4,401.3,7.0,26.8,4,0,95.5
Spider Plant,sandy,large,mature,14.7,26.0,80.9,381.5,6.7,49.2,1,1,84.9
Snake Plant,sandy,small,young,35.3,30.4,41.0,991.9,7.9,23.3,2,0,95.1
Snake Plant,sandy,medium,seedling,43.8,24.2,29.0,548.5,5.1,34.1,2,0,98.7
Snake Plant,clay,large,young,26.6,33.2,28.2,1162.1,8.0,47.5,1,1,98.7
Spider Plant,loamy,medium,seedling,38.6,16.8,78.6,305.1,6.1,67.2,2,0,75.9
Spider Plant,loamy,small,mature,25.8,22.4,63.3,541.0,4.3,58.4,1,0,95.2
Tulsi,clay,small,mature,60.7,15.3,68.6,498.5,4.4,10.8,2,0,85.7
Aloe Vera,loamy,small,mature,15.4,24.9,91.3,988.4,8.1,29.2,1,0,85.7
Fern,clay,small,seedling,63.2,18.8,87.92614572545867,355.6,5.9,31.5,3,0,88.9
Money Plant,clay,medium,mature,58.0,28.3,62.1,405.7,5.6,60.5,4,0,100.0
Jade Plant,loamy,large,young,23.8,19.7,67.2,785.3,7.5,2.2,1,0,100.0
Jade Plant,loamy,medium,seedling,9.7,20.4,35.1,811.2,8.3,1.7,1,1,98.5
Spider Plant,clay,medium,mature,25.5,29.7,81.0,600.7,7.6,30.3,1,0,100.0
Spider Plant,clay,medium,mature,29.1,30.3,55.5,577.0,7.0,63.7,2,0,95.9
Aloe Vera,clay,medium,young,30.0,30.9,27.4,422.0,6.1,25.4,1,0,100.0
Areca Palm,sandy,small,mature,57.1,32.0,93.3,439.3,4.6,5.7,4,0,100.0
Jade Plant,loamy,medium,seedling,13.0,28.1,51.6,411.3,6.2,33.5,1,0,95.1
Peace Lily,clay,small,seedling,70.4,27.2,70.48983825904858,556.0,5.9,44.2,4,0,100.0
Jade Plant,loamy,large,young,10.7,29.1,49.4,748.8,8.6,70.0,1,0,100.0
Monstera,loamy,small,young,74.1,31.3,81.4195349383796,285.6,3.6,42.4,4,0,100.0
Aloe Vera,loamy,medium,young,22.2,28.3,45.0,846.0,7.1,1.2,1,0,100.0
Fern,sandy,small,seedling,58.1,16.1,85.30325130891785,365.6,4.9,41.4,5,0,83.2
Fern,loamy,medium,seedling,42.2,20.7,75.59400707124253,134.7,2.2,62.0,5,1,87.6
Areca Palm,clay,medium,mature,62.1,23.0,45.1,441.8,5.1,42.2,3,0,100.0
Tulsi,sandy,small,seedling,47.6,16.0,44.5,319.2,5.1,52.1,3,0,77.2
Money Plant,sandy,small,mature,60.6,35.1,32.5,438.4,6.2,61.8,2,0,93.6
Fern,loamy,large,young,67.8,19.4,93.73448267639495,429.1,4.2,58.0,4,0,100.0
Jade Plant,sandy,small,young,9.2,31.2,63.7,837.9,8.8,15.9,1,1,95.7
Fern,loamy,medium,seedling,49.3,35.4,65.51499655580211,340.7,4.7,61.8,4,1,61.9
Areca Palm,clay,small,young,34.7,24.4,70.9,514.3,6.0,29.9,2,1,100.0
Spider Plant,loamy,small,seedling,50.5,27.7,88.1,1138.3,7.6,41.0,2,0,97.8
Jade Plant,sandy,small,mature,17.9,17.1,71.4,638.6,9.6,19.0,1,0,79.9
Monstera,sandy,medium,seedling,73.4,18.6,93.15372136714018,263.0,2.7,43.9,4,0,87.8
Spider Plant,clay,small,young,42.6,32.3,76.1,340.0,5.0,71.6,1,0,100.0
Aloe Vera,sandy,small,seedling,33.3,18.1,53.1,563.3,6.9,16.5,1,0,87.2
Monstera,clay,medium,young,70.9,16.6,87.41596237547918,263.2,3.5,31.5,4,0,89.3
Areca Palm,loamy,large,young,70.3,32.3,47.1,492.5,4.5,15.2,2,0,95.8
Tulsi,sandy,large,mature,50.5,27.8,43.1,381.3,4.1,66.1,2,0,100.0
Money Plant,sandy,large,young,66.9,25.5,91.3,575.2,6.4,1.2,4,0,99.5
Tulsi,sandy,large,seedling,34.5,21.7,86.7,549.4,5.2,47.6,4,1,100.0
Snake Plant,clay,large,mature,23.8,30.9,47.5,1099.4,7.1,67.4,1,0,96.8
Monstera,sandy,medium,young,78.1,29.7,65.39301572443316,488.7,4.7,24.4,4,0,100.0
Snake Plant,sandy,small,young,36.6,28.8,81.2,527.5,5.9,20.3,2,0,97.5
Fern,loamy,large,seedling,69.8,36.8,80.06911983288626,538.3,5.8,7.2,4,0,75.8
Money Plant,sandy,large,young,59.7,37.2,27.9,542.2,5.7,53.5,4,0,85.5
Snake Plant,clay,small,young,38.6,21.7,27.5,405.8,7.0,42.3,1,0,100.0
Monstera,loamy,medium,seedling,79.1,28.8,77.28971118905267,128.4,2.7,35.4,3,0,98.9
Monstera,sandy,small,mature,55.0,25.5,65.23787312248325,135.2,2.5,48.9,4,0,100.0
Monstera,loamy,large,young,50.0,34.5,60.052770444992646,358.7,4.2,70.3,5,1,82.9
Areca Palm,sandy,medium,mature,54.6,34.3,59.9,439.4,4.0,57.9,3,0,95.1
Peace Lily,loamy,large,young,46.1,32.6,72.9,449.1,4.7,44.9,4,1,100.0
Spider Plant,clay,large,mature,38.1,19.8,91.3,380.4,6.1,32.6,2,0,100.0
Peace Lily,sandy,small,young,47.4,28.0,72.22513887283051,261.9,2.3,9.6,4,1,100.0
Jade Plant,loamy,small,seedling,12.9,28.6,33.2,1157.4,9.5,29.6,1,0,95.4
Jade Plant,clay,medium,mature,17.7,31.1,53.2,1032.1,7.9,11.1,1,0,99.1
Jade Plant,loamy,medium,mature,15.7,32.6,37.6,499.0,6.3,44.9,1,0,95.3
Fern,clay,small,seedling,70.6,19.7,61.526328657130875,555.5,4.3,16.2,3,0,100.0
Snake Plant,loamy,small,seedling,45.3,34.6,31.6,388.8,5.9,47.7,1,0,93.8
Peace Lily,loamy,small,young,82.4,27.5,91.27703245949196,216.6,2.4,38.2,4,0,97.6
Fern,sandy,medium,young,73.5,37.7,77.5,353.3,5.2,66.8,5,0,94.2
Areca Palm,clay,large,mature,55.3,26.1,83.2,491.3,6.9,20.3,4,0,100.0
Monstera,loamy,small,mature,53.4,25.0,63.912757123768515,286.0,2.6,58.2,3,1,81.8
Aloe Vera,sandy,small,young,3.6,30.9,28.2,730.2,7.0,70.0,1,1,82.8
Areca Palm,loamy,large,mature,67.8,34.9,31.3,528.1,4.5,42.3,3,0,100.0
Jade Plant,clay,large,mature,20.4,27.1,70.6,520.6,6.8,1.4,1,0,82.2
Spider Plant,clay,medium,seedling,41.6,32.0,77.2,580.9,4.0,53.9,1,0,90.4
Aloe Vera,loamy,medium,seedling,23.1,35.1,25.3,707.7,7.3,17.6,1,1,80.3
Aloe Vera,loamy,large,seedling,9.4,36.5,63.7,1086.2,7.7,12.3,1,1,82.8
Jade Plant,sandy,small,young,8.3,24.2,73.8,861.7,7.8,17.6,1,1,82.3
Fern,sandy,large,mature,80.0,35.5,72.1,280.0,3.9,6.0,3,0,88.4
Snake Plant,loamy,large,young,22.1,19.1,56.8,665.2,8.8,70.1,2,0,96.9
Fern,sandy,small,seedling,68.9,31.5,85.58814353479875,279.5,2.9,33.2,5,0,91.0
Snake Plant,loamy,medium,young,50.9,31.3,78.5,568.7,6.0,35.5,1,0,95.9
Money Plant,clay,large,mature,33.8,23.5,65.7,556.9,5.6,58.6,4,1,82.5
Snake Plant,loamy,small,young,17.2,29.0,92.0,478.0,5.8,41.7,1,1,100.0
Aloe Vera,loamy,large,young,24.9,23.0,59.8,514.9,6.1,52.7,1,0,100.0
Spider Plant,clay,large,young,38.9,27.3,78.5,328.3,6.9,23.3,2,0,97.0
Jade Plant,loamy,large,mature,13.0,35.5,36.4,1002.7,8.4,45.2,1,1,85.1
Areca Palm,loamy,medium,seedling,51.3,28.3,67.5,529.4,5.4,29.7,4,0,100.0
Monstera,sandy,medium,mature,64.8,29.2,87.36464046564038,237.2,3.8,35.9,5,0,100.0
Jade Plant,loamy,medium,young,9.7,21.3,91.8,902.4,8.4,21.8,1,1,84.1
Aloe Vera,clay,medium,mature,16.7,36.7,49.0,1085.1,8.3,7.7,1,1,88.8
Jade Plant,loamy,small,young,21.4,21.7,25.7,908.9,8.7,28.4,1,0,95.1
Tulsi,sandy,small,seedling,36.2,24.2,92.3,480.5,4.9,4.4,3,1,100.0
Tulsi,clay,large,young,43.5,23.2,32.3,471.9,6.6,13.7,4,0,100.0
Money Plant,clay,medium,young,42.6,30.3,62.9,378.6,6.2,61.5,4,0,100.0
Fern,clay,medium,seedling,61.4,15.3,92.03195002261837,142.6,2.2,48.9,4,0,82.2
Spider Plant,sandy,large,mature,50.3,23.2,39.2,329.1,5.9,18.8,2,0,100.0
Areca Palm,loamy,large,young,53.2,24.9,64.9,573.7,6.7,47.1,3,0,100.0
Tulsi,clay,large,seedling,42.8,15.7,69.2,336.9,6.7,16.6,3,0,84.2
Monstera,clay,small,mature,63.3,28.7,72.00304350565541,280.5,3.7,28.9,5,0,100.0
Tulsi,clay,small,young,38.4,18.3,79.5,430.9,5.8,34.4,3,1,98.2
Spider Plant,sandy,small,seedling,21.2,17.9,25.6,308.8,6.2,35.9,2,0,79.8
Spider Plant,clay,large,young,37.5,30.7,47.8,328.9,5.6,59.3,2,0,97.3
Aloe Vera,clay,small,young,13.2,34.1,92.9,730.9,8.9,12.0,1,1,88.3
Jade Plant,sandy,small,mature,4.5,20.7,33.9,560.7,6.4,66.9,1,1,87.8
Aloe Vera,loamy,small,mature,14.6,37.3,59.6,985.5,7.1,52.7,1,1,76.2
Fern,clay,large,mature,51.0,22.4,70.68458438635537,403.9,4.7,51.3,5,1,83.1
Spider Plant,sandy,large,young,29.3,26.3,68.0,315.7,5.7,61.3,1,0,95.5
Monstera,loamy,small,young,62.0,25.3,82.35200008391467,128.2,3.4,31.6,4,0,100.0
Monstera,sandy,medium,seedling,74.0,23.2,76.08118159309296,269.5,3.0,43.4,5,0,95.4
Aloe Vera,clay,large,mature,20.8,15.7,38.7,1124.3,7.7,4.9,1,0,87.0
Fern,loamy,small,young,64.5,36.5,88.42297715676057,405.8,4.2,12.5,3,0,90.4
Aloe Vera,sandy,medium,mature,5.2,25.0,47.1,433.6,6.7,22.0,1,1,98.3
Aloe Vera,clay,large,seedling,20.2,26.1,81.4,469.4,6.4,7.7,1,0,84.2
Areca Palm,sandy,medium,young,61.2,35.0,59.8,580.1,6.2,42.7,3,0,99.0
Snake Plant,clay,small,seedling,38.1,33.7,34.6,977.5,8.4,31.0,2,1,94.7
Peace Lily,sandy,large,mature,71.6,28.2,80.3,402.1,4.4,16.4,3,0,95.2
Aloe Vera,loamy,large,young,18.6,18.8,74.3,913.2,7.6,65.1,1,0,81.7
Monstera,clay,medium,mature,56.5,36.6,81.52752556165233,174.1,3.8,12.3,5,0,94.1
Peace Lily,clay,medium,mature,65.5,31.3,85.96640396036703,315.4,5.4,10.3,5,0,99.4
Jade Plant,clay,large,mature,29.9,29.0,87.8,1092.0,9.4,21.5,1,0,85.4
Jade Plant,clay,small,young,20.0,15.3,48.0,1179.3,7.2,66.6,1,0,93.1
Monstera,sandy,medium,young,84.6,32.5,63.6683904223517,143.5,2.7,2.1,5,0,100.0
Peace Lily,clay,large,seedling,68.8,32.8,89.20022542668111,289.1,2.3,24.2,4,0,85.1
Money Plant,loamy,large,mature,62.5,36.1,92.6,550.0,6.5,32.1,4,0,90.8
Peace Lily,clay,small,mature,66.7,34.8,89.7,225.6,3.5,47.3,3,0,100.0
Fern,sandy,large,young,75.2,37.1,66.83056044898017,306.0,4.7,53.6,4,0,86.2
Aloe Vera,loamy,small,seedling,8.2,20.7,85.0,884.6,8.3,9.7,1,1,88.7
Peace Lily,sandy,small,mature,68.0,24.8,88.92231232468339,556.7,5.2,51.6,4,0,95.4
Peace Lily,sandy,small,young,59.7,19.9,92.64331630915851,459.3,5.2,14.8,4,0,100.0
Tulsi,clay,small,seedling,56.9,30.9,60.7,406.0,4.7,57.5,4,0,85.6
Money Plant,loamy,medium,mature,64.0,22.4,86.2,489.9,4.3,21.0,3,0,100.0
Snake Plant,loamy,medium,young,34.1,33.9,41.8,537.0,5.8,8.3,1,1,98.8
Aloe Vera,clay,large,mature,19.5,16.0,34.4,445.8,7.0,32.9,1,0,93.6
Fern,loamy,medium,mature,80.6,23.7,66.19812107267529,261.4,2.3,18.5,4,0,100.0
Spider Plant,sandy,small,seedling,49.9,29.3,73.8,722.8,7.2,38.5,2,0,93.2
Monstera,clay,medium,seedling,46.0,37.4,92.4,198.1,2.0,15.4,5,1,77.6
Areca Palm,clay,small,young,68.7,18.1,85.0,502.9,5.9,32.6,3,0,100.0
Jade Plant,sandy,large,young,20.1,33.3,89.9,626.9,8.3,35.7,1,1,82.6
Jade Plant,loamy,large,seedling,19.6,28.1,37.1,1163.1,9.4,36.7,1,0,100.0
Peace Lily,clay,small,mature,57.0,20.5,91.24648281096374,198.2,2.5,32.7,5,0,100.0
Money Plant,loamy,medium,mature,63.8,37.1,94.0,546.2,6.5,55.8,3,0,92.7
Money Plant,sandy,medium,seedling,68.7,28.6,78.2,464.5,5.5,31.9,4,0,100.0
Fern,sandy,large,seedling,61.4,19.9,89.02900329818883,243.5,2.4,43.6,3,0,100.0
Snake Plant,clay,small,mature,52.9,34.0,86.1,418.8,6.7,25.1,1,0,100.0
Money Plant,clay,small,mature,43.4,34.5,85.4,517.2,5.8,25.6,2,1,99.6
Money Plant,clay,medium,seedling,53.6,15.5,74.5,381.6,6.5,40.7,4,0,76.6
Peace Lily,sandy,large,mature,70.3,16.7,68.5,343.3,4.5,54.0,4,0,90.4
Areca Palm,sandy,large,mature,63.9,31.9,58.2,472.3,6.6,14.7,3,0,96.8
Snake Plant,clay,medium,seedling,47.1,19.3,26.0,329.9,4.9,38.4,1,0,100.0
Money Plant,sandy,medium,young,48.1,27.1,31.9,344.8,5.4,28.8,2,0,100.0
Tulsi,sandy,small,seedling,65.8,15.7,48.5,424.2,6.7,9.8,3,0,80.7
Aloe Vera,clay,large,mature,18.4,15.7,48.7,636.0,7.3,35.6,1,0,86.4
Jade Plant,sandy,small,young,9.6,20.0,57.3,992.6,9.1,12.4,1,1,95.9
Aloe Vera,loamy,medium,mature,30.9,15.9,60.7,897.4,8.6,13.4,1,0,85.2
Monstera,clay,large,young,84.8,32.1,80.5,597.8,4.2,4.9,3,0,100.0
Areca Palm,clay,medium,seedling,39.1,24.4,93.8,387.9,6.3,56.6,2,1,89.0
Tulsi,clay,small,seedling,48.5,29.9,26.1,381.0,6.7,5.9,2,0,94.5
Money Plant,loamy,medium,young,66.3,32.1,56.2,306.8,5.1,48.6,2,0,99.2
Peace Lily,clay,small,seedling,45.6,36.2,81.09372633428828,211.4,3.2,69.9,4,1,66.8
Monstera,clay,large,young,58.6,28.4,63.70190436929853,333.1,4.3,68.8,3,0,100.0
Snake Plant,sandy,medium,mature,38.9,35.3,94.5,466.8,5.3,57.0,2,1,79.1
Fern,loamy,medium,seedling,47.3,19.9,77.50699608320863,191.2,3.1,1.7,3,1,100.0
Areca Palm,loamy,large,seedling,36.1,37.5,32.7,470.2,5.9,6.2,3,1,78.0
Money Plant,clay,large,mature,66.9,31.7,62.0,588.6,5.2,45.0,2,0,100.0
Peace Lily,sandy,medium,mature,60.1,21.2,77.64593884736456,214.8,2.5,38.0,3,0,98.2
Spider Plant,sandy,small,mature,48.8,34.7,36.8,895.0,7.7,67.6,1,0,96.5
Money Plant,clay,medium,seedling,34.5,35.2,78.3,455.7,4.1,17.9,2,1,77.9
Spider Plant,clay,small,mature,33.6,17.6,25.3,335.7,4.6,57.5,1,0,85.2
Snake Plant,clay,large,mature,19.1,29.4,82.4,437.0,5.0,59.9,2,1,86.7
Jade Plant,loamy,medium,mature,3.3,31.5,28.1,802.1,9.2,39.1,1,1,100.0
Snake Plant,loamy,medium,young,13.1,38.0,52.2,1089.6,8.6,70.0,1,1,75.2
Aloe Vera,sandy,medium,seedling,9.5,35.5,75.6,1157.7,7.8,37.7,1,1,60.9
Snake Plant,loamy,large,mature,27.3,29.9,73.6,1177.7,7.8,22.3,1,0,100.0
Aloe Vera,loamy,medium,mature,14.6,15.3,50.4,423.9,7.0,2.2,1,0,88.2
Jade Plant,loamy,large,young,11.1,21.5,87.3,865.0,7.6,51.6,1,0,81.0
Fern,sandy,medium,mature,72.5,31.6,91.85874430988785,345.7,4.8,9.9,5,0,97.2
Areca Palm,loamy,medium,seedling,38.8,18.4,87.3,566.2,5.0,35.8,4,1,91.9
Tulsi,clay,small,young,47.4,29.7,38.5,436.3,5.0,0.6,2,0,95.9
Jade Plant,sandy,large,seedling,18.8,27.7,48.2,1163.0,8.7,45.2,1,0,100.0
Peace Lily,clay,large,seedling,60.4,21.6,85.6,365.7,4.4,19.0,3,0,99.1
Money Plant,sandy,small,mature,37.3,20.6,35.0,523.7,6.2,12.7,2,1,100.0
Tulsi,loamy,large,mature,37.9,24.8,49.6,584.0,6.7,51.5,4,1,80.1
Spider Plant,clay,medium,seedling,42.1,37.0,79.0,517.6,5.6,69.9,2,1,63.1
Tulsi,sandy,medium,young,45.7,37.7,84.6,326.4,4.3,17.0,2,0,88.7
Aloe Vera,loamy,medium,young,11.9,34.4,43.2,649.8,9.8,71.9,1,1,85.3
Tulsi,clay,small,mature,60.4,30.6,82.8,596.1,5.2,36.7,2,0,100.0
Spider Plant,clay,large,young,25.3,36.9,84.9,972.8,8.8,31.8,1,1,95.0
Fern,clay,large,young,63.1,33.2,83.18370119174963,491.7,4.3,26.0,3,0,95.4
Snake Plant,loamy,medium,mature,51.0,28.0,94.5,559.2,5.2,58.4,1,0,98.1
Monstera,loamy,medium,mature,82.0,32.3,63.3,429.8,5.2,18.2,3,0,100.0
Peace Lily,sandy,medium,young,83.3,28.2,84.18347324933431,492.8,5.2,6.3,5,0,96.2
Jade Plant,clay,small,mature,18.3,27.7,62.2,500.6,6.0,16.8,1,0,97.3
Jade Plant,clay,large,mature,19.9,33.5,75.7,1080.8,7.1,38.7,1,1,89.9
Spider Plant,clay,small,young,53.8,34.5,82.2,544.6,4.5,26.7,1,0,97.0
Monstera,sandy,large,seedling,73.3,20.7,70.88343751725202,458.4,5.0,0.3,3,0,100.0
Areca Palm,sandy,small,mature,45.9,31.8,86.1,318.7,4.6,50.3,2,0,96.1
Areca Palm,loamy,large,mature,37.3,28.9,92.1,304.0,4.1,21.4,3,1,100.0
Snake Plant,sandy,small,mature,42.2,26.4,31.9,524.8,4.2,63.7,2,0,100.0
Tulsi,clay,large,mature,36.5,29.2,77.6,474.6,4.8,20.5,4,1,100.0
Areca Palm,loamy,medium,young,37.5,36.2,69.0,401.3,5.0,11.9,3,1,86.2
Areca Palm,sandy,large,mature,53.3,30.5,83.6,533.8,5.4,43.1,2,0,95.6
Aloe Vera,clay,small,young,23.2,17.4,26.9,484.7,6.4,70.3,1,0,86.5
Aloe Vera,loamy,large,mature,18.0,29.6,51.9,921.3,9.1,34.9,1,0,100.0
Money Plant,clay,medium,mature,33.7,34.9,88.0,502.1,5.6,51.6,3,1,83.7
Peace Lily,clay,large,seedling,71.1,15.3,70.6,364.0,5.1,28.5,4,0,76.9
Snake Plant,clay,large,seedling,41.3,33.2,51.9,554.1,6.8,18.7,2,1,91.7
Money Plant,clay,medium,mature,57.8,30.7,29.6,554.9,4.7,65.8,2,0,98.6
Tulsi,sandy,medium,seedling,65.8,31.9,83.7,301.3,5.2,66.8,2,0,87.2
Peace Lily,sandy,large,mature,47.5,32.6,87.5,486.0,4.8,62.3,3,1,85.8
Monstera,loamy,medium,mature,54.1,16.5,85.85065722374635,542.8,4.4,58.6,3,1,73.2
Aloe Vera,sandy,small,seedling,15.7,23.5,30.0,1084.5,7.5,39.6,1,0,98.9
Monstera,clay,large,seedling,69.0,20.3,85.7,328.0,4.2,23.5,4,0,100.0
Monstera,clay,medium,young,64.2,32.7,87.55332991374299,336.7,5.4,34.0,5,0,100.0
Peace Lily,loamy,small,seedling,61.4,27.6,71.53305294551924,146.8,2.4,26.8,4,0,100.0
Fern,sandy,medium,young,81.3,21.0,86.684953074907,438.6,5.2,16.3,3,0,98.8
Tulsi,clay,medium,young,49.5,32.4,84.0,438.8,5.3,10.2,3,0,98.6
Areca Palm,sandy,small,young,49.3,19.7,82.9,379.1,5.2,47.0,3,0,100.0
Aloe Vera,clay,large,mature,13.2,16.4,31.8,918.0,9.9,55.9,1,0,93.9
Monstera,sandy,medium,mature,67.7,34.5,74.4,399.7,4.3,55.5,4,0,98.9
Fern,clay,small,young,55.9,19.3,75.70432081506908,127.2,3.7,32.1,3,0,100.0
Aloe Vera,sandy,medium,seedling,28.3,34.8,74.4,464.5,6.8,66.3,1,1,59.8
Tulsi,clay,large,seedling,62.7,20.0,62.0,421.9,5.8,48.4,3,0,95.3
Monstera,loamy,large,young,46.3,28.6,87.30602341121488,377.9,5.1,25.0,4,1,95.3
Fern,loamy,small,young,45.0,19.6,80.86634166450355,290.3,3.8,55.9,4,1,83.1
Peace Lily,clay,medium,seedling,78.4,31.9,84.87379801917845,131.8,3.4,61.2,4,0,90.9
Money Plant,sandy,large,young,40.3,18.4,37.7,339.1,6.2,52.5,3,0,96.8
Tulsi,sandy,large,seedling,35.9,26.1,32.4,495.4,6.5,35.3,3,1,100.0
Areca Palm,sandy,medium,seedling,55.2,16.3,45.6,386.7,5.1,60.3,4,0,79.0
Fern,sandy,small,young,60.8,19.0,60.27522696000756,541.9,4.3,13.5,5,0,100.0
Spider Plant,loamy,large,seedling,25.5,17.2,93.6,548.6,5.3,4.4,2,0,80.5
Snake Plant,clay,medium,seedling,16.3,36.2,81.4,533.6,6.2,63.9,1,1,66.9
Money Plant,clay,large,seedling,53.0,19.8,53.9,413.0,6.8,16.1,3,0,96.1
Areca Palm,sandy,large,young,42.2,33.0,55.3,366.7,4.0,40.5,4,0,100.0
Peace Lily,clay,small,seedling,67.9,35.3,71.37674964074343,365.7,4.8,43.5,5,0,76.3
Tulsi,clay,small,mature,57.1,34.8,36.2,495.7,4.7,21.5,3,0,100.0
Spider Plant,sandy,small,young,36.7,31.5,56.7,349.9,6.3,46.4,1,0,98.6
Aloe Vera,loamy,medium,young,13.1,29.3,68.9,600.3,7.8,61.9,1,0,99.3
Money Plant,clay,large,young,67.7,37.9,77.7,463.7,4.5,47.9,2,0,94.2
Jade Plant,sandy,large,seedling,28.3,18.8,79.0,1166.7,9.1,63.5,1,0,72.4
Money Plant,clay,medium,mature,43.6,28.2,27.4,357.7,5.0,14.9,2,0,95.1
Tulsi,sandy,medium,seedling,70.6,15.9,81.7,592.0,5.0,8.2,3,0,83.8
Aloe Vera,clay,medium,young,4.2,33.3,72.8,948.5,9.4,58.5,1,1,73.1
Monstera,loamy,small,mature,50.2,19.5,79.3,283.8,3.0,42.6,3,1,96.3
Fern,sandy,medium,mature,69.3,32.2,64.42139621159333,380.8,5.9,19.5,3,0,96.6
Jade Plant,sandy,medium,young,27.1,32.3,52.5,968.9,8.4,68.5,1,0,96.2
Aloe Vera,clay,medium,seedling,22.6,16.7,57.2,639.3,7.1,1.1,1,0,76.8
Monstera,loamy,small,mature,66.8,19.7,80.50849001582986,189.3,2.7,50.6,3,0,96.0
Peace Lily,sandy,large,young,79.1,17.9,71.14756722219337,452.6,4.7,66.1,4,0,87.5
Snake Plant,sandy,large,seedling,32.3,35.5,54.8,471.3,4.1,11.4,1,1,82.4
Fern,clay,medium,seedling,73.2,21.2,72.3841506554776,166.4,2.9,0.7,3,0,95.9
Aloe Vera,loamy,small,seedling,10.2,28.4,32.4,910.5,9.4,31.8,1,0,100.0
Areca Palm,loamy,small,young,45.8,25.7,93.2,339.4,4.8,69.9,4,0,100.0
Aloe Vera,loamy,medium,mature,30.3,33.4,47.5,954.4,9.2,53.0,1,1,89.7
Monstera,loamy,medium,young,59.7,16.0,66.93959942949924,146.9,2.8,12.3,5,0,90.9
Fern,clay,medium,seedling,46.4,23.2,76.35444816257363,387.0,4.2,31.2,4,1,95.6
Fern,clay,large,mature,65.5,33.1,89.03398153080498,591.8,4.2,23.1,3,0,99.4
Areca Palm,sandy,medium,seedling,49.0,15.4,60.6,533.7,6.0,26.1,2,0,84.2
Peace Lily,loamy,medium,seedling,65.3,33.1,66.42484166052321,251.0,3.4,38.4,3,0,88.5
Spider Plant,sandy,medium,young,38.1,19.0,53.8,987.7,8.4,6.5,2,0,100.0
Tulsi,sandy,medium,seedling,56.6,21.6,65.1,496.5,5.8,28.4,2,0,100.0
Areca Palm,sandy,small,young,64.5,24.2,43.4,315.8,6.5,41.8,3,0,99.3
Tulsi,sandy,medium,young,41.2,29.9,26.3,528.1,4.1,41.4,2,0,97.5
Aloe Vera,loamy,large,seedling,17.8,18.1,45.9,477.6,6.3,27.5,1,0,85.1
Money Plant,clay,small,mature,34.7,18.3,59.0,333.3,4.8,49.3,3,1,84.2
Money Plant,clay,medium,seedling,55.5,24.0,40.3,471.7,4.0,16.4,3,0,96.7
Monstera,clay,small,young,77.3,34.0,71.1,565.8,5.9,56.6,5,0,96.1
Jade Plant,clay,medium,mature,8.4,17.1,55.5,329.7,6.8,25.1,1,1,94.0
Monstera,sandy,large,seedling,67.4,25.6,78.31756146751664,184.0,3.9,66.1,4,0,95.3
Aloe Vera,clay,large,young,28.7,19.1,93.2,1085.3,9.5,34.1,1,0,88.6
Snake Plant,loamy,large,young,48.7,15.5,31.1,509.2,4.9,3.0,1,0,86.7
Fern,sandy,medium,young,71.4,21.1,67.66585032942436,256.2,3.4,57.3,3,0,100.0
Spider Plant,loamy,medium,young,20.8,28.1,94.8,821.8,7.9,16.2,2,0,100.0
Tulsi,clay,large,mature,41.8,16.0,73.2,511.8,5.3,4.6,4,0,85.1
Money Plant,loamy,medium,seedling,70.1,26.5,48.6,380.4,6.2,6.6,3,0,100.0
Aloe Vera,clay,large,mature,22.0,15.4,80.9,460.1,6.9,18.9,1,0,74.3
Monstera,clay,large,mature,53.1,24.4,93.46647673643025,382.7,4.1,32.9,5,1,99.0
Spider Plant,sandy,large,young,27.0,34.4,92.4,424.2,5.3,33.6,2,1,100.0
Spider Plant,sandy,medium,mature,45.8,36.3,88.1,1129.4,7.3,6.3,2,0,88.7
Fern,loamy,large,mature,61.6,15.8,65.84280066333908,303.3,5.4,37.2,5,0,88.3
Areca Palm,loamy,large,young,48.9,15.5,93.3,569.8,4.1,16.4,3,0,87.5
Monstera,clay,large,mature,63.1,20.6,83.30551667053001,180.9,2.1,50.5,4,0,100.0
Snake Plant,loamy,small,seedling,47.2,31.9,54.4,985.4,8.6,55.9,2,0,91.1
Fern,clay,large,mature,64.3,26.7,83.66884727718544,314.0,5.2,33.9,4,0,97.1
Spider Plant,sandy,medium,mature,38.2,33.7,73.7,614.4,8.9,60.8,2,1,88.0
Peace Lily,sandy,large,mature,76.3,22.0,75.93939447443108,271.3,3.0,30.4,5,0,100.0
Snake Plant,loamy,medium,mature,29.2,31.6,27.1,1057.5,8.2,29.0,1,0,96.6
Money Plant,clay,small,mature,53.2,28.4,78.7,598.6,4.2,58.8,4,0,100.0
Areca Palm,sandy,large,seedling,70.0,24.6,47.6,370.0,6.3,6.5,2,0,100.0
Money Plant,loamy,medium,young,56.4,29.0,37.0,515.4,4.1,42.6,2,0,100.0
Aloe Vera,sandy,large,seedling,33.5,37.0,46.2,611.6,8.4,20.3,1,1,82.8
Jade Plant,clay,medium,seedling,6.5,37.9,66.9,923.2,7.4,13.7,1,1,78.7
Jade Plant,loamy,small,young,23.8,20.3,88.9,1071.8,7.1,58.4,1,0,87.0
Snake Plant,clay,large,mature,48.3,17.6,58.0,413.1,5.9,46.1,1,0,91.6
Snake Plant,clay,large,mature,50.7,28.3,77.9,495.1,4.5,18.2,1,0,100.0
Tulsi,loamy,large,seedling,51.2,22.6,39.0,316.3,4.3,43.1,2,0,96.6
Monstera,sandy,medium,seedling,64.1,19.7,82.42176597147358,557.7,5.5,32.7,5,0,99.0
Fern,sandy,large,young,73.0,27.7,89.48565575055932,289.3,3.3,47.6,4,0,95.2
Tulsi,loamy,large,mature,57.3,28.3,48.7,489.4,5.9,6.4,4,0,99.2
Money Plant,clay,large,mature,70.1,17.6,67.0,441.7,4.5,28.2,2,0,85.2
Money Plant,loamy,small,seedling,34.4,20.5,33.4,426.4,7.0,48.4,2,1,88.8
Monstera,clay,small,young,68.8,33.5,68.85786173261907,504.1,6.0,63.0,5,0,100.0
Snake Plant,sandy,small,mature,49.8,32.2,81.7,497.3,5.5,26.9,1,0,99.1
Money Plant,loamy,small,seedling,43.0,37.0,57.1,379.9,5.7,32.5,2,1,83.2
Money Plant,sandy,large,young,36.6,29.9,56.4,395.5,4.7,60.8,3,1,88.9
Monstera,sandy,medium,young,51.0,20.1,84.49693123733697,536.9,5.3,56.1,3,1,82.8
Money Plant,sandy,medium,mature,52.3,21.3,86.4,562.3,4.4,41.0,2,0,100.0
Aloe Vera,loamy,medium,young,8.0,36.6,53.0,338.2,6.8,30.8,1,1,88.8
Areca Palm,loamy,large,mature,37.4,24.4,66.0,545.0,4.9,69.7,4,1,88.6
Tulsi,sandy,large,seedling,53.3,36.9,38.0,423.2,4.5,44.6,2,0,75.1
Spider Plant,clay,small,young,28.8,36.8,64.8,826.2,8.5,70.9,1,1,79.1
Jade Plant,loamy,small,mature,30.3,36.0,67.2,729.2,8.2,54.1,1,1,77.3
Spider Plant,loamy,large,young,21.8,31.3,56.6,336.4,4.1,18.3,2,0,96.7
Fern,clay,large,seedling,65.9,17.2,94.16168881025354,346.4,4.4,9.1,3,0,75.1
Money Plant,sandy,medium,young,58.9,16.1,93.5,485.1,4.4,53.8,3,0,85.7
Monstera,loamy,large,mature,54.9,20.2,62.47509373441674,103.3,3.2,37.2,5,1,100.0
Peace Lily,sandy,large,mature,68.8,25.8,82.55495817551669,415.1,5.3,11.5,4,0,100.0
Tulsi,clay,small,young,40.5,29.3,74.7,401.1,4.5,16.7,4,0,100.0
Areca Palm,clay,medium,mature,70.8,36.7,32.2,420.2,6.7,65.9,4,0,90.7
Fern,sandy,large,young,43.2,24.3,83.06086147395771,287.0,3.0,32.3,4,1,99.1
Snake Plant,loamy,medium,mature,44.4,22.7,58.6,604.0,8.2,17.8,2,0,100.0
Areca Palm,clay,small,mature,35.7,18.8,40.8,485.6,5.4,61.2,2,1,81.0
Money Plant,clay,medium,young,53.2,19.5,36.9,425.7,4.2,54.5,3,0,100.0
Tulsi,sandy,small,mature,65.1,22.7,68.5,477.2,6.2,37.1,4,0,96.9
Areca Palm,sandy,small,young,65.5,31.8,81.7,434.6,4.8,39.6,3,0,95.0
Monstera,clay,medium,seedling,59.5,25.2,92.1,113.1,3.3,69.7,3,0,95.1
Areca Palm,clay,medium,seedling,65.3,32.9,67.6,575.7,4.1,40.1,4,0,92.8
Peace Lily,sandy,medium,mature,74.3,20.5,72.1489648725539,176.7,3.1,70.0,5,0,95.4
Snake Plant,loamy,medium,mature,43.7,15.0,49.2,550.6,5.6,18.8,1,0,92.2
Jade Plant,clay,large,young,31.8,20.7,71.6,447.6,6.2,34.0,1,0,80.5
Money Plant,loamy,small,seedling,44.2,31.5,47.3,305.5,4.8,54.8,4,0,91.0
Fern,sandy,small,seedling,48.6,33.5,73.7779685624919,288.0,2.6,52.7,4,1,72.4
Peace Lily,loamy,large,young,83.4,30.7,60.73646145390347,208.1,3.8,10.9,5,0,98.2
Jade Plant,loamy,medium,seedling,25.0,37.3,51.7,724.0,8.8,14.7,1,1,77.4
Spider Plant,sandy,small,seedling,30.5,36.4,67.3,901.9,8.3,36.5,2,1,75.5
Spider Plant,clay,small,mature,32.6,31.6,67.4,312.3,7.0,48.9,1,0,96.2
Jade Plant,sandy,large,mature,33.5,33.9,69.0,647.3,9.5,14.4,1,1,100.0
Tulsi,clay,medium,seedling,56.3,17.2,62.6,348.9,4.1,28.8,4,0,76.9
Snake Plant,sandy,large,mature,30.6,24.3,45.7,394.1,4.7,43.2,1,0,99.7
Money Plant,clay,medium,young,53.1,23.4,44.5,317.0,6.9,38.3,4,0,100.0
Tulsi,loamy,small,seedling,47.5,25.2,29.4,471.7,6.5,52.5,2,0,100.0
Spider Plant,clay,medium,young,22.8,18.0,53.5,818.0,8.6,70.3,2,0,96.4
Spider Plant,sandy,large,mature,32.2,21.9,34.1,572.1,4.0,37.2,2,0,95.5
Money Plant,clay,small,seedling,65.9,24.1,41.7,519.3,4.1,63.9,3,0,95.9
Spider Plant,clay,small,mature,49.2,27.5,33.4,596.5,7.0,4.2,1,0,100.0
Money Plant,sandy,medium,seedling,39.3,15.5,43.4,438.0,6.3,26.7,2,1,79.7
Jade Plant,clay,small,seedling,32.7,28.2,82.7,487.0,6.2,38.4,1,0,80.4
Areca Palm,clay,medium,young,45.2,30.2,43.0,341.1,5.8,23.0,4,0,100.0
Jade Plant,clay,large,young,7.5,36.3,40.8,978.4,8.2,8.7,1,1,90.5
Spider Plant,clay,large,young,47.9,27.2,44.8,838.9,7.8,29.2,2,0,100.0
Jade Plant,loamy,medium,seedling,5.7,17.8,68.2,827.9,8.8,16.9,1,1,83.1
Snake Plant,clay,small,young,14.3,27.5,27.1,692.6,8.3,30.4,2,1,100.0
Money Plant,sandy,small,young,50.7,33.4,29.4,586.5,4.2,49.0,2,0,95.7
Aloe Vera,loamy,large,mature,27.8,36.9,54.6,632.4,7.3,37.9,1,1,90.7
Peace Lily,sandy,small,young,62.4,22.0,75.48181727417459,241.9,3.1,69.7,4,0,100.0
Peace Lily,sandy,small,mature,80.8,33.7,80.42336230653896,192.0,3.3,41.2,4,0,100.0
Fern,loamy,large,mature,79.9,24.2,92.5,166.0,2.9,63.7,5,0,100.0
Aloe Vera,clay,large,mature,21.1,26.4,68.9,1172.9,7.6,26.9,1,0,99.7
Tulsi,sandy,large,mature,60.8,26.0,58.2,556.7,4.8,58.0,4,0,96.0
Tulsi,sandy,small,mature,40.6,23.3,59.2,481.1,6.1,34.5,2,0,100.0
Tulsi,sandy,large,young,66.2,21.6,27.8,528.9,5.0,58.7,2,0,100.0
Areca Palm,clay,large,mature,52.2,30.0,43.1,512.7,5.9,16.1,2,0,100.0
Peace Lily,loamy,small,seedling,43.2,18.1,73.0,319.6,6.0,44.4,3,1,87.3
Tulsi,loamy,medium,young,51.6,18.2,92.3,457.6,5.8,64.0,2,0,95.1
Areca Palm,clay,medium,seedling,48.0,22.5,43.8,577.8,4.2,23.3,3,0,100.0
Jade Plant,loamy,small,seedling,4.7,27.7,40.5,836.0,8.9,20.5,1,1,97.5
Tulsi,sandy,medium,mature,35.1,31.7,35.5,365.5,5.4,67.6,3,1,84.1
Fern,loamy,small,young,62.5,24.2,60.12071532947375,315.7,4.2,27.2,4,0,95.3
Jade Plant,clay,small,mature,22.2,26.6,46.3,547.2,6.3,46.1,1,0,100.0
Monstera,loamy,small,seedling,70.2,35.6,76.56349914038586,451.9,5.0,30.8,4,0,79.2
Peace Lily,loamy,small,young,45.1,34.1,74.16932885856822,498.7,5.2,25.7,5,1,100.0
Spider Plant,clay,medium,mature,24.6,16.6,65.2,725.3,7.2,37.6,2,0,87.2
Jade Plant,loamy,large,mature,19.0,26.1,65.2,1198.4,7.1,56.9,1,0,97.6
Fern,clay,small,mature,77.0,32.0,90.33713936711362,540.1,4.4,14.9,3,0,100.0
Spider Plant,clay,small,seedling,36.8,18.0,40.6,330.3,4.5,51.7,2,0,90.9
Fern,loamy,small,mature,66.6,34.9,92.6474968856588,103.3,2.9,50.4,5,0,96.8
Areca Palm,clay,large,mature,39.3,37.7,86.3,591.7,6.4,50.6,2,1,73.0
Areca Palm,clay,small,mature,52.1,18.7,52.8,319.3,6.1,37.0,4,0,100.0
Tulsi,sandy,small,young,52.4,27.1,63.2,591.8,6.0,20.9,3,0,98.9
Money Plant,clay,large,seedling,63.1,37.7,39.0,420.2,5.9,33.7,4,0,84.8
Jade Plant,loamy,medium,young,18.4,15.6,72.6,974.1,8.7,40.9,1,0,78.0
Aloe Vera,loamy,large,seedling,28.4,37.3,84.9,720.8,7.8,57.9,1,1,45.5
Fern,sandy,large,seedling,48.4,24.6,74.65431318650248,163.7,3.4,32.4,3,1,100.0
Monstera,clay,medium,mature,57.5,36.3,91.3,298.2,3.4,12.4,4,0,89.7
Monstera,sandy,small,seedling,65.5,23.9,88.29248185145413,387.4,5.4,4.1,4,0,95.7
Spider Plant,clay,medium,young,24.0,17.4,37.3,531.0,5.3,42.4,2,0,89.7
Monstera,sandy,small,seedling,61.1,19.6,60.594599753167884,550.9,5.1,59.1,4,0,100.0
Snake Plant,clay,small,seedling,38.2,24.4,28.2,363.6,4.8,46.3,2,0,95.6
Money Plant,loamy,medium,mature,55.4,16.1,67.8,533.1,6.9,20.0,2,0,85.7
Monstera,loamy,large,seedling,45.3,28.4,76.64706372375177,268.9,3.9,59.1,5,1,85.8
Areca Palm,sandy,medium,young,39.3,37.8,63.9,381.1,5.2,0.9,3,1,88.2
Money Plant,clay,small,young,62.6,32.3,51.4,592.1,7.0,1.0,3,0,98.2
Aloe Vera,loamy,medium,mature,27.5,15.4,48.6,627.1,9.0,47.4,1,0,89.3
Tulsi,loamy,large,young,66.3,21.2,70.5,590.8,6.4,25.5,2,0,100.0
Tulsi,clay,large,young,52.8,29.0,86.0,368.2,4.5,40.6,3,0,99.4
Areca Palm,clay,medium,mature,47.7,25.0,50.4,320.0,6.0,64.8,2,0,100.0
Fern,loamy,small,seedling,70.9,15.1,71.20000021558087,562.1,4.6,50.1,5,0,83.1
Monstera,sandy,large,young,52.2,18.7,70.3,516.8,4.6,27.1,4,1,100.0
Monstera,sandy,medium,young,63.6,34.3,89.72572858912241,240.0,3.8,27.6,3,0,96.8
Jade Plant,sandy,large,mature,4.3,36.0,31.1,1154.0,9.2,57.5,1,1,70.9
Fern,loamy,small,young,74.3,32.9,87.0,209.8,3.7,60.2,4,0,100.0
Tulsi,sandy,small,young,53.8,31.7,40.4,583.8,5.9,1.9,3,0,96.5
Tulsi,sandy,medium,mature,59.0,34.0,29.0,381.8,4.9,57.6,3,0,100.0
Areca Palm,sandy,large,mature,49.4,21.5,57.6,321.2,6.1,57.0,3,0,99.2
Peace Lily,clay,small,mature,78.2,27.1,94.2,552.9,4.7,53.9,5,0,99.6
Snake Plant,clay,large,seedling,36.0,22.4,67.2,596.3,5.8,54.9,2,0,100.0
Tulsi,clay,large,seedling,51.1,26.6,63.5,558.4,5.6,69.1,2,0,100.0
Spider Plant,sandy,small,seedling,21.6,28.7,72.7,800.2,7.2,6.4,1,0,100.0
Fern,sandy,small,mature,65.5,29.9,87.44482946905961,253.4,2.4,58.7,5,0,95.3
Areca Palm,sandy,medium,young,57.7,31.5,84.5,475.8,4.1,15.8,2,0,100.0
Jade Plant,loamy,small,young,7.7,27.7,87.5,906.8,9.6,66.9,1,1,69.4
Monstera,loamy,medium,seedling,59.0,20.6,76.10845824991269,558.7,4.5,56.4,4,0,100.0
Aloe Vera,clay,medium,mature,16.5,25.3,81.0,1059.6,9.0,60.5,1,0,86.6
Aloe Vera,sandy,medium,young,30.1,22.8,28.0,1005.7,7.3,2.4,1,0,96.3
Snake Plant,loamy,medium,mature,23.7,28.9,86.4,768.1,7.6,3.2,2,0,98.7
Fern,loamy,small,seedling,54.1,37.4,93.28408410250559,510.5,4.6,54.2,4,1,69.4
Peace Lily,sandy,small,young,53.2,27.3,88.6697422914489,480.5,5.1,53.5,4,1,85.8
Areca Palm,clay,large,young,39.6,27.4,86.2,541.3,6.9,45.2,4,1,98.6
Fern,clay,medium,young,54.7,37.5,88.67909712363252,271.2,3.7,68.7,3,1,78.1
Snake Plant,clay,small,seedling,42.9,29.1,58.6,813.0,8.3,68.0,1,0,88.7
Tulsi,loamy,large,mature,38.6,18.4,55.7,532.2,6.9,15.0,3,1,95.4
Jade Plant,sandy,medium,mature,12.9,23.5,74.4,546.5,6.7,16.3,1,0,83.0
Spider Plant,loamy,medium,seedling,25.1,27.6,68.9,539.1,6.9,1.7,1,0,99.7
Aloe Vera,clay,medium,young,15.3,34.5,74.6,807.2,8.9,45.5,1,1,83.6
Monstera,loamy,small,mature,81.9,26.2,76.9,100.6,2.3,0.9,5,0,96.6
Tulsi,sandy,large,mature,34.5,17.2,64.5,329.7,6.7,56.7,3,1,73.0
Monstera,loamy,medium,young,68.5,31.1,67.11884818442032,189.9,3.9,1.9,5,0,100.0
Jade Plant,loamy,small,mature,34.8,24.3,71.5,1062.4,9.9,2.1,1,0,81.5
Peace Lily,loamy,small,mature,71.3,31.7,66.0,424.7,5.6,32.6,3,0,96.2
Spider Plant,clay,medium,young,53.1,36.9,25.1,766.7,8.6,58.4,2,0,94.2
Tulsi,sandy,small,mature,58.2,31.1,40.4,569.9,4.1,15.0,4,0,99.4
Spider Plant,loamy,small,young,14.2,26.2,68.2,968.6,8.3,23.6,2,1,100.0
Monstera,clay,small,young,52.5,21.8,68.2,179.1,3.2,26.0,4,1,100.0
Tulsi,clay,small,seedling,63.0,27.6,42.2,470.3,4.7,56.3,3,0,98.6
Spider Plant,loamy,large,young,38.0,23.2,78.1,825.4,7.4,63.4,2,0,100.0
Monstera,loamy,small,seedling,75.3,20.0,85.1,522.9,5.9,24.1,5,0,95.6
Aloe Vera,clay,medium,mature,18.9,20.9,63.5,573.2,6.7,16.5,1,0,95.0
Areca Palm,sandy,small,seedling,47.0,20.8,50.3,412.1,6.1,34.7,4,0,100.0
Aloe Vera,sandy,medium,seedling,18.2,17.6,73.8,879.9,8.1,59.3,1,0,62.1
Tulsi,loamy,small,young,42.5,15.3,47.6,427.5,6.0,37.0,3,0,85.5
Fern,clay,large,seedling,66.3,16.4,75.6,116.9,2.8,6.6,3,0,75.6
Aloe Vera,clay,medium,mature,33.2,24.5,69.2,539.5,6.1,5.6,1,0,99.6
Money Plant,loamy,large,young,45.9,29.5,47.4,551.7,6.3,29.3,3,0,100.0
Money Plant,sandy,medium,mature,63.5,30.1,42.1,379.0,5.1,50.9,2,0,97.0
Spider Plant,sandy,small,seedling,32.9,19.5,38.0,1014.8,8.9,24.1,2,0,100.0
Peace Lily,sandy,small,young,76.0,32.0,74.1300537758322,120.6,3.9,5.4,3,0,98.2
Jade Plant,loamy,small,seedling,15.5,17.2,85.2,554.6,7.0,37.4,1,0,61.3
Tulsi,clay,small,seedling,73.1,37.8,41.2,352.8,4.6,26.8,2,0,76.4
Money Plant,sandy,large,mature,37.1,29.1,28.2,392.0,4.8,16.1,2,1,96.0
Aloe Vera,loamy,small,young,31.0,19.2,51.5,695.0,9.2,52.8,1,0,97.5
Spider Plant,loamy,medium,young,33.4,17.9,46.3,778.8,7.9,31.9,2,0,92.9
Tulsi,clay,large,mature,41.3,24.9,38.5,475.0,6.2,25.7,2,0,99.4
Areca Palm,loamy,large,young,43.7,29.4,85.7,491.1,5.7,26.0,4,0,100.0
Aloe Vera,clay,medium,seedling,15.8,22.7,37.4,822.6,9.8,23.9,1,0,100.0
Monstera,clay,medium,seedling,70.0,23.5,81.68559832173797,160.0,3.7,19.2,3,0,100.0
Peace Lily,sandy,small,young,48.8,34.5,87.21091437887421,577.1,5.8,28.4,4,1,100.0
Aloe Vera,clay,small,mature,30.8,28.4,73.3,490.1,6.5,55.1,1,0,85.5
Peace Lily,loamy,small,seedling,71.8,21.7,86.4,389.3,4.4,24.4,4,0,95.8
Areca Palm,loamy,large,young,55.0,36.9,77.1,363.8,5.0,47.5,2,0,89.1
Peace Lily,loamy,large,young,60.2,20.7,73.76537334602712,388.8,4.2,33.9,3,0,100.0
Jade Plant,loamy,large,mature,30.5,16.8,31.7,900.1,8.7,7.3,1,0,94.0
Fern,loamy,small,mature,45.2,25.6,76.58943310065534,194.3,3.5,12.0,3,1,100.0
Money Plant,sandy,medium,mature,71.3,29.1,82.0,568.9,4.1,27.8,4,0,97.8
Aloe Vera,sandy,small,seedling,8.0,37.5,52.9,1069.8,9.1,31.8,1,1,76.8
Monstera,sandy,large,mature,57.0,37.8,70.37882106048274,361.5,5.0,58.7,5,0,91.0
Areca Palm,sandy,large,mature,69.8,34.8,66.2,546.2,4.6,18.9,2,0,100.0
Snake Plant,loamy,small,seedling,28.6,29.8,74.2,326.5,6.8,29.5,2,0,94.9
Money Plant,clay,large,mature,58.7,20.2,48.0,416.9,4.3,12.2,2,0,100.0
Jade Plant,sandy,small,young,18.2,32.8,42.3,620.3,8.9,54.3,1,0,96.9
Aloe Vera,clay,medium,seedling,28.5,26.0,71.6,723.1,8.6,49.4,1,0,85.3
Snake Plant,clay,small,mature,17.3,27.5,73.4,1119.0,8.8,35.5,1,1,97.2
Snake Plant,clay,large,seedling,25.8,17.4,25.7,628.5,7.9,22.4,1,0,84.0
Tulsi,sandy,small,mature,68.9,27.9,86.7,463.3,5.2,2.4,2,0,100.0
Jade Plant,loamy,small,seedling,27.2,21.7,33.5,450.6,6.8,53.5,1,0,98.3
Fern,clay,small,seedling,59.8,19.8,76.73193767511546,328.9,5.9,60.3,5,0,100.0
Snake Plant,sandy,large,young,30.4,16.4,47.7,669.6,8.0,63.1,1,0,92.8
Snake Plant,loamy,large,young,54.8,36.3,82.2,1001.4,8.5,0.3,2,0,94.7
Fern,loamy,large,seedling,77.2,21.7,89.7879537725451,127.3,3.2,34.9,4,0,100.0
Jade Plant,sandy,medium,young,16.0,34.5,50.8,712.5,9.4,5.2,1,1,100.0
Snake Plant,sandy,large,young,40.1,21.9,92.9,473.3,4.6,20.6,2,0,97.5
Tulsi,sandy,medium,young,41.3,35.2,30.3,315.4,4.7,43.0,3,1,89.3
Tulsi,clay,small,young,46.6,27.6,82.0,496.8,4.5,53.3,3,0,100.0
Money Plant,sandy,large,young,34.6,21.5,75.4,462.8,5.4,50.7,4,1,82.8
Fern,clay,medium,young,83.0,28.9,67.7316999758829,173.8,2.2,42.5,5,0,100.0
Peace Lily,clay,medium,young,51.2,36.6,89.2,129.1,3.2,71.3,4,1,74.5
Snake Plant,clay,small,young,29.4,24.3,78.2,414.8,4.1,0.6,2,0,95.2
Money Plant,sandy,medium,mature,41.6,36.2,32.8,586.7,5.5,30.3,3,1,86.8
Money Plant,loamy,large,young,33.6,32.9,32.2,423.6,6.9,39.0,4,1,95.6
Monstera,sandy,medium,seedling,57.0,27.3,77.55257696065325,170.2,2.4,57.1,3,0,96.6
Aloe Vera,sandy,large,seedling,9.8,19.2,63.9,882.6,8.1,62.4,1,1,85.3
Peace Lily,loamy,large,mature,48.4,21.8,86.29582609533196,221.1,3.1,8.3,5,1,98.7
Snake Plant,loamy,small,seedling,45.0,23.0,27.1,590.2,5.0,67.9,2,0,100.0
Tulsi,loamy,large,mature,64.0,18.0,82.8,491.9,4.9,67.4,3,0,98.6
Areca Palm,loamy,small,mature,32.3,32.5,61.7,321.8,4.1,64.4,4,1,81.0
Monstera,loamy,medium,seedling,76.5,21.9,87.53251661862384,571.9,4.0,66.9,3,0,97.6
Areca Palm,loamy,medium,young,37.7,21.6,86.9,492.5,4.5,48.5,2,1,89.3
Aloe Vera,sandy,medium,seedling,28.7,32.4,59.8,1180.8,8.6,48.5,1,0,87.3
Fern,loamy,small,mature,67.5,18.4,91.67153302695871,286.2,3.8,65.1,5,0,100.0
Spider Plant,loamy,large,seedling,26.2,22.3,48.2,1070.5,8.6,42.6,2,0,98.1
Money Plant,loamy,medium,seedling,68.2,28.2,76.6,469.9,6.9,3.5,4,0,98.0
Tulsi,loamy,large,mature,63.4,24.9,51.4,437.9,5.0,16.8,3,0,100.0
Peace Lily,clay,small,seedling,59.2,24.2,74.63891452726628,389.7,4.2,64.7,3,0,95.6
Peace Lily,sandy,large,seedling,72.6,26.8,81.48232140113052,554.7,4.6,21.3,5,0,98.0
Areca Palm,sandy,medium,seedling,43.0,27.2,72.3,352.2,6.7,21.7,2,0,95.0
Money Plant,clay,small,young,62.2,31.3,46.5,561.9,4.7,43.2,3,0,98.3
Peace Lily,clay,medium,young,45.8,34.5,89.19337237227383,413.6,4.3,11.7,3,1,96.6
Areca Palm,sandy,small,seedling,60.8,20.1,35.1,407.7,5.8,67.0,4,0,100.0
Peace Lily,loamy,large,seedling,54.2,27.1,81.17853030732212,281.0,3.6,49.7,3,1,86.0
Areca Palm,sandy,small,young,37.5,21.8,36.0,326.1,4.1,33.4,2,1,100.0
Tulsi,sandy,medium,mature,46.7,20.5,37.3,557.5,4.6,60.1,4,0,99.0
Tulsi,clay,small,seedling,39.1,17.8,41.1,534.1,4.9,59.1,2,1,60.1
Tulsi,sandy,medium,seedling,56.8,30.4,28.4,412.1,4.7,16.2,4,0,91.0
Snake Plant,loamy,small,seedling,42.6,16.3,26.5,413.0,6.2,13.3,2,0,78.4
Monstera,loamy,medium,seedling,80.9,26.8,60.086007717611594,299.5,3.8,58.5,4,0,96.4
Money Plant,clay,medium,mature,63.7,33.5,40.2,495.3,6.9,33.7,2,0,100.0
Fern,sandy,medium,young,54.9,23.7,75.53782616145685,335.5,5.1,21.3,3,1,100.0
Aloe Vera,loamy,large,mature,23.9,36.0,89.4,856.7,9.9,30.3,1,1,74.3
Money Plant,clay,small,mature,50.3,25.8,87.7,472.6,4.1,39.9,2,0,100.0
Peace Lily,clay,large,seedling,73.2,24.4,65.45578818486325,235.0,3.0,28.1,3,0,100.0
Areca Palm,sandy,medium,mature,40.6,34.0,69.3,359.5,4.4,35.0,2,1,100.0
Jade Plant,sandy,small,seedling,25.2,23.7,69.5,820.6,8.6,15.9,1,0,100.0
Snake Plant,clay,small,mature,13.8,22.2,26.5,401.0,6.3,65.4,1,1,85.7
Fern,loamy,large,seedling,46.5,35.1,74.2,231.7,3.4,36.2,3,1,78.8
Jade Plant,sandy,small,young,7.5,32.4,62.5,932.2,8.0,57.7,1,1,85.0
Peace Lily,loamy,small,young,47.1,35.6,89.4,274.2,3.1,58.6,3,1,78.0
Tulsi,loamy,medium,young,66.7,21.7,55.2,410.6,6.6,58.0,2,0,99.9
Monstera,clay,medium,seedling,63.2,37.1,88.7,250.3,3.3,44.2,4,0,84.8
Monstera,loamy,medium,mature,50.5,21.8,70.07926750768365,124.1,3.5,22.1,5,1,100.0
Peace Lily,sandy,medium,mature,54.4,18.0,92.50832532855196,342.9,5.4,48.4,5,1,88.7
Tulsi,clay,medium,mature,43.0,26.3,66.8,484.2,6.1,42.1,3,0,97.2
Monstera,sandy,small,seedling,78.5,28.2,72.99368125599773,129.5,2.0,14.1,5,0,100.0
Areca Palm,loamy,large,mature,45.1,30.4,73.9,516.9,6.9,33.4,3,0,100.0
Peace Lily,sandy,large,young,44.0,31.1,82.74055213767099,328.1,4.1,32.6,3,1,100.0
Tulsi,sandy,small,young,62.3,29.8,86.7,380.9,6.1,4.6,4,0,100.0
Areca Palm,clay,large,young,58.5,15.3,38.8,558.9,4.4,70.5,4,0,90.2
Aloe Vera,sandy,small,seedling,29.4,37.7,86.8,584.7,6.1,3.5,1,1,68.9
Fern,clay,large,young,74.5,17.9,82.2,363.8,6.0,61.1,5,0,91.8
Spider Plant,sandy,large,seedling,36.2,36.6,73.4,982.9,7.6,50.2,2,1,63.8
Peace Lily,loamy,large,young,61.2,29.0,64.65782758475049,411.1,4.2,30.2,5,0,100.0
Money Plant,sandy,small,seedling,64.3,21.0,50.9,412.3,6.8,59.4,4,0,100.0
Money Plant,sandy,small,young,44.6,21.7,32.7,568.4,6.1,46.2,4,0,100.0
Money Plant,sandy,large,mature,63.9,26.7,69.7,491.4,4.9,4.4,2,0,95.6
Aloe Vera,sandy,medium,young,4.5,23.9,60.6,399.1,6.9,37.6,1,1,100.0
Monstera,loamy,large,seedling,56.4,26.0,66.897974770309,303.6,4.5,66.4,3,0,100.0
Peace Lily,clay,medium,young,62.7,17.5,83.9,482.5,5.8,11.1,4,0,89.6
Snake Plant,clay,large,mature,22.3,31.0,70.2,332.0,6.2,37.1,1,0,98.9
Fern,clay,small,seedling,76.5,28.1,72.46867463193824,456.4,4.9,47.8,4,0,96.6
Snake Plant,clay,small,mature,52.1,22.4,27.0,376.7,5.9,46.3,1,0,95.7
Peace Lily,clay,medium,young,53.2,31.2,94.55861109242795,478.0,4.3,54.8,3,1,81.6
Tulsi,clay,medium,mature,64.6,18.3,57.8,313.0,5.0,49.1,3,0,100.0
Monstera,clay,medium,mature,44.8,26.2,85.8,402.3,5.2,11.3,3,1,100.0
Tulsi,clay,medium,young,42.3,28.6,81.8,411.3,4.2,53.2,3,0,95.6
Peace Lily,sandy,large,young,79.8,36.7,88.13271309474779,138.1,3.9,65.9,3,0,90.4
Jade Plant,clay,small,mature,25.8,34.4,69.7,559.5,6.9,60.8,1,1,89.5
Areca Palm,clay,medium,mature,68.7,36.9,33.1,395.7,4.9,49.9,4,0,89.8
Fern,clay,small,seedling,60.5,32.9,65.12493999720675,128.3,2.2,61.7,3,0,86.4
Monstera,loamy,medium,young,45.5,20.0,83.05263941675422,507.5,5.4,32.2,5,1,99.7
Jade Plant,loamy,medium,seedling,17.7,30.6,65.8,1025.9,7.5,31.3,1,0,92.7
Spider Plant,clay,medium,young,42.2,15.9,67.7,533.7,5.0,1.2,1,0,91.1
Peace Lily,sandy,small,young,54.0,36.7,94.0,487.2,5.1,68.9,5,1,71.8
Snake Plant,loamy,small,young,12.6,20.6,68.7,385.4,5.8,48.4,1,1,84.2
Snake Plant,clay,medium,mature,52.6,28.5,30.8,657.7,7.7,5.0,1,0,100.0
Tulsi,clay,small,seedling,46.8,26.6,34.4,500.8,6.2,60.8,4,0,100.0
Jade Plant,clay,large,seedling,19.9,20.1,45.2,447.6,6.8,6.4,1,0,96.9
Monstera,loamy,medium,young,57.3,28.1,82.3,226.7,3.7,61.4,5,0,100.0
Aloe Vera,sandy,small,seedling,17.1,17.1,94.6,497.2,6.6,30.5,1,0,61.5
Fern,sandy,medium,young,80.5,27.4,94.59754474625846,125.7,4.0,0.2,3,0,100.0
Tulsi,sandy,large,young,59.1,30.3,31.0,395.9,6.4,42.4,3,0,100.0
Peace Lily,clay,small,seedling,82.7,26.4,85.53715983029977,508.8,5.5,14.3,3,0,97.3
Spider Plant,loamy,small,young,47.7,28.8,78.4,317.5,4.4,52.0,1,0,100.0
Fern,loamy,large,seedling,46.8,16.5,88.33397938249956,264.8,3.2,69.6,3,1,61.7
Aloe Vera,clay,large,young,33.2,16.5,63.1,975.0,9.0,3.6,1,0,92.4
Money Plant,clay,large,seedling,37.4,29.6,54.2,460.1,5.2,46.3,3,1,90.1
Snake Plant,sandy,small,mature,22.6,29.6,61.4,1136.5,7.9,70.7,2,0,100.0
Money Plant,clay,large,seedling,73.3,16.7,83.0,504.3,6.9,68.2,2,0,81.7
Aloe Vera,sandy,large,young,18.0,26.4,39.2,1187.2,8.0,6.8,1,0,100.0
Snake Plant,loamy,medium,seedling,33.9,30.3,67.4,813.6,7.7,2.1,2,0,92.3
Spider Plant,clay,medium,young,33.7,30.9,31.9,675.2,8.3,38.2,2,0,100.0
Aloe Vera,clay,small,young,24.0,27.5,88.4,518.6,6.1,28.5,1,0,87.8
Tulsi,clay,medium,seedling,52.3,28.6,37.9,507.3,5.5,0.8,3,0,100.0
Aloe Vera,clay,large,young,28.4,17.0,52.7,465.1,6.7,46.1,1,0,91.8
Fern,loamy,small,young,75.3,21.7,78.74112254914668,168.3,2.5,34.3,5,0,99.6
Spider Plant,clay,large,young,48.0,23.7,26.7,919.3,8.8,22.8,2,0,100.0
Monstera,sandy,medium,seedling,57.4,35.5,80.3949318572617,586.0,4.3,10.0,5,0,84.6
Peace Lily,clay,medium,seedling,70.2,27.3,78.39537430553561,274.6,2.2,26.0,4,0,95.4
Jade Plant,sandy,medium,young,18.0,28.7,69.7,1101.2,7.8,35.4,1,0,100.0
Money Plant,loamy,small,mature,41.4,15.4,34.9,563.2,4.3,24.5,2,0,85.1
Fern,clay,large,seedling,73.4,26.3,74.05250596370449,403.4,4.6,71.7,3,0,96.6
Aloe Vera,clay,large,seedling,4.1,33.9,69.4,312.6,6.7,56.3,1,1,75.0
Aloe Vera,sandy,small,young,19.3,33.1,88.3,755.7,7.7,58.0,1,1,69.5
Aloe Vera,clay,large,mature,29.1,21.6,26.7,1069.1,8.0,6.6,1,0,100.0
Monstera,clay,medium,mature,60.3,37.1,68.94992583796001,462.8,4.9,35.5,4,0,87.1
Monstera,clay,medium,seedling,54.5,20.9,75.7,460.9,4.2,59.2,5,1,83.5
Fern,sandy,large,mature,74.9,35.1,85.94932708863345,288.0,2.9,25.4,5,0,90.5
Spider Plant,loamy,small,young,54.0,34.1,40.1,372.1,6.6,2.1,2,0,100.0
Areca Palm,clay,medium,mature,69.6,25.8,89.7,531.9,4.7,46.8,3,0,100.0
Jade Plant,loamy,small,mature,9.7,34.1,42.6,858.4,9.9,43.0,1,1,98.4
Fern,sandy,medium,seedling,54.9,32.6,80.3,478.8,4.9,38.3,3,1,89.0
Tulsi,loamy,small,seedling,68.7,25.5,44.6,470.1,6.3,50.2,4,0,99.5
Areca Palm,sandy,large,young,46.4,21.2,80.2,301.4,6.9,40.5,4,0,95.3
Spider Plant,sandy,medium,mature,14.9,37.8,32.7,981.6,7.4,21.6,1,1,88.4
Tulsi,loamy,small,young,34.6,19.8,40.9,531.5,5.8,49.4,3,1,86.8
Aloe Vera,clay,large,young,25.6,19.3,80.8,342.7,6.4,47.3,1,0,85.8
Monstera,sandy,medium,young,51.2,19.2,75.19458978934026,571.8,4.7,58.0,5,1,83.4
Money Plant,loamy,medium,young,63.3,20.1,38.5,402.7,5.0,5.8,3,0,100.0
Spider Plant,sandy,large,mature,17.3,16.9,41.3,1153.9,7.3,24.8,2,1,88.6
Aloe Vera,loamy,medium,mature,7.6,15.7,78.5,553.6,6.7,29.9,1,1,72.0
Areca Palm,clay,medium,seedling,37.6,37.9,34.8,412.4,6.5,30.5,3,1,82.2
Tulsi,clay,medium,seedling,54.1,19.0,54.7,592.7,4.4,47.2,4,0,98.9
Money Plant,loamy,large,seedling,58.5,24.7,41.4,537.0,4.7,16.9,3,0,100.0
Peace Lily,sandy,medium,mature,57.7,26.4,71.54755488215852,477.1,4.5,10.3,5,0,100.0
Spider Plant,clay,small,mature,51.1,33.5,91.3,368.7,5.4,55.8,1,0,100.0
Fern,sandy,medium,mature,70.0,22.9,90.5,221.6,2.6,17.4,5,0,98.0
Money Plant,loamy,small,mature,37.7,19.0,75.6,408.5,4.4,26.7,3,1,98.8
Tulsi,loamy,large,seedling,56.0,17.5,48.2,377.6,4.9,64.5,4,0,80.2
Aloe Vera,loamy,medium,seedling,9.3,25.0,68.1,1132.0,9.2,49.4,1,1,88.6
Jade Plant,clay,medium,seedling,3.4,30.6,32.5,475.4,6.6,68.3,1,1,79.4
Jade Plant,sandy,medium,young,9.1,33.6,88.7,333.5,6.6,30.8,1,1,86.9
Snake Plant,loamy,small,mature,38.0,26.6,41.0,465.0,4.5,28.6,1,0,100.0
Peace Lily,clay,small,mature,48.3,25.6,79.5,504.7,4.3,35.1,3,1,99.4
Monstera,clay,large,mature,58.5,29.2,76.0,110.2,3.1,58.2,3,0,96.8
Tulsi,loamy,medium,mature,51.4,33.6,42.1,363.9,4.1,67.7,4,0,100.0
Money Plant,sandy,large,young,50.8,26.6,56.7,314.3,5.9,0.6,2,0,100.0
Aloe Vera,clay,medium,mature,13.6,30.9,72.6,513.3,6.3,10.5,1,0,87.9
Fern,loamy,small,seedling,65.6,16.7,75.62425252823763,274.3,2.3,22.6,3,0,77.4
Monstera,clay,small,seedling,44.5,27.5,78.73960188041394,408.5,4.2,17.0,3,1,95.3
Fern,loamy,small,mature,70.1,31.8,86.7,423.3,5.1,29.9,5,0,95.1
Fern,loamy,large,mature,71.6,30.6,85.83977735275884,439.8,4.4,36.7,3,0,100.0
Areca Palm,clay,medium,seedling,40.1,16.1,26.6,329.9,6.1,3.6,3,0,79.7
Money Plant,clay,small,young,67.7,20.6,64.2,501.4,6.4,60.3,2,0,98.2
Tulsi,sandy,medium,seedling,35.1,27.2,30.7,486.7,6.3,57.5,4,1,83.0
Monstera,clay,medium,mature,57.7,25.9,88.79459056273795,436.1,4.4,35.9,4,0,97.4
Areca Palm,loamy,large,seedling,54.0,30.8,72.3,372.2,6.5,25.5,2,0,86.1
Spider Plant,clay,medium,mature,27.7,20.0,26.8,358.7,6.3,60.9,1,0,100.0
Monstera,sandy,small,mature,77.0,18.2,83.35259045159314,390.6,5.8,56.7,4,0,100.0
Tulsi,clay,medium,seedling,71.4,31.7,25.1,437.1,4.2,56.1,2,0,91.8
Tulsi,loamy,large,seedling,42.9,23.6,45.7,459.6,5.2,30.3,4,0,100.0
Spider Plant,clay,medium,seedling,28.1,34.4,52.2,570.7,7.0,66.7,2,1,72.2
Fern,loamy,small,seedling,61.5,15.7,92.2186940716533,245.8,2.9,49.7,5,0,75.8
Peace Lily,loamy,small,mature,73.0,36.9,79.6,444.8,4.6,4.2,5,0,88.3
Aloe Vera,clay,small,seedling,27.1,35.9,28.5,947.4,8.7,5.9,1,1,79.5
Tulsi,loamy,small,young,32.5,26.0,61.3,509.0,4.3,55.6,4,1,89.5
Money Plant,clay,medium,mature,65.4,25.3,67.9,375.6,5.6,41.5,4,0,100.0
Jade Plant,loamy,medium,mature,32.5,28.8,47.1,447.1,6.5,7.9,1,0,100.0
Spider Plant,clay,medium,young,39.8,26.9,31.6,1134.8,9.0,0.7,1,0,95.8
Aloe Vera,loamy,large,mature,7.4,22.2,85.3,1097.5,7.6,12.1,1,1,84.6
Peace Lily,clay,medium,seedling,47.9,32.1,77.7,197.6,3.6,40.4,5,1,85.7
Jade Plant,sandy,large,mature,27.5,31.3,70.4,459.1,6.2,68.2,1,0,87.0
Snake Plant,sandy,large,seedling,34.3,26.5,54.8,1017.4,8.0,8.3,1,0,97.2
Aloe Vera,clay,small,seedling,18.6,16.8,68.0,622.0,7.1,61.0,1,0,78.1
Jade Plant,sandy,small,young,24.2,30.5,67.1,1065.9,7.5,36.3,1,0,98.4
Spider Plant,sandy,large,mature,45.1,36.1,63.4,383.5,6.4,52.7,1,0,91.0
Tulsi,sandy,medium,young,34.8,17.4,81.6,355.3,6.1,40.2,4,1,93.8
Monstera,clay,medium,seedling,71.6,35.8,84.73339454513368,107.5,3.6,50.1,3,0,79.0
Jade Plant,loamy,medium,young,26.4,20.9,82.7,791.0,8.2,6.8,1,0,83.9
Money Plant,loamy,small,seedling,54.8,35.6,81.1,401.3,6.0,69.0,4,0,75.5
Jade Plant,clay,large,mature,20.8,22.0,86.7,977.8,7.9,65.9,1,0,80.3
Jade Plant,loamy,small,mature,25.0,17.5,58.8,495.3,6.8,54.8,1,0,85.9
Spider Plant,loamy,small,seedling,37.8,35.2,40.1,871.7,8.7,34.4,1,1,76.4
Areca Palm,loamy,small,mature,71.1,21.8,25.8,351.5,4.4,12.3,3,0,100.0
Monstera,sandy,large,mature,72.9,27.1,80.4,355.4,5.6,16.9,3,0,98.1
Money Plant,sandy,large,seedling,42.1,29.9,46.7,465.8,6.3,61.4,3,0,86.6
Money Plant,sandy,large,young,48.2,20.6,83.6,431.8,5.8,25.3,4,0,100.0
Snake Plant,sandy,large,mature,50.7,26.8,71.0,604.8,8.9,57.8,2,0,97.9
Monstera,clay,medium,seedling,47.3,29.3,76.3610334795907,266.2,3.3,9.7,3,1,93.4
Snake Plant,loamy,large,mature,22.0,16.3,88.7,1093.1,7.3,5.1,1,0,91.4
Peace Lily,clay,medium,mature,67.9,21.1,77.5,372.6,5.8,27.5,3,0,98.8
Jade Plant,loamy,medium,mature,13.4,19.0,36.8,415.1,6.9,40.9,1,0,95.9
Snake Plant,loamy,large,seedling,39.0,29.0,26.1,783.3,7.9,20.2,1,0,100.0
Tulsi,clay,small,young,64.0,24.8,37.4,360.5,5.2,21.6,3,0,100.0
Jade Plant,sandy,small,young,27.3,19.8,51.0,828.7,9.0,65.0,1,0,97.5
Money Plant,loamy,medium,young,41.6,33.7,37.3,583.1,4.5,68.0,4,1,85.5
Peace Lily,sandy,medium,young,41.0,19.7,82.5,467.8,5.0,65.0,4,1,85.2
Jade Plant,clay,large,young,29.6,35.2,89.5,749.2,9.5,30.7,1,1,79.0
Spider Plant,clay,medium,seedling,49.2,22.4,31.7,377.6,5.6,9.0,2,0,100.0
Aloe Vera,sandy,small,mature,3.0,33.4,48.8,873.2,8.0,67.3,1,1,89.9
Jade Plant,loamy,medium,mature,17.0,23.7,92.4,966.8,8.4,18.6,1,0,80.2
Snake Plant,clay,large,mature,48.4,15.5,85.4,378.3,4.4,31.7,1,0,85.8
Money Plant,sandy,large,young,68.7,33.3,91.6,417.7,4.3,59.7,3,0,99.2
Peace Lily,sandy,large,young,60.8,16.8,84.01787413922897,232.4,3.5,18.8,3,0,93.9
Tulsi,sandy,medium,mature,57.7,19.8,92.6,472.6,7.0,23.6,4,0,100.0
Monstera,clay,small,mature,79.2,22.7,87.68457340593419,168.6,2.9,3.3,5,0,100.0
Monstera,sandy,large,young,62.3,16.7,91.48280327461404,337.3,5.2,69.0,3,0,93.4
Peace Lily,sandy,large,seedling,83.7,27.4,86.05988622482894,562.4,5.0,21.7,4,0,100.0
Snake Plant,loamy,medium,seedling,22.4,26.9,45.1,1120.9,8.3,48.3,2,0,97.0
Fern,clay,small,seedling,75.6,31.6,75.37462319600957,480.3,4.3,6.1,3,0,93.1
Aloe Vera,sandy,medium,mature,6.9,36.2,85.2,1024.9,9.5,33.1,1,1,75.2
Areca Palm,sandy,small,young,68.4,22.5,35.3,376.1,5.3,49.0,4,0,97.1
Jade Plant,clay,medium,mature,27.0,33.0,51.4,331.5,7.0,5.2,1,0,100.0
Aloe Vera,sandy,medium,young,21.7,30.6,31.2,628.7,9.0,63.6,1,0,100.0
Areca Palm,clay,medium,young,39.9,25.6,87.0,416.4,6.7,67.9,3,1,84.4
Peace Lily,loamy,small,mature,77.4,29.1,88.7,256.7,4.0,69.6,5,0,100.0
Jade Plant,clay,large,young,29.6,30.0,90.9,683.0,8.9,25.5,1,0,81.9
Areca Palm,clay,small,seedling,57.2,26.0,57.6,561.6,4.1,1.6,3,0,100.0
Spider Plant,clay,medium,seedling,21.3,22.1,56.2,526.3,4.4,55.2,1,0,100.0
Aloe Vera,sandy,large,mature,26.4,16.3,27.3,766.7,8.3,2.4,1,0,89.1
Spider Plant,clay,large,mature,42.5,18.5,77.1,595.0,5.2,57.6,2,0,100.0
Spider Plant,clay,small,young,49.5,36.9,89.0,857.9,8.7,2.3,1,0,91.8
Money Plant,sandy,medium,young,62.8,15.7,95.0,373.7,4.2,22.2,2,0,94.9
Peace Lily,clay,small,seedling,64.8,28.8,85.74593967920973,598.1,5.3,6.2,5,0,96.0
Peace Lily,loamy,small,mature,54.2,37.1,80.1,441.1,4.9,30.6,4,1,85.9
Spider Plant,loamy,medium,mature,41.5,15.0,75.4,495.3,6.0,56.3,2,0,88.8
Tulsi,loamy,large,seedling,49.7,32.0,74.8,475.9,6.9,1.2,3,0,91.4
Snake Plant,clay,large,seedling,14.4,31.1,73.4,355.8,6.9,30.4,1,1,87.9
Money Plant,clay,medium,young,51.7,30.6,68.6,316.4,4.2,4.8,2,0,100.0
Fern,clay,medium,seedling,78.1,22.1,79.31171525774394,376.0,5.4,52.8,3,0,100.0
Tulsi,clay,medium,young,35.1,34.9,82.9,384.6,5.8,1.2,3,1,100.0
Tulsi,loamy,small,mature,46.3,26.1,40.8,524.3,5.6,50.4,2,0,100.0
Spider Plant,clay,medium,young,53.8,22.0,39.3,502.3,4.4,0.6,2,0,98.6
Peace Lily,sandy,medium,young,46.2,32.8,93.28031924940666,532.7,5.7,26.3,3,1,96.7
Snake Plant,clay,large,mature,46.0,22.5,86.4,913.5,8.0,50.8,1,0,100.0
Snake Plant,sandy,large,young,45.9,22.6,81.5,403.5,5.9,44.7,1,0,97.2
Aloe Vera,sandy,large,seedling,22.0,22.2,78.4,1029.9,8.2,3.0,1,0,80.6
Aloe Vera,loamy,small,young,7.5,34.9,38.2,1089.9,8.4,22.4,1,1,96.6
Jade Plant,clay,large,young,26.3,32.1,42.0,476.3,6.2,66.5,1,0,96.7
Fern,clay,small,young,83.7,35.8,85.3305176947654,149.9,2.4,23.9,4,0,91.4
Peace Lily,sandy,small,seedling,43.0,22.4,70.38913965492841,206.6,3.8,48.4,4,1,81.0
Money Plant,loamy,large,young,59.1,23.3,63.4,422.0,5.0,60.4,3,0,99.3
Monstera,clay,medium,seedling,50.4,33.0,76.9,222.8,3.6,65.1,5,1,72.7
Tulsi,sandy,medium,young,66.7,30.7,90.4,591.5,4.1,66.1,2,0,100.0
Spider Plant,loamy,large,seedling,48.2,15.4,87.7,375.0,4.8,57.6,1,0,76.2
Fern,sandy,medium,mature,44.1,36.3,72.45438763853515,351.1,4.6,56.3,4,1,78.4
Jade Plant,clay,small,seedling,18.0,27.2,69.2,1025.0,9.2,53.7,1,0,95.1
Jade Plant,sandy,small,mature,28.2,33.4,69.3,895.4,8.5,54.7,1,1,85.5
Areca Palm,sandy,large,seedling,71.0,18.6,27.1,553.6,5.4,40.2,4,0,91.2
Tulsi,clay,small,mature,57.5,25.7,33.5,355.9,4.9,51.6,2,0,95.4
Fern,loamy,small,mature,82.8,36.4,88.9,157.6,3.5,2.1,4,0,92.9
Tulsi,clay,small,young,68.7,33.0,84.3,541.4,5.4,49.9,3,0,100.0
Peace Lily,sandy,large,mature,67.4,15.5,85.9,178.4,3.3,49.5,5,0,87.0
Snake Plant,clay,medium,mature,19.4,34.3,55.2,578.0,6.7,31.9,2,1,100.0
Peace Lily,clay,large,mature,51.6,29.3,93.56435561058177,125.6,3.7,66.8,5,1,88.4
Money Plant,sandy,small,mature,31.1,35.0,63.9,476.7,5.4,47.9,3,1,99.5
Snake Plant,loamy,large,seedling,25.9,19.9,26.2,912.6,8.3,57.4,2,0,100.0
Aloe Vera,loamy,small,mature,19.2,28.1,46.6,755.8,9.0,58.2,1,0,100.0
Peace Lily,sandy,medium,young,59.0,17.9,93.5059468875794,143.0,3.6,4.1,3,0,90.6
Aloe Vera,sandy,large,mature,20.0,24.1,25.5,1055.5,9.5,29.1,1,0,100.0
Spider Plant,clay,medium,mature,19.7,30.2,66.5,695.3,8.4,65.2,1,1,87.2
Money Plant,sandy,large,seedling,33.5,18.5,51.1,428.1,5.5,52.4,4,1,76.8
Spider Plant,clay,medium,mature,51.9,26.4,26.3,465.5,5.6,34.5,2,0,97.7
Monstera,loamy,medium,mature,53.0,25.9,67.02331377447123,396.7,5.8,24.8,5,1,100.0
Peace Lily,loamy,large,seedling,62.6,36.2,84.79881354426882,326.1,5.9,49.4,5,0,82.1
Monstera,loamy,medium,mature,59.3,35.4,90.0,495.6,5.4,56.9,4,0,91.2
Spider Plant,clay,medium,seedling,45.5,21.2,53.4,1067.2,7.8,31.4,1,0,100.0
Jade Plant,clay,medium,mature,24.6,28.8,41.6,629.9,9.7,68.8,1,0,98.5
Fern,sandy,small,seedling,45.4,24.1,71.45483560969123,227.9,3.9,12.4,5,1,97.8
Tulsi,loamy,medium,mature,63.9,33.2,40.0,414.5,4.5,39.8,4,0,100.0
Fern,clay,medium,mature,76.8,31.0,93.97899032514924,258.7,3.1,14.2,5,0,98.0
Money Plant,sandy,medium,seedling,64.2,25.1,41.9,596.0,5.2,35.0,4,0,100.0
Peace Lily,clay,medium,young,67.9,35.3,61.43160184120311,445.4,5.6,19.2,4,0,92.5
Spider Plant,loamy,large,seedling,26.0,26.4,28.4,509.0,6.0,57.1,1,0,100.0
Snake Plant,sandy,large,mature,51.3,18.5,62.2,488.0,6.2,49.2,2,0,100.0
Peace Lily,loamy,small,seedling,80.1,37.6,86.6,494.7,5.4,47.3,4,0,80.6
Money Plant,loamy,medium,young,39.8,22.8,47.4,425.0,5.2,15.7,2,1,100.0
Spider Plant,clay,large,mature,15.0,21.1,77.4,1098.1,8.2,5.9,1,1,100.0
Jade Plant,loamy,large,seedling,17.5,29.0,29.5,691.9,7.5,48.8,1,0,97.8
Snake Plant,clay,large,seedling,30.9,22.8,72.1,706.7,7.1,54.7,2,0,100.0
Fern,loamy,medium,mature,61.1,28.1,73.27323717850908,279.6,3.3,34.7,4,0,98.6
Monstera,loamy,large,young,68.7,29.9,74.6,461.1,5.1,47.3,4,0,96.0
Spider Plant,loamy,small,seedling,22.6,31.7,83.1,584.0,6.4,50.0,1,0,88.0
Snake Plant,clay,small,young,53.1,28.7,57.7,584.9,4.5,46.3,1,0,99.6
Aloe Vera,clay,large,young,31.6,20.5,30.0,921.9,7.0,9.6,1,0,98.5
Peace Lily,clay,large,young,58.0,24.2,93.82413387740411,392.7,4.5,28.3,5,0,98.3
Peace Lily,clay,small,mature,77.3,30.3,72.83514934655902,210.5,3.5,60.0,5,0,100.0
Jade Plant,clay,medium,mature,15.0,28.7,83.3,992.2,8.0,29.0,1,0,81.6
Fern,clay,large,mature,51.2,17.7,85.95822349758573,588.7,4.6,21.7,3,1,85.0
Money Plant,clay,small,young,71.5,24.2,66.5,376.3,6.1,70.5,4,0,100.0
Areca Palm,loamy,large,seedling,47.5,37.4,33.7,598.4,5.7,37.3,3,0,77.2
Monstera,clay,large,young,51.5,15.9,63.52705315258596,169.6,2.3,48.8,4,1,76.6
Money Plant,sandy,medium,mature,55.0,15.8,51.8,310.0,4.8,39.1,4,0,92.0
Tulsi,loamy,medium,young,60.2,30.6,52.9,409.5,6.2,58.4,2,0,97.4
Fern,loamy,medium,young,82.1,24.2,77.03824643041939,275.8,3.0,57.3,4,0,100.0
Jade Plant,clay,small,young,18.5,16.3,34.0,533.7,6.9,69.6,1,0,87.3
Peace Lily,sandy,small,mature,44.9,15.2,91.8771449849342,198.5,3.2,22.3,4,1,91.1
Spider Plant,clay,large,seedling,44.0,22.2,74.9,546.1,6.2,4.5,2,0,100.0
Fern,sandy,small,mature,66.5,32.7,93.1,244.2,3.8,57.9,5,0,100.0
Spider Plant,clay,large,seedling,21.2,24.0,26.8,597.5,4.9,29.9,2,0,100.0
Areca Palm,loamy,medium,mature,70.1,32.9,29.8,581.7,5.2,7.5,4,0,100.0
Tulsi,sandy,small,seedling,47.2,21.1,71.0,324.8,6.4,7.8,2,0,99.9
Fern,loamy,small,young,59.1,33.6,85.6,225.8,3.1,27.2,4,0,98.7
Aloe Vera,sandy,medium,mature,28.6,33.8,44.6,329.3,6.4,55.6,1,1,85.3
Peace Lily,sandy,small,young,79.5,36.2,71.83445971498979,210.5,2.2,46.7,5,0,90.4
Jade Plant,sandy,medium,mature,5.3,24.9,46.1,767.7,9.1,35.8,1,1,95.8
Spider Plant,loamy,small,seedling,37.3,15.6,30.2,397.1,5.0,70.2,1,0,84.0
Snake Plant,sandy,medium,seedling,13.3,27.5,88.8,563.5,6.5,28.4,1,1,97.9
Areca Palm,sandy,large,mature,58.3,15.2,54.5,463.0,4.3,55.8,3,0,88.8
Jade Plant,clay,small,young,29.9,24.7,58.8,711.3,8.5,6.8,1,0,96.5
Monstera,loamy,large,mature,54.4,24.1,73.64758497839632,313.4,4.3,63.8,5,1,86.7
Spider Plant,clay,large,young,31.5,33.3,43.0,483.9,4.5,28.9,2,1,98.2
Aloe Vera,loamy,large,seedling,26.8,23.9,88.8,1179.2,8.3,51.8,1,0,87.5
Money Plant,sandy,medium,seedling,36.6,22.7,71.3,315.9,5.4,39.8,4,1,100.0
Peace Lily,loamy,large,seedling,50.3,19.3,94.5,155.5,2.0,8.5,4,1,98.3
Aloe Vera,sandy,large,seedling,7.4,29.7,52.9,1171.6,9.5,28.9,1,1,85.0
Tulsi,sandy,medium,mature,54.2,31.9,78.0,537.8,5.4,37.0,4,0,96.4
Jade Plant,sandy,small,young,25.7,27.5,77.9,551.8,6.8,46.0,1,0,80.0
Peace Lily,clay,small,young,57.6,34.6,73.20836242353063,238.1,2.9,24.9,4,0,95.3
Tulsi,loamy,small,young,37.1,16.1,81.5,326.0,4.7,23.8,4,1,90.1
Jade Plant,loamy,medium,mature,14.8,28.3,90.2,961.7,9.0,7.2,1,0,89.3
Snake Plant,clay,large,seedling,34.8,19.4,49.2,782.1,8.5,9.3,1,0,100.0
Spider Plant,sandy,medium,seedling,44.3,37.2,42.7,434.5,5.0,40.2,2,1,76.2
Fern,clay,medium,young,77.2,25.7,73.57208035732461,164.9,2.9,68.7,3,0,100.0
Jade Plant,loamy,medium,mature,29.4,29.6,83.9,883.5,8.6,17.0,1,0,82.3
Tulsi,clay,large,young,51.5,32.2,75.6,379.2,6.7,62.5,3,0,96.2
Money Plant,clay,large,young,57.1,35.6,85.1,431.6,6.6,57.7,4,0,93.4
Fern,sandy,medium,young,51.8,15.4,61.80125285629552,554.6,4.4,64.2,4,1,73.6
Jade Plant,loamy,medium,young,6.5,24.5,33.2,1195.9,7.9,34.0,1,1,98.1
Areca Palm,clay,medium,mature,53.1,32.1,54.3,436.8,5.7,12.0,4,0,100.0
Aloe Vera,clay,large,young,4.9,21.2,94.2,303.1,6.8,36.5,1,1,89.6
Spider Plant,loamy,medium,mature,27.6,24.6,84.0,1172.3,8.6,51.7,1,0,99.1
Aloe Vera,loamy,small,young,19.9,33.0,58.3,1129.9,9.4,64.1,1,0,99.4
Peace Lily,clay,small,mature,75.7,19.7,73.16869812308802,217.9,4.0,63.3,3,0,100.0
Areca Palm,sandy,large,seedling,42.7,16.3,55.6,466.2,4.4,30.2,3,0,76.9
Money Plant,clay,large,mature,41.5,36.1,45.1,532.9,6.1,3.7,2,1,86.4
Jade Plant,loamy,small,young,13.4,21.4,26.6,616.5,8.8,61.1,1,0,100.0
Jade Plant,clay,large,seedling,22.6,30.6,25.2,714.4,8.6,31.5,1,0,93.8
Peace Lily,sandy,large,young,50.6,17.1,89.21255060806575,176.5,2.1,67.7,5,1,72.5
Fern,clay,medium,mature,53.7,26.0,93.66463002005969,529.4,4.5,37.5,3,1,95.1
Tulsi,clay,medium,young,33.1,35.8,62.1,423.1,6.9,71.5,2,1,79.7
Peace Lily,clay,small,young,60.2,27.8,93.0,179.4,3.8,48.9,5,0,95.4
Jade Plant,sandy,small,seedling,13.1,20.7,30.3,655.8,9.6,69.8,1,0,100.0
Fern,clay,medium,seedling,71.1,36.9,88.38884950815988,533.0,4.3,11.5,5,0,83.9
Areca Palm,sandy,large,seedling,43.9,20.8,36.0,352.1,6.4,58.9,3,0,99.7
Jade Plant,clay,medium,young,10.8,17.6,25.6,467.0,6.7,0.5,1,0,85.0
Peace Lily,sandy,large,seedling,55.4,19.1,65.25220474500124,236.2,2.1,52.6,3,0,100.0
Money Plant,sandy,large,young,45.3,23.3,50.7,449.5,4.8,9.9,3,0,100.0
Snake Plant,sandy,medium,young,25.6,24.5,86.2,813.3,7.9,29.2,1,0,100.0
Areca Palm,clay,medium,seedling,63.1,34.0,41.1,572.6,5.4,24.6,2,0,92.3
Aloe Vera,sandy,small,mature,18.4,37.3,60.5,1013.3,9.6,15.6,1,1,90.3
Money Plant,clay,small,seedling,73.9,34.9,48.5,420.4,4.7,5.4,2,0,92.4
Fern,clay,large,mature,44.2,17.3,69.4,186.5,2.4,43.9,4,1,93.5
Areca Palm,loamy,small,seedling,55.5,29.2,49.5,468.7,4.4,39.6,2,0,92.2
Tulsi,sandy,small,mature,63.8,18.4,64.6,555.3,5.7,54.3,3,0,100.0
Fern,sandy,large,seedling,66.6,22.9,92.5,323.2,5.2,60.6,4,0,100.0
Areca Palm,sandy,medium,mature,62.7,18.8,26.4,437.8,6.5,50.1,3,0,96.1
Monstera,sandy,medium,mature,63.3,33.6,82.9,115.9,3.4,66.6,3,0,97.4
Snake Plant,sandy,medium,mature,41.7,28.2,93.4,741.4,7.6,66.5,2,0,99.3
Areca Palm,clay,small,young,41.7,21.8,69.5,486.8,6.6,33.3,3,0,100.0
Jade Plant,clay,medium,young,26.5,17.5,88.3,733.7,9.4,37.3,1,0,76.8
Money Plant,sandy,large,mature,45.3,16.1,81.4,492.2,5.9,9.0,4,0,89.7
Spider Plant,sandy,large,seedling,14.4,31.6,64.7,406.3,6.1,16.4,1,1,89.2
Monstera,sandy,medium,young,77.1,31.0,92.8,576.9,4.4,15.9,3,0,100.0
Aloe Vera,sandy,large,seedling,27.0,31.5,43.8,1147.4,9.9,48.9,1,0,86.5
Aloe Vera,sandy,large,seedling,8.3,32.3,37.9,639.5,7.2,35.4,1,1,93.7
Spider Plant,loamy,small,seedling,17.8,29.6,61.5,399.0,5.1,38.0,1,1,92.4
Areca Palm,clay,small,seedling,66.6,28.2,69.6,484.9,6.3,49.3,4,0,100.0
Areca Palm,clay,small,young,64.7,20.7,66.7,573.8,5.3,53.4,2,0,99.6
Aloe Vera,clay,medium,seedling,21.1,16.0,39.2,311.4,6.1,69.9,1,0,75.6
Monstera,clay,medium,seedling,56.3,34.9,77.61333482050276,247.5,3.0,23.4,4,0,87.6
Money Plant,loamy,medium,seedling,59.5,29.7,33.7,511.6,4.4,4.4,4,0,89.3
Peace Lily,clay,large,seedling,53.9,29.3,74.00859300465787,163.9,2.1,15.3,5,1,92.8
Jade Plant,sandy,large,young,22.2,19.0,57.8,718.9,7.3,59.6,1,0,100.0
Snake Plant,sandy,small,seedling,25.9,36.5,41.3,595.7,4.3,30.5,1,1,76.0
Tulsi,sandy,medium,young,57.0,36.5,26.5,545.7,4.6,11.3,3,0,87.4
Peace Lily,sandy,medium,seedling,75.9,24.2,63.35431544974353,241.7,2.1,26.3,4,0,98.6
Fern,clay,small,mature,83.1,37.0,69.56839926776283,229.5,2.6,49.5,3,0,88.0
Peace Lily,clay,medium,seedling,58.1,16.8,89.95478248645401,146.5,2.5,57.7,4,0,75.4
Areca Palm,loamy,small,mature,70.9,17.1,42.5,404.8,6.7,53.5,3,0,92.3
Monstera,loamy,medium,seedling,46.0,29.2,86.2,407.4,5.0,68.4,5,1,78.9
Spider Plant,clay,small,seedling,18.2,37.1,69.2,305.2,6.0,56.4,2,1,61.2
Spider Plant,sandy,small,mature,23.9,30.4,62.6,339.4,5.2,62.9,2,0,95.0
Spider Plant,sandy,medium,seedling,35.8,21.7,28.8,407.5,6.5,47.0,2,0,100.0
Areca Palm,sandy,medium,seedling,51.7,30.8,73.5,529.6,4.1,2.7,4,0,85.4
Monstera,clay,large,seedling,68.1,34.5,89.08703049995414,467.2,4.1,38.7,4,0,87.1
Monstera,clay,large,seedling,65.3,23.9,93.84098870895033,207.1,3.9,25.4,4,0,100.0
Peace Lily,clay,large,seedling,70.1,37.8,71.69249839905004,211.4,3.6,54.6,4,0,78.8
Tulsi,loamy,small,seedling,54.0,26.0,35.9,595.1,6.2,8.1,2,0,100.0
Monstera,clay,small,mature,59.8,19.4,76.31385060438348,244.9,2.9,56.2,3,0,100.0
Aloe Vera,sandy,medium,mature,25.8,25.2,86.9,1193.2,8.3,26.7,1,0,86.4
Peace Lily,clay,large,mature,47.5,19.7,76.82820904419006,583.1,4.3,27.3,4,1,100.0
Spider Plant,clay,medium,seedling,33.7,35.0,48.6,391.3,4.4,31.0,1,1,88.5
Jade Plant,clay,medium,seedling,26.1,37.9,42.4,1149.7,8.0,47.2,1,1,77.1
Tulsi,sandy,large,seedling,72.4,18.1,62.0,537.3,5.0,17.3,3,0,89.7
Areca Palm,clay,small,seedling,54.4,30.6,32.0,477.6,5.4,11.6,4,0,89.2
Peace Lily,clay,large,young,47.7,30.5,83.26752239477035,175.0,2.6,58.9,4,1,83.4
Money Plant,loamy,small,young,52.8,21.8,94.5,499.7,6.2,42.2,4,0,100.0
Aloe Vera,loamy,medium,young,18.9,29.5,41.6,413.3,6.5,28.2,1,0,95.1
Monstera,sandy,large,seedling,43.5,32.8,70.18673943593396,223.0,3.3,44.5,3,1,87.3
Money Plant,clay,large,mature,57.0,21.4,55.6,597.1,5.2,29.8,4,0,98.9
Fern,loamy,medium,mature,68.0,19.5,65.48667877975497,190.5,3.3,23.6,4,0,99.0
Money Plant,sandy,small,seedling,70.2,15.9,40.7,523.1,5.1,32.5,2,0,83.5
Snake Plant,sandy,medium,seedling,41.1,30.2,61.3,455.0,4.5,45.3,2,0,92.7
Fern,sandy,medium,seedling,70.5,24.5,89.74302527523972,125.4,2.9,38.0,3,0,97.9
Monstera,clay,large,mature,76.4,15.8,64.0,178.2,2.6,23.3,4,0,90.5
Monstera,clay,medium,seedling,83.2,15.3,79.436248877802,208.8,3.0,28.3,5,0,82.2
Aloe Vera,clay,small,young,11.5,16.8,50.7,550.7,6.3,7.9,1,0,90.3
Tulsi,clay,large,young,70.8,29.5,81.9,374.6,5.8,41.3,2,0,95.1
Snake Plant,sandy,medium,young,45.6,36.4,80.2,1088.7,8.2,57.9,1,0,91.2
Peace Lily,clay,large,mature,73.9,28.8,87.2,363.4,4.7,4.6,4,0,95.5
Monstera,sandy,medium,seedling,47.3,19.6,82.17208313662488,289.8,3.2,24.6,5,1,95.9
Aloe Vera,sandy,medium,mature,22.3,17.7,86.2,870.3,7.2,36.2,1,0,74.1
Jade Plant,loamy,medium,seedling,16.9,33.6,88.2,1090.5,7.2,33.0,1,1,72.1
Money Plant,sandy,small,young,66.5,33.6,49.8,337.5,4.9,55.0,3,0,99.6
Areca Palm,loamy,medium,seedling,41.8,25.5,43.7,485.5,4.8,41.8,3,0,100.0
Fern,clay,small,mature,49.0,36.7,73.76145449409476,484.5,5.9,6.4,3,1,93.2
Spider Plant,clay,small,seedling,19.9,34.2,26.2,582.1,5.8,50.6,2,1,75.6
Peace Lily,clay,medium,seedling,46.5,17.0,83.6,388.6,4.6,56.6,5,1,61.7
Aloe Vera,clay,small,young,12.2,36.4,26.5,912.6,7.2,33.4,1,1,88.0
Fern,clay,large,mature,55.4,28.4,78.08675723095814,279.6,3.9,17.7,4,0,100.0
Money Plant,sandy,medium,young,49.6,15.1,30.0,394.0,6.0,65.3,2,0,91.0
Aloe Vera,sandy,medium,mature,4.9,17.4,90.2,511.0,6.4,30.5,1,1,70.5
Money Plant,clay,large,seedling,45.9,18.9,31.5,543.0,6.8,24.1,2,0,90.9
Areca Palm,clay,small,seedling,44.7,20.4,71.3,595.5,6.2,66.6,4,0,98.7
Tulsi,sandy,large,seedling,67.7,26.0,72.6,373.1,4.7,0.1,4,0,100.0
Money Plant,clay,large,mature,49.7,33.3,65.9,364.3,6.9,27.8,3,0,96.1
Jade Plant,clay,large,young,10.8,20.4,94.6,782.1,8.3,30.8,1,0,89.1
Monstera,loamy,medium,mature,51.5,31.6,90.0,553.7,5.3,27.1,5,1,98.3
Aloe Vera,loamy,small,young,14.3,30.2,52.2,510.4,6.4,71.4,1,0,100.0
Monstera,loamy,small,seedling,66.9,35.6,92.80289557701525,173.1,3.7,40.3,4,0,76.0
Aloe Vera,clay,medium,mature,7.1,17.9,86.7,307.3,6.5,50.2,1,1,60.9
Jade Plant,sandy,medium,young,29.5,24.0,53.0,957.6,8.1,1.1,1,0,100.0
Peace Lily,clay,medium,seedling,73.5,34.5,83.14941979669936,268.0,3.9,7.1,4,0,90.4
Spider Plant,clay,large,mature,19.7,37.2,50.3,486.3,5.6,12.5,1,1,94.8
Money Plant,sandy,large,seedling,37.6,33.0,80.7,545.4,4.2,30.5,4,1,89.2
Jade Plant,clay,small,mature,27.8,20.9,42.7,908.6,8.5,10.0,1,0,95.9
Aloe Vera,sandy,small,mature,20.3,32.0,60.8,556.1,6.8,48.0,1,0,98.8
Jade Plant,loamy,small,mature,25.7,30.8,87.3,842.9,8.2,9.2,1,0,86.7
Aloe Vera,sandy,small,young,13.7,30.3,62.0,1187.4,9.6,68.3,1,0,97.5
Spider Plant,clay,medium,mature,19.8,24.6,67.4,918.2,7.9,9.8,1,1,96.4
Spider Plant,sandy,small,mature,22.4,31.7,52.8,491.4,5.9,45.2,2,0,100.0
Money Plant,sandy,small,young,58.1,21.0,33.1,452.0,4.7,22.8,4,0,100.0
Jade Plant,sandy,medium,young,11.9,25.0,26.0,473.2,6.9,4.9,1,0,100.0
Aloe Vera,loamy,small,young,6.0,18.2,88.0,1083.0,9.5,58.0,1,1,74.1
Tulsi,clay,large,seedling,67.2,25.6,43.2,558.0,5.0,67.4,4,0,98.1
Jade Plant,clay,medium,young,26.4,21.9,61.4,576.5,7.0,45.3,1,0,100.0
Fern,clay,large,seedling,46.8,35.1,86.9,104.9,3.7,50.9,3,1,60.2
Fern,clay,medium,seedling,56.9,34.3,83.09741245478938,531.3,4.8,65.5,5,0,92.0
Tulsi,clay,large,young,70.7,36.4,28.6,345.6,4.3,51.4,4,0,87.7
Spider Plant,sandy,medium,seedling,43.2,17.7,37.5,306.7,6.0,10.5,2,0,78.2
Monstera,sandy,large,seedling,68.2,19.0,79.87208678050769,253.9,4.0,51.9,5,0,100.0
Jade Plant,sandy,large,young,11.7,37.5,84.7,938.6,7.4,46.3,1,1,71.5
Areca Palm,clay,large,seedling,43.3,16.7,58.6,436.8,6.9,15.7,3,0,80.3
Tulsi,clay,medium,mature,37.3,25.6,55.2,387.5,6.8,61.2,3,1,82.1
Money Plant,sandy,large,seedling,35.6,23.3,91.9,473.4,6.1,12.0,4,1,97.5
Fern,sandy,large,young,77.3,20.1,88.6,243.2,3.9,37.8,3,0,95.8
Areca Palm,sandy,large,young,46.0,37.6,78.4,300.8,4.4,9.6,3,0,85.6
Areca Palm,sandy,large,young,66.1,18.2,57.9,514.9,5.3,35.3,2,0,100.0
Aloe Vera,loamy,medium,young,24.4,16.5,68.7,654.8,7.4,51.1,1,0,85.2
Peace Lily,sandy,small,mature,65.2,17.6,84.85018521183304,275.4,2.5,15.0,4,0,85.5
Aloe Vera,clay,small,young,6.1,18.1,41.8,917.4,9.0,0.2,1,1,100.0
Monstera,loamy,small,mature,57.6,21.3,94.7,530.3,5.9,10.2,3,0,100.0
Money Plant,loamy,small,young,49.8,31.3,40.5,550.8,5.8,33.9,3,0,100.0
Money Plant,sandy,small,seedling,43.4,20.8,44.5,430.8,5.2,19.0,2,0,99.6
Money Plant,loamy,large,young,55.7,21.7,76.4,496.8,5.0,35.3,2,0,98.0
Jade Plant,clay,large,seedling,12.5,26.9,66.0,301.8,6.5,58.9,1,0,100.0
Spider Plant,loamy,large,mature,45.0,24.6,76.2,348.7,5.6,23.9,1,0,96.6
Aloe Vera,loamy,small,seedling,32.2,30.2,93.6,1102.5,7.3,13.9,1,0,74.6
Areca Palm,loamy,medium,seedling,33.7,23.0,44.0,391.8,6.6,71.6,4,1,81.7
Peace Lily,loamy,large,seedling,48.3,28.7,92.01224056285935,545.1,5.1,23.0,3,1,100.0
Tulsi,clay,medium,mature,49.9,27.5,62.7,433.5,4.2,38.3,2,0,95.2
Aloe Vera,sandy,medium,young,26.4,33.5,62.4,527.8,6.0,33.9,1,1,100.0
Spider Plant,sandy,medium,seedling,20.2,19.1,94.4,1060.9,8.8,47.6,2,0,98.6
Tulsi,sandy,medium,mature,48.1,33.2,64.4,482.2,5.5,61.4,3,0,96.1
Aloe Vera,clay,large,mature,27.0,20.1,74.6,1182.9,7.9,31.8,1,0,82.5
Snake Plant,sandy,medium,seedling,44.9,27.6,93.5,623.4,8.6,54.5,2,0,100.0
Tulsi,sandy,small,seedling,57.5,19.6,74.7,574.6,4.2,14.1,3,0,99.6
Snake Plant,sandy,large,mature,36.3,29.6,87.2,596.5,4.0,35.7,1,0,98.9
Snake Plant,loamy,small,mature,36.6,20.7,83.6,558.1,6.9,42.8,2,0,99.7
Peace Lily,loamy,medium,seedling,51.4,36.0,84.9,564.6,5.0,48.7,5,1,68.8
Tulsi,loamy,medium,mature,67.5,29.8,91.0,495.6,5.2,39.3,4,0,100.0
Aloe Vera,loamy,medium,young,30.6,31.0,28.6,987.0,8.3,33.9,1,0,100.0
Monstera,loamy,large,mature,69.3,34.5,91.0,236.8,3.3,46.3,4,0,97.5
Monstera,clay,small,seedling,77.2,25.4,74.91151299134135,254.2,3.5,24.7,5,0,100.0
Monstera,clay,medium,mature,81.4,17.5,69.06904446879028,230.5,3.4,37.1,5,0,94.2
Fern,clay,large,mature,46.3,31.3,84.64149689226271,428.8,4.3,36.5,5,1,98.1
Fern,sandy,large,young,76.0,22.6,73.24458391735924,598.8,4.1,15.7,3,0,98.1
Money Plant,clay,large,seedling,61.1,16.3,56.0,439.7,6.5,27.9,4,0,83.8
Aloe Vera,clay,large,seedling,20.0,29.8,25.2,475.2,6.9,10.7,1,0,87.0
Fern,clay,medium,seedling,66.6,20.4,71.90236456354226,399.9,5.8,55.1,5,0,100.0
Aloe Vera,sandy,small,mature,5.2,33.4,47.1,508.3,7.0,51.2,1,1,88.1
Monstera,loamy,medium,seedling,51.0,21.0,73.3,115.0,3.9,30.5,3,1,100.0
Money Plant,loamy,small,mature,62.6,23.2,50.8,344.6,6.7,2.9,2,0,96.1
Monstera,sandy,small,young,81.6,37.4,79.72602810407665,539.8,5.2,8.0,4,0,86.6
Fern,loamy,small,mature,49.5,28.7,92.0,552.8,5.1,23.4,5,1,99.4
Spider Plant,sandy,small,seedling,34.3,35.0,88.4,979.4,7.3,26.3,1,1,88.0
Spider Plant,loamy,large,young,23.6,20.7,25.3,581.9,5.6,41.8,2,0,95.5
Spider Plant,sandy,large,young,31.7,24.9,60.0,729.8,8.6,46.5,2,0,99.9
Aloe Vera,loamy,large,mature,15.2,16.4,72.5,353.4,6.1,53.4,1,0,72.4
Jade Plant,clay,large,mature,33.4,37.6,83.5,1157.5,7.7,1.3,1,1,79.5
Tulsi,sandy,small,mature,61.8,25.2,91.4,532.0,4.3,2.7,3,0,100.0
Areca Palm,sandy,large,seedling,40.8,37.0,72.5,554.5,4.6,18.2,2,1,81.1
Areca Palm,clay,large,young,49.1,35.6,88.9,494.7,4.2,49.4,4,0,92.5
Aloe Vera,loamy,large,mature,21.0,34.7,30.1,826.8,8.3,46.7,1,1,96.5
Money Plant,clay,small,seedling,71.5,26.0,36.2,569.3,6.6,9.1,2,0,96.5
Aloe Vera,loamy,medium,young,27.2,32.2,37.7,972.3,7.3,23.3,1,0,100.0
Fern,clay,small,mature,50.8,36.5,84.25393401166933,508.1,4.1,53.5,3,1,79.6
Tulsi,clay,large,mature,51.4,16.2,45.4,473.9,5.1,9.9,3,0,93.8
Areca Palm,clay,small,mature,34.6,24.6,73.5,585.2,6.7,31.7,3,1,100.0
Monstera,clay,small,young,63.6,25.6,76.42457472025328,460.9,4.2,1.0,4,0,95.0
Jade Plant,clay,medium,young,29.1,26.0,57.1,651.8,10.0,65.2,1,0,100.0
Jade Plant,clay,small,mature,4.3,22.0,52.9,907.6,8.4,71.2,1,1,88.9
Snake Plant,loamy,large,young,13.6,20.9,55.6,644.7,8.3,37.1,1,1,99.2
Peace Lily,clay,large,mature,76.3,24.1,84.14907961619309,420.4,5.9,22.0,3,0,99.7
Jade Plant,clay,large,seedling,9.4,18.3,65.8,352.3,6.5,54.8,1,1,72.6
Fern,loamy,medium,seedling,52.3,37.6,87.71311395339818,220.8,2.3,70.4,4,1,65.6
Monstera,loamy,small,mature,47.6,25.1,90.2,505.5,5.1,35.0,3,1,100.0
Peace Lily,sandy,small,young,80.2,25.7,88.94535783665714,145.2,2.2,30.6,4,0,100.0
Peace Lily,loamy,medium,mature,70.7,23.7,74.42993538762116,398.3,4.7,4.9,4,0,95.3
Jade Plant,sandy,small,mature,18.7,25.8,82.1,616.8,8.9,12.7,1,0,83.7
Tulsi,clay,large,young,65.2,28.0,36.4,504.8,4.7,12.6,4,0,95.8
Tulsi,loamy,medium,young,51.5,35.8,80.3,507.8,5.4,47.8,4,0,94.4
Aloe Vera,loamy,medium,young,17.9,28.7,77.4,1098.8,7.2,12.0,1,0,81.5
Jade Plant,loamy,medium,mature,4.9,29.9,28.9,809.5,7.1,51.8,1,1,84.4
Money Plant,loamy,medium,seedling,41.7,35.7,94.7,560.5,6.3,56.8,4,1,68.0
Spider Plant,loamy,large,mature,18.1,29.0,51.6,602.9,7.8,38.2,2,1,98.4
Snake Plant,clay,medium,mature,35.2,30.1,81.0,323.7,6.6,19.6,2,0,100.0
Fern,sandy,small,young,70.7,26.6,72.44196650048572,166.1,3.0,40.7,5,0,100.0
Spider Plant,sandy,small,young,15.0,23.6,42.0,665.6,7.7,64.9,2,1,80.9
Money Plant,loamy,large,young,72.0,33.4,85.3,427.3,5.2,36.8,3,0,100.0
Peace Lily,loamy,small,seedling,66.1,16.8,77.50280345462483,263.7,2.8,32.7,3,0,81.9
Monstera,loamy,large,seedling,48.5,35.2,90.044912358006,169.2,3.1,69.7,5,1,65.0
Tulsi,sandy,medium,young,62.9,21.8,82.8,578.2,6.6,66.3,4,0,100.0
Snake Plant,loamy,large,seedling,45.1,37.3,84.8,753.2,8.9,52.5,2,0,77.8
Monstera,clay,small,young,62.0,19.0,76.86226394204078,375.6,4.2,34.2,3,0,100.0
Tulsi,sandy,medium,young,47.7,16.8,37.8,403.2,6.4,10.4,2,0,93.3
Tulsi,clay,medium,young,60.0,29.3,60.2,462.5,5.8,33.2,3,0,99.7
Monstera,clay,medium,mature,54.8,20.9,68.24600536165552,283.6,2.0,66.7,3,1,81.4
Jade Plant,loamy,small,young,22.7,37.9,89.2,861.0,9.9,50.1,1,1,58.3
Snake Plant,loamy,large,seedling,33.2,20.8,87.7,552.1,4.6,60.6,1,0,100.0
Monstera,clay,large,seedling,58.0,24.7,92.23926682806045,172.0,2.3,39.9,3,0,99.0
Tulsi,loamy,small,seedling,36.0,37.2,81.8,375.7,5.0,2.2,3,1,78.2
Aloe Vera,sandy,medium,seedling,22.9,18.0,34.1,748.8,7.2,15.3,1,0,89.4
Tulsi,loamy,large,young,59.9,16.6,54.0,561.7,4.9,25.4,3,0,86.9
Snake Plant,sandy,small,mature,10.7,16.8,63.1,446.5,6.8,54.6,1,1,70.5
Spider Plant,clay,small,young,39.0,31.0,45.9,413.0,6.6,25.5,2,0,98.3
Monstera,sandy,large,seedling,69.4,18.8,84.8,134.3,2.3,47.7,3,0,92.0
Spider Plant,clay,large,seedling,52.0,36.0,47.1,576.7,6.0,43.6,2,0,82.6
Tulsi,loamy,large,seedling,74.5,37.9,83.8,398.5,6.7,3.2,3,0,75.8
Aloe Vera,loamy,small,mature,18.1,27.4,85.7,1052.8,9.2,12.1,1,0,87.5
Money Plant,sandy,medium,young,37.1,27.0,93.6,524.7,6.8,39.3,3,1,96.4
Fern,loamy,large,young,62.1,19.3,94.35450740916363,344.9,4.9,36.4,4,0,100.0
Areca Palm,loamy,small,young,61.2,25.1,30.6,461.1,4.5,59.3,3,0,97.7
Peace Lily,loamy,large,young,59.6,26.0,93.3913935926787,260.8,2.5,60.4,3,0,100.0
Money Plant,sandy,medium,young,59.0,19.9,62.2,582.5,4.7,55.9,3,0,97.2
Tulsi,sandy,large,young,70.8,33.8,81.7,349.0,4.9,18.3,2,0,100.0
Tulsi,clay,medium,young,57.4,21.7,53.7,594.3,6.1,57.3,4,0,100.0
Areca Palm,loamy,small,young,70.4,17.4,54.1,320.7,6.6,56.8,4,0,89.2
Monstera,clay,large,young,76.0,20.4,73.30397726077791,292.8,2.0,20.1,4,0,100.0
Monstera,loamy,large,young,51.7,26.5,81.82598870012853,238.0,2.3,20.4,3,1,100.0
Peace Lily,loamy,medium,mature,76.9,25.1,68.37031728557241,582.0,4.5,42.0,3,0,100.0
Monstera,sandy,medium,young,66.6,15.7,71.30608325616653,125.8,2.2,51.7,5,0,87.3
Aloe Vera,loamy,large,seedling,32.3,31.0,41.9,1120.3,8.0,27.1,1,0,90.4
Aloe Vera,clay,medium,mature,30.5,29.4,47.4,645.4,9.1,38.9,1,0,95.2
Snake Plant,clay,small,seedling,21.2,25.5,83.6,338.8,6.3,47.2,2,0,99.9
Fern,clay,small,young,59.9,36.3,72.8831810220614,474.4,4.8,64.7,5,0,88.5
Areca Palm,clay,large,young,48.5,29.1,51.0,494.6,5.0,49.6,3,0,98.9
Jade Plant,loamy,large,seedling,13.4,25.2,46.0,1103.9,9.6,64.6,1,0,100.0
Jade Plant,clay,small,mature,24.7,22.2,76.7,1085.4,7.5,4.4,1,0,84.5
Fern,loamy,large,seedling,70.7,32.8,90.57831743619246,512.9,4.4,6.7,3,0,93.3
Peace Lily,clay,medium,mature,76.3,21.8,87.63221955477563,442.1,4.7,27.8,3,0,100.0
Monstera,clay,small,seedling,50.0,26.8,79.2,505.0,4.9,17.4,3,1,100.0
Snake Plant,sandy,large,young,42.6,35.2,45.0,599.6,6.9,31.4,1,1,87.9
Money Plant,loamy,medium,seedling,67.3,19.0,75.2,549.1,5.1,11.9,2,0,99.8
Peace Lily,loamy,large,seedling,75.8,31.3,91.95843554177003,260.1,2.4,47.2,5,0,94.0
Peace Lily,clay,medium,seedling,46.4,17.0,88.0,292.6,3.2,70.4,3,1,62.6
Fern,loamy,medium,young,73.7,16.6,75.13418699962392,192.3,2.7,39.4,5,0,85.9
Areca Palm,sandy,medium,seedling,32.2,17.7,33.2,564.9,5.9,51.0,2,1,65.0
Aloe Vera,sandy,small,young,5.7,28.6,46.4,1170.5,8.5,3.7,1,1,100.0
Fern,loamy,small,mature,74.9,23.7,66.58895674419107,332.3,5.3,41.5,3,0,100.0
Fern,sandy,small,mature,82.6,20.0,88.58242433046297,188.5,2.8,10.9,5,0,100.0
Spider Plant,clay,small,young,40.6,37.4,74.8,651.0,8.6,61.8,1,1,72.2
Fern,loamy,small,mature,74.5,17.6,61.25176490274877,309.1,5.3,17.2,4,0,87.1
Tulsi,sandy,small,young,43.9,36.9,43.4,323.0,6.9,64.4,2,1,74.7
Spider Plant,clay,small,mature,42.7,26.4,49.3,991.8,7.5,10.9,2,0,95.8
Spider Plant,loamy,small,seedling,38.6,24.1,83.5,591.7,4.5,48.4,1,0,100.0
Money Plant,clay,large,young,72.8,37.5,93.0,557.9,5.8,14.8,4,0,89.2
Areca Palm,sandy,small,young,66.0,28.7,44.7,481.4,5.2,62.0,3,0,96.4
Aloe Vera,sandy,large,young,23.9,16.4,59.5,1091.3,7.3,56.3,1,0,90.8
Snake Plant,clay,large,seedling,21.0,27.9,38.9,309.2,5.1,54.2,2,0,98.4
Fern,clay,medium,young,65.3,35.3,81.80679288234192,373.0,4.6,24.1,3,0,92.3
Jade Plant,clay,small,seedling,31.4,27.1,87.3,684.8,9.4,26.9,1,0,89.5
Monstera,clay,medium,seedling,79.6,19.9,87.3603050100611,575.8,5.9,37.4,4,0,96.7
Aloe Vera,clay,medium,mature,24.5,27.9,39.4,563.4,6.8,60.6,1,0,96.9
Aloe Vera,loamy,small,seedling,10.8,20.9,41.5,786.7,7.5,30.3,1,0,100.0
Fern,clay,large,young,60.5,36.7,86.83533760228588,180.1,2.5,7.6,4,0,88.3
Tulsi,loamy,medium,young,46.6,24.2,33.5,331.0,4.0,53.9,3,0,97.7
Snake Plant,clay,medium,seedling,42.3,27.5,74.5,643.6,8.5,38.8,2,0,96.2
Monstera,clay,small,seedling,64.8,35.2,73.98840212224462,534.8,5.0,24.6,3,0,82.1
Monstera,clay,medium,young,82.1,19.0,77.72950128731941,269.9,3.0,56.1,4,0,100.0
Aloe Vera,clay,medium,seedling,9.6,37.7,81.5,1006.0,9.5,45.5,1,1,63.1
Peace Lily,loamy,medium,mature,43.0,24.4,89.79293877644953,291.1,2.4,46.3,3,1,96.4
Areca Palm,sandy,small,mature,65.7,23.7,66.1,329.7,4.4,61.7,4,0,100.0
Areca Palm,loamy,small,young,46.8,33.4,41.2,397.5,6.8,48.9,2,0,99.5
Jade Plant,sandy,medium,seedling,7.4,33.0,67.3,1144.1,8.7,2.4,1,1,86.1
Aloe Vera,clay,large,young,32.3,34.7,77.8,544.9,7.0,45.2,1,1,85.6
Aloe Vera,loamy,medium,young,7.6,15.8,73.4,942.2,7.9,51.3,1,1,60.8
Snake Plant,clay,small,mature,39.2,37.0,42.9,398.8,6.1,9.9,2,1,85.8
Areca Palm,loamy,large,young,47.5,34.4,34.1,303.6,4.0,29.9,4,0,100.0
Snake Plant,loamy,medium,seedling,40.8,21.2,57.3,791.4,7.5,13.3,2,0,98.1
Snake Plant,clay,large,seedling,30.7,27.7,82.6,1012.1,7.6,49.2,2,0,95.5
Snake Plant,clay,small,young,19.0,27.8,91.2,802.7,7.2,29.2,2,1,95.7
Aloe Vera,sandy,medium,mature,22.2,21.9,44.7,704.2,9.4,50.8,1,0,100.0
Aloe Vera,clay,large,young,31.2,32.8,80.1,721.2,9.6,15.4,1,0,81.7
Fern,clay,large,young,67.2,34.8,71.1,283.7,2.8,29.8,5,0,98.3
Monstera,loamy,medium,mature,55.7,25.9,83.0,595.4,4.9,60.2,5,0,100.0
Areca Palm,sandy,large,mature,71.8,33.2,44.4,473.1,5.5,8.4,2,0,99.2
Snake Plant,clay,medium,young,17.7,20.9,74.9,1113.8,9.0,17.4,1,1,100.0
Areca Palm,clay,medium,seedling,70.3,31.8,46.1,544.0,6.9,48.3,2,0,94.2
Peace Lily,loamy,small,seedling,62.3,26.4,79.58487505923338,518.4,5.4,33.0,4,0,95.6
Fern,loamy,small,mature,56.0,18.4,65.48884446195599,518.1,5.0,40.0,3,0,95.3
Tulsi,sandy,medium,young,58.8,28.2,66.0,518.4,5.2,10.7,4,0,99.3
Aloe Vera,loamy,small,mature,4.0,29.9,50.3,1054.8,7.2,48.1,1,1,81.3
Snake Plant,loamy,small,seedling,31.8,19.3,94.5,543.2,6.2,35.1,1,0,100.0
Fern,loamy,large,mature,73.3,24.6,75.0,260.1,2.1,57.2,5,0,100.0
Jade Plant,loamy,small,young,23.9,26.6,66.6,895.0,8.8,21.9,1,0,99.4
Spider Plant,loamy,small,mature,32.5,24.4,29.1,761.4,7.4,24.5,2,0,98.2
Tulsi,clay,medium,young,63.8,23.3,44.3,330.9,4.5,71.9,4,0,97.7
Areca Palm,loamy,medium,seedling,42.5,34.8,81.5,526.4,6.3,4.4,3,1,89.4
Tulsi,clay,large,seedling,64.4,16.3,33.8,376.7,6.9,12.4,4,0,84.3
Areca Palm,sandy,small,seedling,31.3,29.1,75.1,546.0,6.3,55.8,3,1,70.4
Spider Plant,sandy,medium,seedling,38.9,25.0,49.0,523.4,6.3,26.5,2,0,96.3
Fern,sandy,medium,mature,42.5,28.2,93.8,419.8,5.5,66.5,4,1,84.1
Aloe Vera,sandy,small,young,8.2,25.0,40.2,583.1,6.6,50.2,1,1,81.6
Fern,sandy,medium,seedling,76.4,35.6,83.59592926640053,250.2,2.7,15.0,4,0,75.4
Aloe Vera,loamy,medium,mature,2.8,31.1,87.0,787.3,8.8,47.2,1,1,82.5
Money Plant,sandy,large,young,42.0,15.3,38.8,489.7,6.0,38.7,2,0,93.1
Aloe Vera,loamy,medium,young,5.5,24.2,78.6,892.1,7.4,39.4,1,1,89.2
Monstera,clay,small,young,72.2,17.3,73.00895818580639,503.3,5.7,34.4,5,0,89.2
Spider Plant,loamy,small,mature,45.8,29.4,45.7,518.4,5.5,49.8,2,0,96.0
Areca Palm,loamy,large,mature,59.7,33.2,57.4,397.0,4.9,51.4,3,0,100.0
Areca Palm,sandy,large,mature,55.4,24.9,62.1,339.8,6.2,71.4,3,0,97.1
Jade Plant,sandy,small,mature,13.5,25.5,88.7,1003.3,9.7,62.1,1,0,86.8
Snake Plant,loamy,medium,seedling,32.6,20.5,31.6,1078.7,8.8,56.1,2,0,100.0
Money Plant,sandy,medium,seedling,67.3,24.1,55.4,491.4,5.6,55.3,4,0,99.0
Areca Palm,sandy,medium,young,45.6,24.6,31.6,459.6,5.7,17.8,4,0,100.0
Peace Lily,loamy,large,seedling,65.7,35.5,70.86468409845436,414.3,5.4,11.0,3,0,78.3
Jade Plant,clay,small,mature,24.6,25.2,39.4,957.9,7.7,18.5,1,0,98.4
Jade Plant,clay,small,seedling,26.6,27.8,49.4,817.4,7.1,56.1,1,0,100.0
Aloe Vera,sandy,medium,seedling,3.0,26.8,40.2,654.6,9.0,47.7,1,1,100.0
Areca Palm,sandy,medium,mature,71.4,23.6,72.8,497.0,6.2,33.2,3,0,100.0
Tulsi,sandy,large,seedling,42.8,21.6,60.3,319.6,5.8,48.1,2,0,95.1
Snake Plant,loamy,small,seedling,32.5,28.9,46.2,1036.4,7.6,53.8,2,0,97.1
Tulsi,clay,medium,young,64.7,36.3,56.3,359.3,5.9,33.8,4,0,88.6
Peace Lily,loamy,medium,seedling,44.0,26.1,83.4813355342471,448.7,4.4,66.1,5,1,82.9
Peace Lily,loamy,large,seedling,62.2,15.3,85.05203503755112,292.3,3.7,60.1,3,0,77.5
Areca Palm,sandy,large,seedling,67.2,27.4,78.8,567.6,6.3,51.2,4,0,96.3
Jade Plant,sandy,large,young,31.2,23.9,49.1,865.5,8.2,57.5,1,0,98.0
Areca Palm,clay,small,mature,54.2,27.2,77.8,544.6,4.8,25.5,3,0,100.0
Spider Plant,loamy,medium,mature,19.5,19.9,27.8,371.9,4.3,36.8,2,1,100.0
Jade Plant,loamy,medium,young,21.4,24.0,67.6,733.4,7.1,55.8,1,0,97.3
Monstera,loamy,medium,mature,50.7,22.6,94.8,264.5,3.6,36.3,3,1,95.6
Fern,loamy,small,seedling,69.6,22.6,74.95083007979551,476.2,5.6,4.2,4,0,99.8
Monstera,clay,medium,young,49.7,24.9,90.84692755987606,137.3,3.7,8.3,5,1,98.4
Aloe Vera,loamy,large,mature,13.5,24.3,46.9,1026.1,9.2,51.2,1,0,100.0
Jade Plant,loamy,small,seedling,12.8,33.1,46.2,728.9,8.4,26.8,1,1,93.5
Spider Plant,loamy,large,mature,21.5,24.2,32.0,300.1,5.6,62.1,2,0,96.7
Peace Lily,clay,small,mature,79.2,15.3,94.4,170.8,3.2,33.5,3,0,94.6
Snake Plant,clay,large,seedling,47.1,23.8,89.0,1062.4,7.0,8.3,2,0,100.0
Peace Lily,sandy,medium,young,75.2,17.8,67.79139261071381,423.5,5.7,31.5,5,0,90.0
Areca Palm,sandy,medium,seedling,58.5,27.3,69.9,361.2,5.8,11.7,2,0,100.0
Fern,loamy,medium,seedling,46.1,26.3,88.8,366.0,5.9,58.5,4,1,80.7
Aloe Vera,clay,large,young,21.4,18.8,34.4,1063.0,9.8,19.1,1,0,100.0
Aloe Vera,clay,large,seedling,14.7,36.5,58.0,831.2,8.2,51.6,1,1,62.5
Money Plant,clay,medium,seedling,71.3,16.6,89.3,536.7,6.7,53.3,2,0,82.2
Aloe Vera,sandy,medium,mature,6.3,37.9,50.9,1004.3,7.3,12.1,1,1,86.2
Spider Plant,sandy,large,seedling,38.3,27.5,87.9,1026.3,8.3,56.2,1,0,100.0
Jade Plant,loamy,small,seedling,20.0,16.4,47.7,1061.4,9.0,41.8,1,0,84.2
Money Plant,clay,small,seedling,60.2,17.6,44.9,497.4,5.3,36.4,4,0,81.1
Snake Plant,sandy,large,mature,44.0,23.9,32.5,815.6,8.8,24.8,1,0,95.9
Tulsi,sandy,small,young,61.5,15.1,33.6,567.0,6.8,55.3,2,0,87.5
Spider Plant,sandy,large,mature,47.6,16.7,67.8,532.3,4.2,60.5,2,0,87.7
Jade Plant,clay,medium,young,27.8,28.0,49.7,504.0,6.0,61.2,1,0,98.3
Fern,sandy,medium,seedling,55.7,30.9,80.7942354642791,223.6,2.9,39.3,4,0,93.3
Jade Plant,loamy,small,young,10.4,20.9,67.6,999.1,7.2,47.4,1,0,97.9
Peace Lily,clay,large,young,77.6,35.9,86.63835001698529,436.2,4.1,54.2,5,0,91.0
Jade Plant,clay,small,seedling,32.4,17.2,90.7,914.7,8.0,45.4,1,0,61.2
Monstera,loamy,large,young,79.5,35.5,93.81304567591197,416.2,5.8,43.8,3,0,89.5
Spider Plant,sandy,small,young,32.7,23.9,78.8,356.9,4.0,43.0,2,0,96.3
Spider Plant,loamy,large,mature,33.9,38.0,72.3,410.9,4.6,11.3,1,1,90.0
Areca Palm,loamy,medium,seedling,65.3,18.6,87.8,361.9,6.9,51.6,3,0,86.5
Tulsi,clay,small,seedling,62.5,22.8,48.9,396.3,4.0,60.3,2,0,100.0
Monstera,loamy,medium,seedling,80.0,25.4,71.88177195969979,225.2,2.6,65.4,3,0,100.0
Peace Lily,sandy,small,seedling,58.4,31.5,61.1,548.8,4.5,16.6,4,0,91.6
Aloe Vera,sandy,small,mature,19.4,31.5,33.7,1152.8,9.5,41.7,1,0,100.0
Aloe Vera,loamy,small,young,4.9,35.9,69.8,1084.5,9.4,38.8,1,1,92.9
Fern,sandy,medium,mature,69.3,35.9,85.1,477.5,5.3,39.2,5,0,91.9
Monstera,sandy,small,seedling,60.6,36.3,63.24553364958894,288.1,4.0,62.3,3,0,84.0
Fern,sandy,large,seedling,75.4,30.0,92.2,348.8,5.4,29.4,5,0,94.9
Fern,loamy,medium,seedling,62.4,30.6,87.1705661568463,560.1,5.5,30.0,4,0,92.7
Monstera,loamy,large,mature,84.3,18.3,77.4,249.6,3.2,9.2,5,0,98.2
Peace Lily,sandy,small,young,73.1,37.3,72.6,149.9,2.2,24.2,5,0,87.3
Fern,sandy,large,young,60.4,18.7,94.1,512.6,5.7,38.3,4,0,100.0
Areca Palm,clay,medium,mature,37.5,31.0,60.0,487.7,4.4,22.6,4,1,95.7
Aloe Vera,loamy,medium,mature,15.7,23.3,38.3,681.8,9.0,9.2,1,0,100.0
Money Plant,clay,medium,mature,66.4,35.7,30.8,490.7,4.7,8.8,3,0,93.1
Snake Plant,clay,medium,young,38.3,18.3,80.2,438.4,5.8,19.5,2,0,97.0
Snake Plant,loamy,large,young,48.3,17.2,33.6,372.9,5.1,19.9,1,0,90.8
Areca Palm,sandy,large,young,37.4,34.4,57.7,537.5,6.2,21.8,2,1,97.9
Jade Plant,loamy,medium,young,15.4,32.0,63.0,848.0,8.2,5.0,1,0,100.0
Fern,sandy,medium,mature,81.6,24.3,91.4,346.0,4.3,43.7,3,0,97.2
Spider Plant,sandy,large,seedling,48.9,26.3,45.2,348.1,5.1,13.4,1,0,100.0
Peace Lily,clay,large,seedling,55.1,36.4,84.00168135105132,519.6,5.9,63.2,3,0,83.8
Fern,sandy,medium,mature,71.8,25.7,68.95434118973627,144.2,3.8,27.7,4,0,100.0
Peace Lily,clay,small,seedling,83.2,30.5,65.67189838676344,555.7,6.0,8.7,3,0,94.7
Fern,sandy,small,mature,74.1,34.1,90.28240880775108,444.2,4.1,56.9,4,0,100.0
Tulsi,clay,medium,mature,42.1,33.2,66.9,516.6,6.7,25.9,2,1,100.0
Spider Plant,loamy,small,mature,29.5,32.5,88.0,381.9,4.2,25.4,2,0,97.3
Tulsi,sandy,medium,mature,45.6,36.0,39.4,563.5,4.8,40.5,4,0,86.1
Fern,loamy,medium,young,53.4,23.1,61.01812474840981,147.0,3.6,40.1,3,1,95.9
Money Plant,clay,large,mature,48.9,31.7,40.8,328.5,6.8,49.6,4,0,100.0
Jade Plant,clay,medium,mature,23.4,37.7,63.7,1159.2,7.5,12.0,1,1,91.2
Areca Palm,loamy,small,seedling,42.0,19.8,84.7,472.9,5.2,12.8,4,0,99.0
Spider Plant,loamy,medium,young,28.3,26.2,64.8,550.0,4.4,22.2,2,0,99.9
Jade Plant,sandy,large,young,18.2,20.1,82.0,991.4,9.8,57.6,1,0,81.8
Areca Palm,sandy,small,seedling,67.2,29.0,25.9,559.8,4.3,2.4,3,0,95.7
Aloe Vera,loamy,small,young,10.0,22.1,92.7,359.6,6.7,70.0,1,0,85.0
Tulsi,sandy,medium,mature,64.5,28.9,31.1,329.2,6.9,67.2,4,0,100.0
Monstera,clay,large,mature,82.7,15.4,83.7,402.8,5.8,65.2,5,0,87.2
Money Plant,clay,medium,mature,60.4,36.6,51.7,593.3,5.4,42.1,3,0,88.9
Money Plant,sandy,small,young,58.3,19.2,46.4,539.5,5.1,40.9,2,0,99.4
Tulsi,clay,medium,mature,67.8,37.6,32.2,574.5,5.1,32.0,4,0,87.0
Areca Palm,clay,small,seedling,60.8,17.7,48.5,440.0,6.5,35.9,2,0,81.3
Tulsi,loamy,medium,seedling,52.2,33.8,66.0,506.4,5.5,62.5,3,0,91.9
Spider Plant,sandy,small,mature,19.9,22.9,67.3,595.9,6.5,34.5,2,1,100.0
Jade Plant,clay,small,mature,16.9,36.1,94.5,897.7,7.1,12.1,1,1,72.0
Areca Palm,clay,medium,mature,69.4,24.8,81.1,561.6,5.2,19.0,4,0,98.3
Areca Palm,loamy,large,young,57.3,23.9,43.1,523.4,6.9,25.1,3,0,100.0
Aloe Vera,clay,medium,young,25.7,34.9,70.3,307.1,6.5,26.2,1,1,84.4
Tulsi,loamy,large,seedling,67.6,27.9,44.1,394.4,5.8,16.3,4,0,100.0
Peace Lily,sandy,small,young,65.7,33.5,87.04982872213652,101.5,3.9,16.5,3,0,97.2
Fern,clay,medium,mature,49.7,19.3,81.02924658575743,248.1,3.2,3.1,4,1,100.0
Money Plant,clay,small,young,69.0,19.8,92.7,516.5,5.1,27.8,2,0,96.8
Monstera,sandy,medium,seedling,47.5,16.1,78.07838498105208,435.6,5.5,41.9,4,1,77.1
Monstera,clay,medium,young,82.5,29.9,90.23191493090933,374.3,5.0,61.3,4,0,100.0
Areca Palm,sandy,large,mature,57.6,25.9,32.8,527.4,6.1,20.4,2,0,100.0
Money Plant,sandy,small,seedling,52.2,29.5,55.5,562.2,4.3,23.6,4,0,88.9
Fern,clay,large,young,52.9,25.9,94.85457366900195,306.5,5.5,6.3,3,1,97.5
Peace Lily,clay,large,young,65.5,21.2,91.3,261.7,2.1,24.8,3,0,100.0
Tulsi,clay,small,seedling,49.9,32.5,27.0,429.8,5.4,33.9,4,0,89.8
Fern,loamy,small,seedling,71.6,28.8,90.19433787200413,338.2,4.3,35.4,3,0,97.5
Jade Plant,loamy,large,mature,5.4,37.2,92.2,724.3,8.9,65.8,1,1,60.0
Fern,clay,small,young,82.2,36.1,80.2572868191811,488.4,5.0,54.3,4,0,93.5
Peace Lily,sandy,small,young,80.8,21.1,67.17447285836424,493.6,4.2,31.8,5,0,100.0
Fern,sandy,small,seedling,54.6,20.8,83.9,498.0,5.5,49.7,3,1,80.1
Monstera,clay,large,seedling,68.7,26.0,64.11894306794179,273.8,3.8,36.4,3,0,100.0
Spider Plant,clay,small,mature,44.1,36.8,55.0,901.5,7.7,19.2,2,1,87.6
Monstera,sandy,large,mature,82.2,30.2,88.1,137.2,2.8,45.0,5,0,99.6
Peace Lily,clay,small,mature,67.4,34.0,64.34692722568363,141.3,3.4,65.7,3,0,95.4
Tulsi,loamy,large,mature,43.0,29.3,51.7,349.5,6.5,17.7,4,0,100.0
Spider Plant,clay,medium,seedling,37.2,37.5,27.1,765.1,8.0,57.2,1,1,60.6
Tulsi,loamy,medium,seedling,38.8,36.3,26.8,364.5,5.8,40.2,4,1,84.2
Money Plant,sandy,medium,seedling,51.7,19.6,71.5,599.0,4.1,61.5,4,0,100.0
Tulsi,sandy,medium,mature,31.1,35.1,79.7,316.8,6.7,69.2,2,1,73.0
Monstera,loamy,medium,seedling,73.4,36.1,81.00010682379812,476.1,5.5,37.8,4,0,82.5
Monstera,loamy,medium,mature,75.1,30.6,90.03074540169985,445.8,4.1,61.9,4,0,96.9
Fern,sandy,medium,young,76.2,34.6,77.65551464271047,172.5,2.7,46.5,3,0,100.0
Fern,loamy,large,mature,66.6,16.8,88.4,472.6,4.1,52.4,3,0,93.5
Jade Plant,clay,medium,young,6.6,32.1,56.7,608.9,9.2,51.0,1,1,82.9
Fern,clay,large,mature,57.3,17.6,77.86473568546623,151.1,2.5,29.3,3,0,87.9
Aloe Vera,clay,small,young,31.1,36.5,53.9,811.4,7.4,50.2,1,1,77.7
Aloe Vera,clay,medium,mature,19.3,26.7,85.1,998.4,8.8,32.2,1,0,87.8
Monstera,clay,medium,mature,59.4,26.4,72.94780559789773,335.2,5.5,15.6,3,0,99.5
Monstera,loamy,large,seedling,45.5,26.1,62.17434771265327,166.2,3.1,26.2,4,1,100.0
Fern,clay,large,mature,55.3,32.0,89.59081565023513,185.3,2.4,14.2,5,0,100.0
Spider Plant,loamy,medium,seedling,22.3,18.5,50.5,1065.9,8.7,31.0,1,0,87.6
Money Plant,clay,medium,seedling,73.7,33.0,88.8,444.8,4.4,26.0,3,0,93.1
Monstera,clay,small,mature,63.9,29.4,88.6693381274483,156.6,2.2,26.2,5,0,100.0
Monstera,clay,medium,mature,58.3,37.2,88.04970407155758,427.2,5.8,40.2,4,0,94.7
Aloe Vera,sandy,medium,mature,23.5,26.1,92.9,632.4,7.7,59.1,1,0,86.1
Money Plant,clay,large,mature,65.2,17.1,60.2,323.8,4.9,6.4,2,0,94.1
Areca Palm,loamy,medium,seedling,50.1,17.2,75.3,466.8,4.7,63.9,2,0,82.8
Jade Plant,loamy,small,seedling,16.5,30.4,54.4,1130.0,9.8,70.8,1,0,90.5
Money Plant,sandy,small,young,41.6,23.6,78.4,410.8,4.3,14.7,2,0,95.4
Spider Plant,clay,small,seedling,41.0,29.1,38.3,1164.3,7.5,31.2,1,0,90.0
Money Plant,sandy,small,mature,51.0,30.4,41.5,583.1,5.6,71.6,3,0,95.6
Fern,loamy,small,mature,61.2,21.8,91.7,190.6,3.6,29.1,3,0,100.0
Monstera,sandy,large,seedling,71.7,27.5,70.28811623545123,421.4,5.0,21.0,3,0,97.8
Spider Plant,clay,medium,seedling,21.8,20.9,70.4,959.6,7.8,31.3,1,0,97.4
Jade Plant,loamy,medium,mature,17.0,17.1,73.5,781.4,9.3,43.9,1,0,71.7
Spider Plant,loamy,medium,mature,22.8,17.0,90.3,941.4,8.9,50.6,1,0,87.5
Peace Lily,clay,medium,young,68.3,22.2,92.95419324443392,537.7,4.5,42.0,3,0,95.1
Fern,loamy,medium,young,60.2,32.6,94.85998897458416,587.6,4.1,8.8,5,0,100.0
Tulsi,sandy,large,seedling,58.1,20.6,79.0,415.1,4.4,35.3,4,0,96.9
Money Plant,sandy,medium,seedling,65.6,20.3,74.5,502.6,6.9,4.6,2,0,100.0
Areca Palm,clay,large,mature,44.1,37.2,59.7,398.4,6.4,27.7,3,1,93.0
Peace Lily,loamy,medium,mature,79.2,24.2,88.89861463040087,177.1,3.8,48.7,4,0,95.5
Peace Lily,clay,small,mature,74.3,18.0,74.85221776470422,582.2,4.6,19.0,5,0,100.0
Aloe Vera,sandy,medium,seedling,29.5,23.5,32.5,1129.7,7.4,57.6,1,0,96.8
Money Plant,clay,small,seedling,52.4,37.6,60.7,559.6,6.1,9.9,3,0,77.5
Snake Plant,loamy,large,seedling,40.0,28.1,61.9,845.3,8.0,45.2,1,0,97.4
Peace Lily,loamy,medium,seedling,81.2,27.5,89.1534483544765,450.2,4.8,66.9,3,0,100.0
Spider Plant,loamy,small,seedling,41.8,34.6,72.0,677.3,7.9,14.7,1,1,86.0
Spider Plant,sandy,large,mature,45.3,29.2,30.4,345.3,4.2,43.4,1,0,100.0
Peace Lily,clay,large,young,58.3,28.3,78.7,441.9,5.4,50.6,5,0,98.5
Jade Plant,clay,small,seedling,31.3,33.4,40.1,716.2,8.0,22.5,1,1,93.7
Areca Palm,clay,large,mature,35.1,31.5,33.6,525.4,4.0,64.6,2,1,89.8
Snake Plant,clay,large,mature,52.0,25.5,48.7,599.5,4.6,17.2,2,0,100.0
Money Plant,clay,small,seedling,44.0,29.0,56.0,427.5,4.5,25.3,2,0,100.0
Tulsi,sandy,small,young,47.6,17.0,54.0,528.9,4.1,18.0,4,0,88.3
Peace Lily,sandy,medium,young,69.5,36.6,87.6,111.5,3.9,32.7,4,0,88.1
Money Plant,sandy,medium,mature,71.9,34.4,89.2,427.9,5.5,0.2,4,0,99.6
Snake Plant,sandy,small,seedling,28.0,31.0,31.4,1183.1,8.1,26.3,1,0,93.0
Jade Plant,sandy,large,seedling,11.8,15.4,85.6,949.7,7.1,23.0,1,0,60.8
Spider Plant,clay,medium,seedling,22.2,35.6,65.7,736.3,7.5,10.6,1,1,76.8
Monstera,clay,large,mature,71.8,33.0,69.0,244.1,2.1,21.9,5,0,100.0
Snake Plant,clay,large,young,27.0,27.5,27.3,714.2,7.0,28.2,1,0,98.7
Aloe Vera,sandy,medium,seedling,18.4,32.6,25.5,1019.9,9.1,13.9,1,0,92.0
Money Plant,sandy,large,mature,65.7,35.7,33.4,578.7,4.7,2.4,3,0,91.5
Snake Plant,clay,small,mature,47.3,21.2,29.3,1124.3,7.5,12.2,2,0,100.0
Aloe Vera,sandy,large,mature,22.0,32.1,31.5,824.5,9.4,38.1,1,0,99.5
Jade Plant,clay,medium,seedling,32.3,23.2,31.6,506.8,6.9,40.5,1,0,95.3
Snake Plant,sandy,large,young,37.5,31.6,87.5,928.9,7.0,17.8,2,0,100.0
Areca Palm,loamy,small,young,55.6,21.6,60.0,516.8,6.4,3.1,4,0,98.5
Monstera,clay,small,mature,77.6,22.7,60.75089900373026,288.1,4.0,27.5,4,0,98.7
Jade Plant,clay,medium,seedling,29.4,35.0,57.8,688.3,7.3,67.8,1,1,71.8
Snake Plant,loamy,large,seedling,53.9,24.4,78.2,1091.4,7.9,4.7,2,0,100.0
Fern,sandy,large,seedling,80.0,15.6,75.26018551994342,229.9,2.0,42.4,3,0,83.4
Money Plant,loamy,small,mature,42.1,25.7,28.4,421.9,5.5,12.1,2,0,95.2
Fern,clay,medium,young,48.1,34.6,80.60343527231444,177.1,2.5,9.3,5,1,100.0
Snake Plant,loamy,medium,young,37.2,29.9,79.1,308.5,5.5,35.3,2,0,97.0
Peace Lily,loamy,medium,young,46.5,31.0,88.61024082342797,170.8,2.6,58.7,5,1,88.4
Aloe Vera,clay,medium,seedling,21.5,34.7,76.1,875.7,9.0,20.3,1,1,75.3
Jade Plant,sandy,medium,seedling,13.8,16.1,50.0,1127.6,9.0,52.0,1,0,79.2
Areca Palm,sandy,medium,mature,34.4,17.8,34.2,452.9,5.5,68.0,4,1,72.8
Areca Palm,loamy,small,young,58.6,34.9,68.0,496.4,6.8,22.1,4,0,100.0
Peace Lily,clay,large,mature,52.0,28.6,87.05574457543625,483.5,5.4,4.4,3,1,98.8
Monstera,clay,large,mature,64.3,17.8,63.116634710884874,217.1,3.7,13.6,5,0,88.7
Money Plant,sandy,large,seedling,56.7,20.6,63.9,418.0,5.0,9.5,2,0,100.0
Areca Palm,clay,small,seedling,51.2,22.6,48.2,479.5,4.2,19.9,2,0,100.0
Areca Palm,clay,medium,mature,40.7,17.8,38.0,476.8,6.6,20.9,4,0,88.7
Areca Palm,sandy,large,seedling,42.4,33.4,34.6,453.2,5.9,24.2,3,1,94.3
Aloe Vera,loamy,large,young,18.0,30.8,81.8,986.5,9.3,4.0,1,0,83.3
Areca Palm,loamy,large,young,57.1,31.7,79.7,322.2,4.9,9.0,3,0,98.0
Monstera,loamy,medium,seedling,70.7,23.0,84.14769505385227,106.3,4.0,42.3,3,0,100.0
Areca Palm,sandy,small,mature,63.6,21.2,27.4,556.4,5.8,32.5,3,0,98.5
Spider Plant,sandy,large,young,27.1,19.5,65.4,1074.6,8.4,70.3,2,0,100.0
Fern,clay,medium,seedling,54.0,24.2,82.512570374127,260.4,3.1,4.4,5,1,100.0
Money Plant,clay,small,young,45.0,32.9,66.5,552.4,5.0,10.8,2,0,100.0
Money Plant,sandy,large,seedling,59.1,26.6,86.4,486.7,6.7,8.2,4,0,100.0
Jade Plant,sandy,medium,young,20.4,37.3,47.5,1132.6,9.2,5.6,1,1,85.9
Areca Palm,sandy,small,young,56.3,25.5,52.7,579.9,4.9,49.5,3,0,98.8
Monstera,clay,medium,young,80.6,24.6,89.06851234337702,150.1,3.4,28.0,3,0,100.0
Tulsi,sandy,large,seedling,67.2,28.1,25.3,373.8,6.3,21.2,2,0,97.8
Spider Plant,sandy,large,young,41.3,34.2,43.1,538.8,6.1,18.0,1,1,100.0
Snake Plant,sandy,medium,mature,26.5,37.9,50.0,377.9,4.7,54.9,2,1,70.9
Tulsi,sandy,small,seedling,44.6,21.7,32.5,312.5,5.1,43.7,2,0,99.4
Snake Plant,loamy,large,young,41.9,21.2,38.4,519.2,6.0,0.9,2,0,100.0
Jade Plant,sandy,medium,young,18.0,31.0,86.5,967.6,7.8,48.0,1,0,87.3
Fern,sandy,large,seedling,76.6,31.2,66.23985127327173,217.0,2.3,8.4,5,0,91.9
Monstera,sandy,large,mature,47.3,35.9,69.94852960288074,364.9,5.0,37.0,3,1,88.6
Spider Plant,loamy,large,seedling,19.3,28.4,44.9,571.7,4.8,59.7,2,1,88.2
Money Plant,sandy,medium,young,57.4,35.5,35.7,510.6,5.9,31.4,4,0,94.8
Fern,loamy,medium,young,47.5,23.4,65.14064368767507,259.9,2.7,9.0,5,1,100.0
Areca Palm,loamy,medium,mature,43.9,36.9,88.9,473.0,6.1,71.7,3,1,79.7
Aloe Vera,sandy,large,seedling,4.0,27.9,26.8,455.2,6.8,63.6,1,1,82.2
Peace Lily,clay,large,seedling,52.1,35.4,92.6930160077981,518.2,5.9,10.6,4,1,82.3
Monstera,clay,small,young,52.5,26.0,60.3509681658796,149.4,2.6,60.1,3,1,87.6
Monstera,sandy,small,mature,71.6,24.7,81.0,126.9,3.2,66.1,4,0,97.0
Jade Plant,loamy,medium,mature,22.8,31.2,88.0,781.4,9.6,69.9,1,0,87.0
Areca Palm,clay,small,seedling,41.5,15.9,70.5,315.5,6.5,17.4,3,0,77.2
Money Plant,clay,small,seedling,64.8,30.8,82.0,590.0,6.6,10.4,4,0,93.0
Tulsi,clay,medium,seedling,36.3,24.9,45.3,596.6,6.4,42.7,4,1,97.1
Tulsi,clay,medium,mature,43.2,36.9,74.7,355.6,5.0,40.0,4,1,86.0
Fern,sandy,large,mature,49.9,19.4,81.92954119909123,437.8,5.1,46.9,5,1,100.0
Areca Palm,loamy,small,young,46.8,19.2,86.3,369.3,6.3,37.5,3,0,100.0
Jade Plant,sandy,small,seedling,20.7,31.7,72.7,990.5,8.7,22.9,1,0,73.1
Areca Palm,loamy,small,young,69.2,15.2,57.8,443.8,4.0,0.4,4,0,90.6
Monstera,loamy,medium,mature,79.0,28.3,87.37833449339576,200.9,3.8,50.7,3,0,99.1
Snake Plant,sandy,large,seedling,28.1,33.7,88.8,522.0,6.8,20.0,2,1,86.7
Peace Lily,loamy,medium,young,76.9,17.3,82.2,113.5,3.3,21.2,5,0,90.8
Aloe Vera,loamy,large,young,31.3,17.5,77.3,479.0,6.4,35.8,1,0,73.4
Aloe Vera,clay,small,young,4.6,32.4,76.4,1040.4,9.4,18.1,1,1,84.9
Areca Palm,sandy,small,seedling,56.9,21.0,54.4,439.8,6.4,69.2,4,0,95.4
Aloe Vera,loamy,small,seedling,5.8,29.6,63.1,318.9,6.3,57.1,1,1,75.3
Jade Plant,loamy,large,mature,28.4,32.3,49.7,1045.0,8.7,61.3,1,0,98.2
Tulsi,sandy,small,seedling,53.0,25.1,47.2,449.4,6.3,58.8,2,0,95.7
Monstera,loamy,small,seedling,42.1,37.8,77.63540092182345,148.1,2.6,58.8,5,1,67.3
Peace Lily,loamy,medium,mature,76.1,34.1,63.34336744867337,373.0,5.2,30.1,5,0,100.0
Peace Lily,loamy,small,mature,47.3,15.9,70.65930398295146,307.1,4.8,6.3,3,1,85.5
Fern,clay,medium,seedling,65.7,24.8,87.73892020532307,251.9,2.8,20.3,5,0,100.0
Areca Palm,sandy,small,mature,37.8,18.0,26.4,376.7,6.0,52.1,3,1,83.1
Tulsi,sandy,small,young,67.1,23.3,86.0,300.6,6.5,0.9,3,0,97.9
Aloe Vera,sandy,small,young,15.6,23.4,92.2,628.4,7.2,34.0,1,0,89.8
Tulsi,loamy,large,seedling,47.9,30.6,66.8,497.1,5.4,35.2,4,0,92.9
Snake Plant,loamy,large,mature,35.9,35.5,64.2,1143.7,7.6,59.3,2,1,74.9
Areca Palm,loamy,medium,young,52.0,34.9,40.2,537.0,4.2,43.7,4,0,95.8
Jade Plant,sandy,large,young,5.1,29.8,81.0,734.9,8.0,19.8,1,1,81.2
Monstera,clay,medium,mature,76.9,26.5,90.1,548.5,5.2,16.1,3,0,96.1
Fern,loamy,small,young,57.7,37.1,85.47700158288146,225.3,2.2,57.3,4,0,88.5
Areca Palm,clay,large,young,38.6,29.3,88.5,371.5,5.9,28.2,4,1,96.4
Peace Lily,clay,medium,mature,51.4,19.4,83.59952408614701,106.2,3.3,29.6,3,1,100.0
Spider Plant,clay,small,seedling,52.1,37.5,76.7,718.3,7.8,40.2,1,0,77.8
Money Plant,loamy,medium,young,45.1,30.7,49.4,380.1,6.0,67.5,2,0,100.0
Areca Palm,loamy,large,mature,60.6,30.6,56.9,461.4,6.6,57.8,4,0,100.0
Tulsi,loamy,large,mature,38.8,18.1,93.1,436.7,6.2,10.1,2,1,100.0
Monstera,sandy,large,young,81.6,26.4,92.9,188.7,2.4,48.1,3,0,100.0
Money Plant,clay,small,seedling,56.4,36.9,94.0,456.5,5.5,18.5,3,0,77.7
Spider Plant,sandy,medium,young,16.9,33.9,92.3,424.3,6.8,5.9,2,1,100.0
Snake Plant,loamy,medium,young,18.9,32.9,41.2,1015.8,7.9,47.5,2,1,97.2
Money Plant,clay,small,seedling,50.7,22.1,51.3,484.1,5.7,34.8,4,0,100.0
Jade Plant,loamy,small,seedling,25.5,29.7,29.0,594.8,6.9,57.8,1,0,89.4
Jade Plant,loamy,large,mature,29.4,28.2,43.3,440.1,6.6,20.3,1,0,100.0
Snake Plant,loamy,small,seedling,53.0,17.1,54.8,325.1,4.7,19.0,1,0,78.6
Spider Plant,clay,small,mature,29.6,33.1,36.6,884.8,8.5,1.6,1,1,97.7
Areca Palm,clay,small,mature,48.1,34.4,49.8,308.5,5.4,58.5,4,0,100.0
Peace Lily,sandy,medium,seedling,68.4,22.2,86.3,377.4,5.3,45.9,3,0,96.1
Money Plant,loamy,small,seedling,41.5,23.7,59.2,361.2,5.9,56.5,3,0,98.6
Tulsi,sandy,small,mature,64.7,22.1,36.5,583.9,6.0,53.9,3,0,98.7
Aloe Vera,loamy,medium,mature,6.1,18.1,79.2,665.2,9.3,49.4,1,1,71.7
Jade Plant,loamy,large,mature,14.9,22.2,76.4,920.4,8.8,61.3,1,0,83.3
Aloe Vera,clay,medium,mature,7.7,37.3,53.1,821.2,8.6,38.4,1,1,87.7
Jade Plant,loamy,large,young,9.0,37.3,37.8,466.5,6.8,42.7,1,1,93.3
Fern,sandy,large,seedling,66.1,36.8,76.6,400.8,4.1,66.7,5,0,80.0
Money Plant,clay,large,mature,69.7,26.7,66.0,542.5,6.5,26.0,4,0,100.0
Monstera,sandy,medium,seedling,62.6,21.5,74.1,382.0,5.1,28.1,4,0,100.0
Aloe Vera,sandy,medium,young,15.3,21.5,28.7,919.2,7.5,36.8,1,0,96.4
Monstera,loamy,medium,seedling,56.7,37.1,88.08143904265944,218.7,4.0,56.5,4,0,83.2
Fern,clay,large,young,67.5,30.0,64.24491942506191,376.2,5.5,33.7,3,0,100.0
Monstera,clay,large,seedling,73.8,28.9,80.0726637183514,556.3,6.0,58.6,3,0,96.4
Monstera,clay,small,young,49.7,28.0,92.8326554316763,512.0,5.2,21.4,5,1,96.2
Spider Plant,sandy,small,seedling,21.0,23.5,70.4,490.4,5.2,36.6,2,0,100.0
Monstera,sandy,medium,mature,80.6,28.2,63.17818803729516,477.5,5.4,19.1,4,0,99.1
Monstera,clay,medium,mature,73.1,31.1,89.495319619586,562.8,4.9,12.5,4,0,100.0
Snake Plant,clay,large,young,46.8,30.7,85.4,917.5,7.6,9.6,2,0,96.5
Monstera,sandy,small,seedling,74.2,28.8,76.6528955367297,181.7,2.4,58.7,3,0,100.0
Monstera,sandy,medium,mature,54.5,36.2,65.71796964358613,200.9,3.5,68.9,3,1,79.6
Peace Lily,sandy,small,mature,69.6,35.0,61.32513684547675,387.6,5.1,45.8,3,0,100.0
Tulsi,loamy,large,seedling,50.0,25.2,90.2,354.8,6.4,45.0,3,0,98.2
Monstera,sandy,small,mature,71.5,37.9,85.04080500763884,364.8,4.1,30.1,3,0,92.5
Tulsi,sandy,medium,seedling,34.0,15.9,34.7,320.3,6.3,13.9,3,1,81.3
Monstera,loamy,large,young,75.5,37.0,67.5801626638362,172.2,4.0,25.7,4,0,87.5
Money Plant,clay,small,seedling,36.1,27.9,64.2,499.6,4.7,40.9,3,1,98.6
Areca Palm,loamy,small,seedling,66.9,25.7,84.5,483.7,6.9,71.2,2,0,100.0
Monstera,sandy,large,young,82.5,26.9,83.95273491115503,282.5,3.8,26.9,3,0,100.0
Money Plant,loamy,small,young,56.5,27.5,26.3,308.3,4.5,47.2,3,0,99.8
Tulsi,sandy,large,mature,47.5,34.4,93.3,493.0,5.8,23.3,2,0,99.1
Money Plant,sandy,small,seedling,57.6,16.7,47.9,439.4,5.5,25.3,4,0,79.6
Areca Palm,loamy,small,seedling,68.7,18.8,26.0,538.3,5.6,62.2,4,0,93.9
Monstera,sandy,medium,young,71.6,15.3,93.13859073621204,314.1,5.7,37.0,3,0,90.5
Areca Palm,loamy,medium,mature,46.5,31.1,58.9,597.3,5.0,42.3,4,0,100.0
Snake Plant,clay,medium,seedling,31.0,21.8,83.0,486.6,6.0,48.8,1,0,96.3
Tulsi,loamy,medium,young,43.0,17.4,88.8,392.5,4.4,69.7,4,0,87.3
Fern,clay,large,young,71.4,36.0,72.7,177.2,3.9,47.7,4,0,94.3
Jade Plant,sandy,large,young,30.7,17.5,79.9,1132.0,8.9,32.3,1,0,79.7
Areca Palm,loamy,large,mature,55.0,30.5,73.6,580.8,6.5,64.7,4,0,100.0
Fern,clay,medium,young,48.1,29.3,92.0,437.3,5.7,10.9,4,1,99.3
Snake Plant,loamy,medium,mature,36.3,20.4,65.5,441.8,5.1,5.2,2,0,96.6
Jade Plant,sandy,small,young,19.3,32.0,49.9,688.3,8.1,64.4,1,0,100.0
Areca Palm,loamy,small,young,50.8,25.1,45.5,403.4,4.6,57.7,4,0,100.0
Peace Lily,clay,large,seedling,79.5,37.7,88.0,532.0,5.3,67.7,3,0,77.2
Tulsi,clay,small,young,49.2,32.9,33.2,596.7,7.0,11.1,3,0,97.5
Money Plant,loamy,medium,young,46.4,30.2,85.4,370.2,4.3,50.8,4,0,96.8
Spider Plant,clay,small,seedling,48.6,28.3,79.9,1086.7,8.6,15.3,2,0,100.0
Money Plant,loamy,small,seedling,35.1,19.7,88.7,421.7,6.5,47.1,2,1,96.3
Fern,clay,medium,mature,79.6,36.5,94.92878984711348,244.0,3.8,31.8,5,0,94.7
Areca Palm,sandy,medium,seedling,47.7,15.6,44.1,374.3,6.4,32.1,3,0,84.9
Monstera,loamy,large,seedling,82.6,31.8,71.2,324.7,4.2,52.4,4,0,93.3
Spider Plant,sandy,large,mature,14.7,25.5,38.1,1024.7,8.5,57.6,2,1,88.3
Peace Lily,clay,medium,mature,49.9,25.1,85.3551602548475,154.8,3.2,35.2,5,1,98.6
Aloe Vera,loamy,small,young,17.0,17.5,76.4,851.0,7.9,51.0,1,0,76.9
Tulsi,sandy,large,seedling,54.4,18.1,75.0,457.2,6.5,60.5,4,0,94.2
Snake Plant,clay,large,seedling,18.7,15.3,73.9,604.0,7.3,51.7,1,1,69.5
Monstera,clay,medium,young,58.0,36.2,69.30714990098926,439.4,4.9,50.1,5,0,88.9
Monstera,clay,medium,mature,47.4,28.5,74.06542844322902,393.0,5.3,31.7,3,1,99.0
Areca Palm,clay,medium,young,68.7,31.6,51.9,314.1,6.9,25.4,3,0,95.1
Peace Lily,loamy,small,mature,55.1,25.0,62.471337409208715,157.5,3.5,44.9,3,0,100.0
Fern,sandy,large,mature,63.4,26.5,94.7,101.0,2.6,5.5,4,0,100.0
Peace Lily,loamy,small,young,74.7,35.5,87.42727178171538,205.2,2.9,56.5,4,0,87.8
Money Plant,clay,medium,seedling,50.4,22.0,85.3,348.7,4.1,62.4,4,0,97.6
Money Plant,sandy,small,mature,67.3,31.0,95.0,305.9,4.7,5.7,2,0,100.0
Fern,clay,large,seedling,65.8,24.2,78.30745717462408,126.7,3.3,20.8,4,0,96.5
Spider Plant,sandy,medium,seedling,30.5,21.4,53.8,512.3,5.7,37.7,2,0,98.2
Areca Palm,loamy,large,seedling,70.9,30.0,56.9,404.7,4.7,28.6,4,0,89.2
Jade Plant,clay,small,mature,19.0,37.7,81.6,813.2,9.2,63.7,1,1,60.4
Monstera,sandy,medium,mature,78.7,27.3,91.63852558737142,480.0,4.8,54.0,4,0,100.0
Spider Plant,sandy,medium,young,29.0,36.5,46.5,418.0,7.0,63.7,1,1,79.4
Monstera,sandy,medium,mature,59.9,34.8,83.6,212.9,3.7,60.4,5,0,100.0
Money Plant,sandy,small,seedling,63.9,30.1,90.1,317.4,5.8,56.6,2,0,91.2
Tulsi,sandy,small,mature,36.7,37.0,56.8,558.1,4.4,26.3,2,1,85.8
Money Plant,loamy,medium,young,67.5,31.8,51.8,506.6,4.8,10.8,4,0,95.9
Peace Lily,clay,medium,seedling,51.9,29.5,72.3482486700746,386.4,4.1,52.7,5,1,73.8
Peace Lily,sandy,large,mature,51.1,17.1,77.30805982638714,271.0,3.3,54.5,5,1,78.4
Snake Plant,loamy,medium,seedling,34.4,16.4,86.9,807.9,7.8,35.1,1,0,78.7
Jade Plant,sandy,large,seedling,28.0,36.7,61.1,1129.2,8.6,43.8,1,1,79.7
Tulsi,clay,medium,seedling,37.0,22.0,80.1,445.3,4.0,48.2,4,1,81.7
Peace Lily,loamy,large,seedling,78.8,36.6,82.03599246224334,187.2,2.9,24.7,4,0,79.4
Snake Plant,clay,small,young,27.3,23.2,91.3,332.0,6.8,33.7,2,0,96.0
Spider Plant,clay,medium,seedling,36.7,22.8,72.8,707.5,7.0,51.0,1,0,100.0
Snake Plant,clay,small,mature,47.1,17.3,86.9,941.6,7.2,31.4,1,0,89.7
Fern,loamy,large,young,77.3,26.6,87.4,549.7,4.8,5.0,4,0,96.3
Jade Plant,sandy,small,young,6.7,36.1,73.2,808.0,9.9,17.5,1,1,77.0
Peace Lily,clay,medium,mature,76.7,36.2,91.4,288.1,2.4,13.5,3,0,86.8
Spider Plant,loamy,large,mature,14.4,22.5,31.2,713.8,8.2,18.1,2,1,97.2
Monstera,clay,medium,seedling,65.9,33.9,80.58838168719161,131.3,3.0,54.7,4,0,94.2
Money Plant,loamy,small,young,69.2,29.5,36.6,450.1,5.2,23.0,3,0,99.6
Money Plant,loamy,large,young,52.7,36.2,47.4,365.5,5.8,38.9,2,0,88.7
Money Plant,sandy,small,mature,47.2,16.0,29.2,402.6,6.9,52.6,4,0,89.2
Areca Palm,clay,medium,young,38.8,24.3,63.6,392.7,5.7,33.3,2,1,95.3
Monstera,clay,medium,mature,55.6,20.0,72.37974701596612,528.2,5.2,29.7,4,0,100.0
Monstera,sandy,medium,young,54.2,32.2,76.4,294.6,2.8,54.5,4,1,88.2
Fern,clay,small,mature,66.3,34.4,72.56413928886687,408.3,5.3,41.8,4,0,98.3
Spider Plant,sandy,small,mature,23.0,36.2,89.3,394.4,6.2,13.1,1,1,93.4
Monstera,loamy,medium,mature,49.7,18.2,71.41236929774539,401.6,4.9,34.6,3,1,100.0
Peace Lily,loamy,small,young,59.5,29.7,69.55555291811402,287.1,3.1,22.1,3,0,95.6
Jade Plant,clay,small,mature,9.6,16.8,80.3,685.6,8.4,1.2,1,1,77.8
Peace Lily,loamy,small,young,65.0,35.5,81.25744415319448,117.4,3.5,71.2,3,0,91.7
Monstera,loamy,medium,seedling,75.0,27.8,82.62439670686808,398.5,4.4,43.4,5,0,100.0
Areca Palm,loamy,small,mature,50.8,38.0,45.6,307.2,6.1,68.5,3,0,89.4
Tulsi,clay,medium,young,57.8,24.9,52.4,429.4,5.7,49.3,4,0,95.0
Jade Plant,loamy,medium,seedling,31.3,26.9,60.4,1143.3,9.0,1.2,1,0,98.3
Jade Plant,sandy,medium,mature,24.2,24.8,65.0,939.3,7.5,61.2,1,0,97.1
Tulsi,clay,medium,mature,58.3,33.7,59.1,564.6,6.2,66.4,3,0,100.0
Jade Plant,loamy,small,young,10.2,37.1,75.9,534.3,6.7,49.0,1,1,57.5
Monstera,clay,medium,young,82.4,17.4,80.98233670376516,326.1,5.0,3.5,4,0,88.8
Fern,clay,small,mature,73.0,33.7,84.33889294611078,582.8,5.8,44.4,5,0,96.7
Monstera,loamy,medium,seedling,73.4,32.3,83.65424422038879,325.0,4.5,68.9,5,0,91.2
Peace Lily,clay,small,seedling,77.6,30.3,67.9750343362921,560.6,4.6,39.2,5,0,90.4
Snake Plant,clay,large,mature,38.1,19.4,57.8,1074.0,7.2,14.7,1,0,100.0
Jade Plant,sandy,large,mature,24.8,27.7,25.2,696.0,9.5,57.6,1,0,95.8
Aloe Vera,sandy,large,young,8.7,19.1,25.4,818.3,8.3,15.6,1,1,100.0
Aloe Vera,clay,large,mature,27.8,20.0,29.7,706.5,8.4,12.1,1,0,95.5
Aloe Vera,sandy,large,mature,3.4,36.0,58.9,486.7,6.4,43.5,1,1,94.0
Aloe Vera,sandy,large,young,29.1,26.2,47.4,608.2,8.8,50.3,1,0,100.0
Jade Plant,loamy,large,seedling,13.1,36.9,51.3,727.5,9.8,54.6,1,1,69.4
Monstera,loamy,small,young,62.3,37.8,79.9,393.8,5.7,51.8,4,0,88.0
Jade Plant,sandy,small,young,23.3,37.5,29.1,606.5,8.2,34.7,1,1,90.3
Tulsi,sandy,medium,seedling,71.7,16.1,41.6,558.3,5.6,39.3,4,0,82.3
Monstera,loamy,large,mature,50.7,29.8,73.31538389110786,307.5,4.7,62.0,3,1,88.7
Aloe Vera,sandy,medium,mature,23.1,16.7,41.3,712.1,9.0,32.5,1,0,86.6
Tulsi,loamy,small,seedling,50.2,17.0,32.8,387.0,5.0,38.1,4,0,84.1
Aloe Vera,sandy,medium,young,27.1,30.6,32.1,903.3,7.6,8.1,1,0,99.3
Areca Palm,loamy,large,young,34.1,31.9,91.7,356.6,4.3,28.6,3,1,97.6
Tulsi,clay,medium,seedling,34.9,32.9,36.9,445.0,4.9,58.1,4,1,79.4
Aloe Vera,loamy,small,young,25.4,36.7,25.8,456.6,6.3,56.1,1,1,70.6
Peace Lily,sandy,medium,young,53.0,33.3,65.73358248301743,285.8,3.2,32.2,4,1,97.3
Areca Palm,loamy,medium,young,64.3,25.4,59.4,368.2,6.0,1.7,4,0,99.5
Monstera,loamy,medium,seedling,56.3,22.8,91.35293122583812,280.6,2.3,31.8,5,0,99.5
Jade Plant,clay,small,mature,5.2,18.2,38.1,928.3,9.4,17.0,1,1,95.1
Snake Plant,sandy,small,seedling,31.6,34.0,42.9,920.5,8.2,5.3,1,1,91.2
Money Plant,clay,small,seedling,36.9,22.0,53.1,514.0,5.4,19.7,4,1,100.0
Snake Plant,loamy,small,young,34.2,16.1,52.5,573.7,6.8,40.0,2,0,94.5
Snake Plant,sandy,medium,seedling,14.7,25.3,71.2,324.1,6.7,17.7,2,1,100.0
Fern,sandy,large,seedling,71.7,36.0,88.73311312353236,181.4,3.3,57.3,4,0,79.0
Areca Palm,clay,small,mature,56.1,34.8,34.0,445.2,4.1,40.9,4,0,100.0
Areca Palm,clay,medium,young,67.9,16.7,88.0,312.0,6.3,63.7,3,0,91.7
Fern,sandy,medium,mature,55.5,37.7,92.0,231.4,3.8,23.2,5,0,86.9
Tulsi,sandy,large,young,38.9,29.6,70.1,466.7,5.6,56.4,3,1,83.6
Fern,clay,small,young,77.7,37.0,68.4,510.2,4.9,64.2,3,0,91.3
Tulsi,loamy,medium,seedling,55.8,35.6,67.9,358.6,6.0,43.7,3,0,80.3
Spider Plant,clay,large,young,23.6,21.1,72.4,527.6,5.6,57.3,1,0,98.5
Aloe Vera,loamy,small,mature,16.6,31.9,54.1,591.4,6.7,34.1,1,0,98.3
Aloe Vera,sandy,medium,seedling,5.4,36.6,69.2,427.2,6.4,17.7,1,1,82.8
Snake Plant,clay,large,seedling,22.5,17.1,52.9,562.1,4.9,15.2,2,0,76.7
Fern,loamy,medium,seedling,63.0,35.4,69.65783021839006,259.8,3.5,8.4,4,0,84.1
Monstera,sandy,medium,young,46.1,36.5,69.2798221567966,387.9,4.3,40.9,4,1,89.8
Monstera,sandy,small,mature,46.4,27.7,86.88963942608922,201.1,3.5,64.7,5,1,80.7
Jade Plant,sandy,small,young,21.4,21.3,59.4,996.4,9.6,20.8,1,0,100.0
Fern,clay,small,young,51.9,25.1,81.6412388420919,412.4,5.5,46.5,5,1,100.0
Peace Lily,sandy,small,seedling,52.3,25.7,81.7,557.0,4.1,34.6,5,1,100.0
Aloe Vera,sandy,medium,young,12.7,33.7,64.0,1198.6,9.0,1.9,1,1,100.0
Tulsi,clay,medium,young,52.1,35.8,41.7,593.5,6.0,67.7,4,0,88.1
Money Plant,loamy,small,young,51.7,29.5,25.9,334.3,5.8,1.9,4,0,100.0
Jade Plant,loamy,medium,seedling,20.1,32.2,88.9,688.2,9.5,61.8,1,0,70.6
Areca Palm,loamy,large,mature,52.0,15.9,48.7,405.0,5.3,0.6,3,0,86.1
Tulsi,clay,small,seedling,51.1,31.7,38.4,528.5,6.7,13.5,2,0,94.8
Tulsi,loamy,large,mature,68.9,24.6,94.7,333.8,5.9,12.4,2,0,100.0
Snake Plant,clay,large,mature,28.8,29.2,45.7,1057.7,7.1,44.5,2,0,100.0
Areca Palm,loamy,medium,seedling,36.8,15.7,29.3,380.9,4.8,18.5,2,1,75.1
Areca Palm,sandy,medium,seedling,69.7,20.7,84.1,406.2,6.2,26.5,2,0,100.0
Peace Lily,loamy,large,mature,81.4,34.9,76.46882958273233,279.1,3.7,64.6,5,0,100.0
Jade Plant,loamy,small,mature,17.4,20.3,48.8,996.0,8.3,43.3,1,0,100.0
Aloe Vera,clay,medium,young,22.5,15.4,46.8,476.0,6.2,43.6,1,0,92.3
Fern,sandy,medium,seedling,50.2,32.8,94.13342612440412,261.7,3.4,53.4,3,1,78.7
Fern,clay,large,mature,59.8,24.4,69.3,363.4,4.5,22.1,5,0,99.7
Spider Plant,sandy,medium,young,17.6,34.4,80.8,338.9,6.5,11.9,1,1,96.4
Monstera,loamy,medium,seedling,46.7,27.1,86.4,200.3,3.2,70.8,4,1,86.1
Aloe Vera,clay,medium,young,11.6,20.5,36.0,531.9,7.0,55.0,1,0,100.0
Peace Lily,sandy,medium,mature,80.7,35.6,89.5,275.1,2.9,18.1,4,0,93.1
Peace Lily,loamy,large,seedling,81.0,22.6,79.27832707040565,191.6,3.2,42.7,5,0,100.0
Snake Plant,loamy,medium,young,46.3,32.8,84.6,937.6,7.1,54.8,1,0,100.0
Peace Lily,sandy,small,mature,75.6,24.1,81.57962051664097,264.0,2.6,47.9,5,0,98.4
Money Plant,clay,small,seedling,48.3,27.9,78.2,338.7,4.2,10.3,4,0,100.0
Peace Lily,clay,medium,seedling,46.2,34.3,83.65002261814175,444.6,4.4,50.8,3,1,73.3
Jade Plant,clay,medium,seedling,26.7,22.2,75.6,317.9,6.1,25.5,1,0,80.2
Aloe Vera,sandy,medium,young,17.1,16.8,61.9,869.3,8.0,37.5,1,0,91.5
Peace Lily,loamy,small,mature,52.7,20.0,93.40569631348541,117.0,2.3,63.7,5,1,83.8
Aloe Vera,sandy,large,mature,14.9,20.3,60.3,917.5,7.1,21.7,1,0,99.2
Spider Plant,sandy,large,seedling,49.4,30.6,69.1,573.2,5.1,38.9,1,0,92.3
Snake Plant,sandy,large,seedling,52.1,36.4,59.0,437.3,6.5,33.4,2,0,77.4
Spider Plant,clay,medium,young,27.1,22.2,49.4,569.9,5.0,36.3,1,0,100.0
Monstera,sandy,medium,mature,45.8,31.6,81.84916658067075,411.4,4.3,16.9,4,1,95.5
Jade Plant,loamy,small,seedling,30.2,30.9,38.2,409.6,6.3,53.7,1,0,85.7
Fern,clay,medium,mature,50.7,33.1,60.607738644821666,259.1,2.6,1.0,4,1,99.4
Snake Plant,clay,large,seedling,46.0,32.2,45.8,332.2,6.2,67.4,2,0,94.8
Monstera,loamy,small,mature,62.9,37.7,75.87640910389786,216.6,2.2,3.9,5,0,90.7
Areca Palm,sandy,medium,seedling,62.1,30.3,36.0,361.9,5.5,33.3,3,0,86.1
Peace Lily,loamy,small,mature,63.3,21.1,94.0,515.5,5.6,68.7,3,0,98.0
Jade Plant,clay,small,young,21.8,30.6,48.4,1020.2,9.0,19.9,1,0,100.0
Spider Plant,loamy,medium,young,19.4,24.9,78.7,321.8,4.2,26.7,1,1,98.0
Tulsi,loamy,large,young,43.9,26.4,50.6,450.6,6.4,33.8,2,0,99.9
Peace Lily,sandy,small,mature,41.8,21.9,83.76745187766738,198.0,2.9,54.6,5,1,89.5
Money Plant,loamy,small,mature,59.6,31.0,29.0,445.1,4.2,51.2,4,0,100.0
Areca Palm,sandy,medium,mature,44.9,34.6,28.0,499.1,4.3,0.9,3,1,99.9
Jade Plant,sandy,large,mature,14.0,17.0,87.0,706.5,7.3,24.9,1,0,76.5
Fern,loamy,large,seedling,72.4,35.0,84.05430683097956,576.1,4.0,69.1,4,0,91.8
Spider Plant,clay,large,mature,33.0,16.6,50.1,424.8,5.8,30.0,2,0,93.6
Spider Plant,loamy,large,young,31.8,37.5,64.6,422.2,5.9,1.0,1,1,90.7
Peace Lily,clay,small,mature,47.5,24.5,85.5,137.6,3.7,9.5,3,1,100.0
Snake Plant,loamy,small,young,36.9,24.1,53.3,984.7,8.7,30.9,1,0,100.0
Monstera,loamy,large,young,64.8,28.3,86.37824966724742,482.0,4.0,29.4,5,0,97.0
Jade Plant,clay,small,seedling,4.3,23.0,59.6,833.2,8.8,63.0,1,1,89.9
Tulsi,clay,large,mature,43.4,16.8,42.5,384.5,4.4,42.2,2,0,92.2
Money Plant,sandy,medium,young,57.9,19.7,32.6,558.7,6.5,17.5,4,0,100.0
Money Plant,loamy,medium,mature,34.5,23.0,81.9,303.6,4.5,13.6,2,1,99.2
Aloe Vera,loamy,large,young,22.1,26.3,51.2,1059.8,7.2,37.5,1,0,100.0
Money Plant,clay,small,mature,40.6,15.8,84.9,525.7,4.1,22.2,2,0,90.2
Areca Palm,clay,large,young,39.4,19.8,80.6,402.5,4.7,29.7,4,1,96.2
Fern,loamy,small,seedling,63.5,37.2,89.50739797222883,501.8,5.4,51.8,5,0,78.3
Spider Plant,sandy,large,seedling,37.0,27.9,39.0,656.3,7.6,67.0,1,0,100.0
Snake Plant,clay,medium,mature,39.1,15.7,90.7,368.6,5.9,46.9,2,0,94.4
Monstera,clay,small,mature,61.0,16.7,80.35293722927388,102.0,3.1,14.5,4,0,91.8
Jade Plant,sandy,large,seedling,33.1,30.4,67.1,367.5,6.1,26.0,1,0,88.5
Aloe Vera,loamy,large,seedling,11.2,30.2,35.9,1107.3,7.4,32.3,1,0,91.9
Spider Plant,clay,small,mature,46.1,29.5,28.3,420.8,4.3,32.7,1,0,95.6
Snake Plant,sandy,large,young,47.0,22.6,44.9,962.2,8.0,36.0,2,0,96.6
Jade Plant,loamy,small,mature,3.9,26.6,36.8,796.8,8.9,19.9,1,1,99.7
Areca Palm,clay,medium,mature,38.1,17.1,53.0,551.7,5.3,9.9,3,1,94.0
Tulsi,sandy,large,young,44.6,17.5,64.7,469.1,6.1,58.7,3,0,93.9
Tulsi,loamy,medium,mature,44.2,34.7,65.6,544.3,6.6,53.3,4,1,83.2
Areca Palm,clay,medium,seedling,55.0,31.6,41.6,402.0,5.0,55.9,3,0,94.6
Money Plant,loamy,large,seedling,61.1,31.0,66.6,356.3,5.3,68.1,4,0,90.6
Peace Lily,loamy,small,young,66.5,33.6,89.7,309.2,4.5,27.6,4,0,100.0
Peace Lily,loamy,small,young,62.7,15.8,64.75342519600017,308.7,4.7,61.8,4,0,87.2
Aloe Vera,loamy,large,seedling,25.3,36.7,36.1,856.2,8.3,61.4,1,1,64.3
Aloe Vera,clay,small,seedling,11.5,19.6,56.1,734.3,7.0,64.5,1,0,98.6
Areca Palm,sandy,medium,mature,30.8,17.3,69.0,397.8,6.0,58.0,3,1,78.4
Aloe Vera,loamy,medium,young,16.5,26.0,47.2,960.6,7.8,5.5,1,0,97.5
Jade Plant,sandy,large,mature,14.5,37.9,43.9,919.6,8.2,53.7,1,1,72.4
Money Plant,clay,large,mature,67.3,24.9,33.7,328.4,4.6,69.7,3,0,100.0
Spider Plant,clay,small,young,34.0,21.3,59.7,938.1,7.4,37.1,1,0,98.1
Snake Plant,clay,medium,seedling,32.4,34.1,67.6,321.1,4.2,41.8,1,1,85.6
Money Plant,clay,small,mature,49.4,26.6,47.4,392.7,4.7,35.7,4,0,97.4
Spider Plant,loamy,small,mature,37.8,29.6,27.3,472.3,5.1,22.9,1,0,100.0
Areca Palm,sandy,large,seedling,32.8,18.3,39.1,498.1,4.4,45.9,3,1,91.5
Tulsi,clay,large,seedling,57.8,17.4,92.7,406.0,4.6,21.6,2,0,82.5
Jade Plant,clay,small,mature,8.5,28.3,29.4,972.9,8.3,53.2,1,1,85.9
Aloe Vera,sandy,small,mature,17.3,27.5,56.3,1111.6,7.9,2.6,1,0,100.0
Tulsi,loamy,large,mature,68.5,36.6,87.7,549.4,6.3,1.2,2,0,87.1
Jade Plant,clay,large,seedling,24.9,27.3,45.1,612.8,8.6,7.2,1,0,97.0
Aloe Vera,sandy,large,mature,30.4,30.3,69.4,1023.4,9.3,13.0,1,0,100.0
Aloe Vera,loamy,small,seedling,13.3,25.9,49.4,397.7,6.3,16.0,1,0,100.0
Snake Plant,sandy,medium,mature,45.0,24.5,48.9,896.0,8.2,42.7,2,0,100.0
Fern,loamy,large,seedling,45.0,32.6,86.2,433.2,5.9,57.9,3,1,72.7
Peace Lily,loamy,large,seedling,51.7,20.5,83.5,196.4,4.0,42.8,3,1,100.0
Monstera,loamy,medium,mature,55.6,36.4,62.24505231996626,384.5,5.7,60.6,4,0,89.8
Monstera,loamy,medium,seedling,50.7,31.0,86.79311108752663,243.8,3.4,70.0,4,1,73.0
Fern,loamy,small,young,76.5,18.2,80.07057393975514,122.5,2.2,37.5,5,0,100.0
Snake Plant,sandy,medium,mature,44.9,25.0,87.5,438.0,4.4,20.7,2,0,99.2
Money Plant,loamy,medium,seedling,68.1,30.2,77.6,482.6,4.0,14.6,4,0,92.4
Snake Plant,loamy,small,young,21.9,25.0,74.2,585.9,5.6,3.7,2,0,100.0
Monstera,loamy,large,young,76.6,23.7,80.23293297943134,224.7,3.0,63.8,5,0,96.4
Peace Lily,clay,small,young,79.6,16.8,85.5,585.8,4.1,9.6,5,0,86.9
Fern,sandy,large,seedling,84.3,33.5,92.3,117.7,2.6,7.9,5,0,90.3
Spider Plant,sandy,large,mature,36.4,26.8,69.2,750.6,8.8,30.1,2,0,100.0
Aloe Vera,loamy,medium,seedling,22.9,19.8,64.0,936.2,7.1,32.0,1,0,100.0
Tulsi,clay,large,seedling,70.1,28.1,85.7,517.2,4.5,68.5,4,0,95.9
Tulsi,loamy,small,seedling,67.2,26.7,73.8,372.2,4.6,41.7,3,0,100.0
Snake Plant,loamy,medium,young,45.5,22.9,44.5,569.3,5.6,63.9,1,0,100.0
Snake Plant,clay,small,seedling,23.6,35.5,49.3,695.1,8.5,10.8,1,1,79.7
Peace Lily,loamy,medium,mature,65.2,15.2,93.9,120.1,3.4,59.6,5,0,90.0
Spider Plant,loamy,small,seedling,44.4,19.5,79.6,351.8,6.6,38.9,1,0,100.0
Peace Lily,clay,medium,mature,46.6,19.8,78.3348039823785,461.5,5.5,15.2,5,1,100.0
Peace Lily,loamy,medium,seedling,69.8,27.0,80.4,364.0,5.5,15.1,4,0,99.0
Aloe Vera,sandy,large,young,7.5,23.9,32.2,1135.3,7.6,37.0,1,1,95.1
Aloe Vera,loamy,medium,young,28.3,29.0,61.1,1000.5,9.1,20.3,1,0,95.8
Snake Plant,clay,small,young,47.5,34.6,74.5,328.5,5.1,51.4,1,0,100.0
Spider Plant,clay,small,young,53.7,24.9,93.9,395.4,5.8,5.2,2,0,100.0
Fern,loamy,medium,young,80.0,29.2,89.9,322.8,4.3,60.3,3,0,100.0
Fern,clay,large,young,84.0,16.8,86.1609988401203,537.1,5.0,13.2,4,0,88.9
Money Plant,clay,medium,mature,44.1,15.4,32.3,453.3,5.0,45.7,4,0,86.1
Spider Plant,sandy,medium,young,25.2,16.7,26.7,386.4,6.7,71.0,2,0,93.7
Aloe Vera,sandy,small,young,27.3,23.0,86.2,1138.1,7.1,55.7,1,0,85.7
Peace Lily,clay,large,young,47.8,34.5,82.47836852353188,192.8,2.1,12.4,3,1,100.0
Money Plant,sandy,small,mature,57.7,30.2,94.3,427.7,4.1,32.0,4,0,97.5
Peace Lily,sandy,small,mature,70.8,19.6,75.9278565654299,407.0,5.0,53.0,4,0,95.7
Jade Plant,loamy,large,seedling,8.9,21.7,78.1,534.9,6.0,36.6,1,1,86.7
Fern,sandy,medium,mature,77.3,19.2,72.3975298542843,188.1,2.4,28.3,5,0,95.0
Tulsi,clay,large,young,67.8,18.8,92.5,368.4,5.4,51.3,2,0,97.8
Jade Plant,sandy,small,mature,29.3,21.8,28.8,701.3,8.8,3.3,1,0,100.0
Areca Palm,clay,large,young,44.5,33.7,80.2,384.5,5.5,3.4,2,1,100.0
Aloe Vera,clay,large,young,21.5,23.2,39.7,1105.8,7.1,40.5,1,0,98.6
Fern,sandy,small,seedling,69.8,37.7,70.0618777385494,149.2,3.6,9.2,3,0,81.5
Fern,clay,small,young,54.4,37.4,77.89051447006264,121.2,4.0,42.1,5,1,93.4
Snake Plant,loamy,small,seedling,15.3,25.7,36.9,386.7,6.4,33.9,1,1,100.0
Jade Plant,sandy,large,seedling,9.5,25.8,58.9,617.7,8.9,51.1,1,1,83.6
Fern,loamy,large,mature,58.6,21.4,92.67009919164119,443.7,5.0,56.2,5,0,100.0
Spider Plant,clay,small,young,43.5,18.1,52.6,1077.0,8.3,19.0,2,0,96.5
Fern,sandy,large,seedling,51.1,19.4,65.38476640318078,339.8,5.4,38.4,5,1,100.0
Monstera,sandy,medium,seedling,47.1,28.4,79.2,512.6,4.4,34.8,3,1,99.4
Tulsi,loamy,medium,young,71.7,27.9,91.3,329.6,6.0,14.1,2,0,99.7
Snake Plant,clay,medium,seedling,17.1,21.0,70.3,415.6,5.2,19.3,2,1,100.0
Fern,sandy,large,seedling,71.7,15.3,91.9,248.1,3.5,63.5,4,0,79.0
Fern,loamy,large,young,67.1,19.3,90.78824019645074,273.0,3.2,6.7,4,0,97.5
Jade Plant,clay,large,young,26.0,25.5,48.0,560.8,6.8,32.4,1,0,99.6
Monstera,loamy,large,seedling,63.9,28.2,70.85105473369947,416.8,5.3,61.9,5,0,100.0
Areca Palm,sandy,large,young,60.6,17.2,90.1,402.9,4.8,14.8,4,0,94.0
Fern,loamy,large,seedling,72.3,36.2,88.3625298651508,449.1,4.8,63.6,4,0,79.3
Monstera,sandy,small,young,74.3,34.7,88.8,436.9,5.2,32.7,5,0,95.7
Spider Plant,loamy,large,seedling,21.9,23.9,60.4,529.0,5.2,8.5,2,0,97.6
Peace Lily,clay,large,mature,48.5,24.7,90.3,508.3,5.2,39.5,3,1,95.7
Tulsi,loamy,small,seedling,59.2,34.5,78.1,573.5,5.5,11.9,4,0,90.8
Jade Plant,sandy,large,young,5.6,15.6,62.1,1006.4,8.8,40.3,1,1,88.3
Peace Lily,sandy,medium,mature,54.1,20.2,91.47204443493078,205.9,2.8,26.5,4,1,99.0
Areca Palm,sandy,medium,seedling,43.8,25.0,68.6,554.2,6.1,19.5,4,0,98.1
Money Plant,sandy,large,mature,45.5,21.2,79.9,532.3,4.4,71.6,2,0,95.5
Spider Plant,clay,small,young,19.5,32.7,67.5,348.4,6.6,52.8,2,1,85.0
Peace Lily,loamy,medium,seedling,55.2,25.4,84.8913585915403,522.3,4.3,10.7,5,0,100.0
Snake Plant,loamy,large,young,28.6,30.9,81.9,867.2,9.0,67.7,2,0,100.0
Areca Palm,loamy,large,mature,60.7,37.3,42.0,551.9,6.7,23.2,2,0,94.7
Tulsi,clay,large,mature,62.4,28.6,80.7,467.5,5.4,14.0,3,0,99.0
Snake Plant,clay,medium,seedling,53.4,31.1,43.0,586.2,5.8,4.2,1,0,87.9
Aloe Vera,sandy,medium,mature,13.2,24.1,59.6,1199.8,7.9,31.5,1,0,100.0
Areca Palm,loamy,large,mature,49.7,30.8,32.2,302.8,6.9,62.9,4,0,100.0
Tulsi,loamy,medium,seedling,35.6,28.1,67.5,464.3,4.6,7.2,3,1,100.0
Spider Plant,clay,medium,seedling,49.8,36.5,36.8,404.3,4.7,17.8,1,0,75.7
Aloe Vera,loamy,small,young,12.9,26.7,94.7,801.3,7.9,3.9,1,0,82.8
Areca Palm,loamy,small,mature,56.7,16.0,39.3,332.2,6.1,51.1,3,0,92.0
Money Plant,loamy,small,young,35.8,35.9,41.6,441.4,6.6,6.7,4,1,86.4
Money Plant,loamy,medium,young,45.6,25.1,53.4,370.3,4.0,45.7,4,0,97.8
Snake Plant,loamy,medium,mature,40.7,21.4,48.4,879.8,8.6,47.9,2,0,98.7
Snake Plant,sandy,large,seedling,18.8,36.9,56.7,541.9,5.9,61.7,1,1,67.6
Fern,clay,medium,young,60.6,22.6,64.16998916161084,298.6,3.8,25.0,4,0,98.7
Areca Palm,sandy,medium,seedling,55.9,29.3,51.1,539.4,5.5,20.8,4,0,86.3
Aloe Vera,clay,large,mature,24.3,28.4,84.6,993.5,8.4,67.2,1,0,83.2
Spider Plant,loamy,small,young,14.8,20.7,55.2,403.8,5.7,26.4,1,1,99.8
Jade Plant,clay,large,young,18.9,16.7,66.0,952.8,8.1,15.7,1,0,93.4
Tulsi,clay,small,young,68.1,32.6,42.6,500.7,5.9,45.0,4,0,99.9
Tulsi,sandy,small,young,41.6,24.6,31.2,344.6,4.2,50.4,3,0,100.0
Peace Lily,sandy,small,seedling,49.1,17.9,72.3,328.4,4.7,71.2,4,1,61.1
Fern,loamy,small,seedling,65.8,28.4,69.53643505666112,466.7,5.1,63.3,5,0,100.0
Aloe Vera,clay,medium,mature,22.7,30.3,89.2,1129.0,9.3,58.3,1,0,88.9
Fern,sandy,medium,mature,61.1,20.7,75.9,477.8,4.2,62.8,3,0,98.3
Fern,sandy,large,seedling,55.8,21.2,71.89706906519027,267.8,2.1,8.1,3,0,100.0
Money Plant,clay,medium,mature,54.5,20.1,92.0,540.6,5.3,42.5,4,0,100.0
Snake Plant,sandy,small,seedling,26.7,24.5,54.0,1176.5,8.4,5.4,1,0,100.0
Monstera,clay,medium,young,47.7,32.8,83.98976613091723,469.8,4.9,62.2,5,1,84.0
Tulsi,sandy,medium,young,64.6,29.3,82.7,507.1,5.8,23.1,3,0,95.7
Tulsi,clay,small,mature,35.7,18.4,42.1,410.8,6.2,69.7,3,1,83.5
Snake Plant,clay,medium,young,34.3,26.3,85.2,385.6,5.1,41.4,1,0,98.5
Money Plant,clay,small,mature,45.3,28.1,77.8,405.5,5.2,38.0,2,0,96.4
Jade Plant,clay,small,seedling,3.4,32.7,84.3,1195.9,10.0,64.3,1,1,64.8
Fern,clay,medium,young,46.9,17.2,83.4325443232376,544.4,4.3,67.1,3,1,73.6
Monstera,clay,large,young,72.5,17.7,77.2,276.9,3.0,2.6,5,0,87.2
Monstera,loamy,medium,seedling,66.2,30.5,79.100399073032,476.9,4.0,1.1,5,0,91.1
Peace Lily,clay,large,seedling,68.5,19.1,93.31553728168413,132.6,3.7,17.3,3,0,100.0
Snake Plant,sandy,medium,young,33.8,20.3,42.8,980.9,8.8,33.9,2,0,100.0
Money Plant,sandy,small,mature,51.2,15.4,85.3,426.1,6.9,40.6,4,0,88.6
Money Plant,sandy,large,young,44.5,30.2,65.0,500.1,6.3,20.0,2,0,100.0
Monstera,loamy,small,mature,48.8,16.7,85.75846012314973,205.7,2.5,60.3,3,1,77.5
Areca Palm,loamy,large,seedling,52.6,35.4,54.5,444.6,4.8,45.7,4,0,82.5
Snake Plant,sandy,large,seedling,34.6,21.8,63.6,1107.7,7.7,12.5,1,0,95.2
Snake Plant,loamy,large,young,37.1,25.8,58.3,713.0,7.2,67.2,2,0,100.0
Tulsi,sandy,medium,seedling,37.5,28.6,90.9,565.5,4.4,35.5,3,1,99.5
Tulsi,clay,medium,young,35.0,23.3,72.2,456.3,6.0,63.2,2,1,81.9
Snake Plant,clay,large,young,42.8,24.9,27.4,474.7,6.7,28.5,1,0,100.0
Areca Palm,loamy,large,young,63.3,19.1,79.9,399.4,4.9,49.5,4,0,100.0
Jade Plant,loamy,small,young,12.7,30.3,80.4,633.6,9.0,27.6,1,0,87.0
Aloe Vera,loamy,large,seedling,21.7,27.1,41.9,597.2,6.2,67.2,1,0,98.1
Snake Plant,clay,large,mature,52.2,31.2,58.2,867.1,7.7,32.6,2,0,100.0
Snake Plant,loamy,large,mature,30.6,33.1,40.1,1121.8,8.4,23.4,1,1,100.0
Peace Lily,loamy,small,mature,63.3,37.4,75.33796374538599,226.5,2.9,69.2,5,0,85.5
Jade Plant,clay,medium,seedling,7.4,26.4,65.0,903.1,8.7,56.3,1,1,83.8
Peace Lily,clay,large,mature,66.3,35.2,76.75417772969926,346.1,4.5,62.3,5,0,86.4
Money Plant,loamy,large,mature,37.0,17.8,80.2,545.1,4.5,48.1,3,1,76.0
Spider Plant,sandy,medium,seedling,24.5,22.4,47.6,1060.3,8.3,54.8,2,0,100.0
Spider Plant,clay,small,mature,44.7,31.0,71.9,379.6,4.0,67.7,1,0,100.0
Areca Palm,sandy,medium,seedling,58.2,30.2,58.9,592.8,4.9,49.8,4,0,94.6
Spider Plant,clay,large,mature,34.9,18.0,45.8,807.2,8.7,32.9,1,0,100.0
Tulsi,loamy,medium,seedling,70.6,19.1,40.2,370.5,6.3,16.7,2,0,99.3
Peace Lily,loamy,medium,mature,52.3,26.1,87.54556610232089,259.8,2.5,55.4,5,1,85.3
Areca Palm,clay,small,seedling,63.4,30.3,25.6,327.6,5.3,0.1,4,0,94.1
Snake Plant,loamy,large,mature,51.6,19.2,60.7,498.1,4.4,41.5,2,0,95.4
Monstera,clay,medium,mature,62.9,37.5,69.55322486616564,268.9,2.6,66.0,5,0,85.9
Snake Plant,sandy,medium,seedling,40.1,23.5,54.6,1041.2,7.9,15.7,1,0,98.5
Aloe Vera,clay,large,young,14.1,31.4,86.9,1041.6,7.8,27.3,1,0,82.1
Money Plant,clay,large,seedling,40.6,32.2,71.3,478.6,4.7,58.4,4,0,93.4
Monstera,loamy,medium,mature,50.1,30.6,90.8,491.7,4.4,43.7,4,1,100.0
Aloe Vera,sandy,large,young,17.3,19.0,92.3,778.9,7.6,16.1,1,0,88.7
Money Plant,loamy,medium,seedling,48.4,29.5,83.6,305.0,4.7,46.9,3,0,87.0
Tulsi,loamy,small,seedling,41.2,23.3,30.4,561.0,5.5,69.5,3,0,100.0
Money Plant,clay,large,seedling,48.7,17.1,76.9,506.3,6.6,34.3,2,0,81.3
Aloe Vera,loamy,medium,young,22.7,36.4,58.8,540.5,6.7,22.8,1,1,92.5
Spider Plant,clay,medium,young,25.4,31.0,48.4,595.7,6.4,49.9,1,0,100.0
Spider Plant,loamy,large,seedling,20.7,22.5,74.3,497.1,4.0,41.3,2,0,97.2
Snake Plant,sandy,small,young,44.8,26.7,38.7,319.3,4.1,31.3,2,0,100.0
Fern,clay,small,young,48.8,26.5,94.67890074371505,351.8,4.1,45.0,5,1,98.7
Jade Plant,clay,medium,seedling,31.9,25.9,71.7,960.0,7.3,11.2,1,0,86.9
Peace Lily,sandy,large,mature,45.4,22.4,66.8235762059761,345.4,5.1,10.6,4,1,100.0
Tulsi,loamy,small,seedling,66.0,23.2,35.1,331.2,5.8,52.3,4,0,96.9
Jade Plant,loamy,medium,young,19.8,26.1,36.0,1042.5,7.2,19.2,1,0,97.8
Peace Lily,clay,small,young,53.9,30.7,92.31554529645794,210.1,2.5,25.4,3,1,100.0
Fern,loamy,small,mature,56.9,26.0,86.25587072889998,401.5,5.0,8.0,4,0,95.1
Fern,sandy,small,seedling,78.9,27.9,77.02686448252891,293.2,4.0,18.3,4,0,99.4
Jade Plant,sandy,medium,mature,29.4,33.7,76.1,1098.0,7.5,56.6,1,1,68.0
Peace Lily,sandy,small,seedling,52.3,21.9,74.29483494976417,290.5,2.9,41.6,5,1,100.0
Tulsi,loamy,medium,seedling,37.2,26.5,68.1,445.5,4.5,14.9,2,1,100.0
Areca Palm,sandy,medium,young,39.6,16.2,92.5,572.5,4.0,0.3,3,1,89.7
Spider Plant,sandy,large,young,30.0,34.9,69.9,584.8,5.3,35.1,1,1,97.4
Spider Plant,clay,small,mature,25.7,27.3,76.9,655.9,7.0,54.1,1,0,99.8
Aloe Vera,clay,medium,young,20.2,19.7,55.9,870.2,7.4,21.6,1,0,100.0
Peace Lily,loamy,medium,young,67.7,17.7,68.86078565248579,291.6,3.0,52.0,5,0,94.3
Snake Plant,clay,small,mature,23.4,22.4,48.7,371.1,6.4,46.1,2,0,95.8
Aloe Vera,loamy,medium,mature,29.8,25.5,50.8,557.2,6.3,44.7,1,0,100.0
Jade Plant,loamy,medium,young,22.4,23.6,66.5,732.6,9.4,52.6,1,0,100.0
Money Plant,loamy,small,seedling,45.1,22.4,25.9,369.0,4.3,23.2,4,0,98.6
Money Plant,clay,large,mature,46.0,16.5,40.7,337.7,4.9,47.4,2,0,93.7
Snake Plant,sandy,small,mature,45.7,20.4,90.6,360.7,5.7,63.2,2,0,96.9
Peace Lily,loamy,medium,young,71.2,36.5,82.5,346.9,6.0,13.4,3,0,92.0
Jade Plant,clay,small,mature,21.6,26.3,59.2,902.5,8.5,61.9,1,0,96.5
Areca Palm,sandy,medium,young,49.8,20.7,66.2,543.9,5.7,52.2,2,0,100.0
Spider Plant,clay,small,mature,32.9,26.5,64.9,1185.6,8.6,56.9,2,0,100.0
Monstera,clay,medium,mature,66.9,16.1,93.08040854590317,518.8,5.6,69.9,3,0,92.4
Snake Plant,sandy,medium,mature,52.1,20.3,37.7,434.6,5.8,11.4,2,0,97.9
Aloe Vera,sandy,medium,mature,13.1,22.0,30.5,640.6,8.0,31.8,1,0,97.0
Fern,loamy,medium,seedling,65.5,21.4,90.77447213724898,554.2,5.1,33.1,5,0,95.3
Fern,loamy,large,young,55.5,15.2,84.17389053308749,409.4,5.2,53.4,3,0,88.4
Areca Palm,sandy,medium,mature,48.0,20.0,68.3,592.1,6.2,25.1,3,0,100.0
Money Plant,clay,large,young,39.2,25.3,29.5,464.3,5.0,39.8,2,1,100.0
Tulsi,clay,large,young,66.3,20.2,64.8,593.6,4.3,52.2,2,0,96.7
Snake Plant,sandy,medium,seedling,47.6,26.0,25.2,548.7,6.8,38.1,1,0,100.0
Money Plant,clay,large,young,72.5,30.7,60.1,528.9,6.3,66.9,3,0,99.2
Tulsi,sandy,large,young,32.8,24.8,71.7,411.4,5.4,67.3,3,1,85.6
Areca Palm,sandy,large,young,45.8,21.7,81.8,500.7,6.3,31.8,4,0,100.0
Tulsi,clay,small,young,66.7,15.9,48.0,484.5,5.6,36.2,4,0,85.6
Fern,clay,medium,mature,64.3,25.3,86.46251460606315,488.8,5.1,3.3,4,0,95.2
Monstera,sandy,small,young,60.3,17.0,80.2948756036485,175.8,2.5,37.7,4,0,86.2
Snake Plant,sandy,medium,mature,31.0,23.4,51.8,610.0,7.2,19.8,1,0,100.0
Peace Lily,sandy,small,seedling,63.0,35.0,93.21370808351972,341.3,4.2,45.1,3,0,85.2
Jade Plant,loamy,large,seedling,22.0,36.3,51.9,745.2,7.2,31.5,1,1,78.5
Fern,sandy,large,seedling,65.9,33.1,70.25084493349007,132.9,2.6,26.1,4,0,92.7
Snake Plant,clay,small,mature,16.9,31.8,41.5,1000.7,8.4,18.8,2,1,100.0
Jade Plant,loamy,large,young,22.5,24.2,42.3,1037.8,9.1,18.7,1,0,97.1
Fern,sandy,medium,mature,62.5,37.4,88.2,226.4,3.7,60.6,5,0,86.0
Money Plant,loamy,large,young,56.2,17.5,55.6,363.2,6.8,35.8,4,0,85.1
Jade Plant,loamy,small,young,31.3,37.3,92.1,568.0,6.4,16.5,1,1,76.3
Monstera,clay,large,seedling,58.9,30.6,73.33577654386596,285.5,3.3,27.7,3,0,86.5
Areca Palm,sandy,small,seedling,36.8,34.9,40.3,450.2,5.2,28.4,3,1,92.7
Tulsi,loamy,medium,young,72.5,33.2,69.7,311.1,4.8,4.3,3,0,100.0
Fern,loamy,medium,seedling,50.6,25.7,87.09022844106894,184.9,2.4,64.4,4,1,81.7
Snake Plant,clay,medium,young,16.1,17.0,54.2,331.4,5.3,13.3,2,1,87.6
Peace Lily,loamy,large,mature,80.4,32.0,85.84891454027908,297.2,3.1,18.5,4,0,100.0
Jade Plant,sandy,small,mature,11.8,33.8,64.0,1097.1,8.0,9.7,1,1,100.0
Fern,sandy,medium,seedling,74.4,28.7,91.46340061781312,501.0,5.3,0.2,4,0,100.0
Monstera,loamy,large,seedling,75.0,22.2,60.11906845783081,238.8,2.7,13.7,4,0,96.9
Tulsi,clay,medium,young,40.3,23.9,64.0,549.3,6.2,15.0,3,0,97.6
Snake Plant,loamy,medium,young,39.4,16.7,25.6,1122.4,8.6,45.2,2,0,92.7
Areca Palm,clay,small,young,59.2,24.2,62.9,494.2,6.7,37.8,4,0,96.7
Money Plant,clay,small,young,41.6,16.7,52.4,355.3,6.1,44.5,2,0,89.9
Snake Plant,loamy,small,seedling,23.0,24.4,36.1,675.2,8.4,32.2,1,0,100.0
Areca Palm,clay,medium,mature,53.7,22.7,60.5,553.4,5.7,54.9,2,0,100.0
Areca Palm,loamy,large,young,40.5,32.3,65.8,482.1,4.9,14.0,4,0,95.7
Spider Plant,clay,medium,mature,47.9,35.4,36.0,378.2,6.0,58.7,2,0,94.6
Money Plant,loamy,medium,seedling,51.9,24.3,54.6,356.0,4.6,13.8,4,0,99.0
Aloe Vera,sandy,medium,young,11.2,28.7,48.9,932.7,9.7,38.4,1,0,96.9
Snake Plant,loamy,medium,mature,32.5,36.7,76.0,383.9,6.0,58.9,1,1,71.6
Spider Plant,sandy,large,seedling,22.4,35.0,86.0,643.2,8.8,25.5,2,1,92.7
Aloe Vera,loamy,medium,mature,10.3,35.9,50.2,1116.2,9.2,41.7,1,1,85.8
Spider Plant,clay,small,mature,41.2,24.7,37.8,419.2,4.3,68.4,2,0,99.1
Tulsi,sandy,medium,young,35.4,27.7,67.4,534.5,4.3,71.5,3,1,81.5
Spider Plant,loamy,small,seedling,18.6,22.8,91.9,309.9,6.6,23.3,1,1,99.8
Jade Plant,loamy,medium,mature,19.9,15.4,34.5,622.3,8.1,71.9,1,0,89.8
Peace Lily,sandy,medium,mature,44.0,24.1,90.3,528.8,4.2,40.1,5,1,100.0
Tulsi,sandy,medium,seedling,74.0,25.2,40.8,592.1,5.6,6.0,2,0,97.8
Aloe Vera,loamy,small,seedling,30.0,29.2,67.2,315.6,6.1,60.9,1,0,92.4
Spider Plant,sandy,medium,seedling,52.6,26.1,69.3,454.1,6.5,23.5,2,0,100.0
Jade Plant,loamy,large,mature,6.6,34.4,68.1,368.5,6.7,8.4,1,1,98.3
Tulsi,sandy,large,seedling,61.7,19.0,65.2,398.4,6.9,2.7,2,0,98.0
Aloe Vera,loamy,large,young,12.6,26.3,86.8,903.5,8.6,28.9,1,0,83.1
Jade Plant,clay,medium,mature,21.8,16.2,58.3,704.2,9.3,70.7,1,0,92.5
Aloe Vera,clay,medium,mature,29.5,34.2,42.0,983.1,7.4,26.3,1,1,95.2
Peace Lily,loamy,small,mature,79.7,26.3,86.16869584669978,485.1,5.9,3.9,4,0,96.9
Areca Palm,sandy,small,mature,64.4,35.2,80.6,300.7,6.1,13.9,4,0,87.4
Peace Lily,loamy,medium,mature,46.2,24.7,74.19969134840964,223.6,2.4,14.4,4,1,100.0
Aloe Vera,clay,small,seedling,32.8,34.5,55.4,829.9,9.2,49.4,1,1,72.1
Spider Plant,loamy,medium,seedling,52.3,32.5,52.9,328.3,4.6,3.8,1,0,90.5
Tulsi,sandy,small,seedling,49.9,16.5,31.0,388.5,6.4,33.5,4,0,82.4
Money Plant,clay,small,mature,36.1,30.3,65.1,512.9,5.8,0.4,2,1,100.0
Peace Lily,clay,medium,seedling,60.8,29.7,72.76805565456695,194.4,3.5,31.1,3,0,88.6
Monstera,sandy,small,mature,52.1,36.7,87.41840117796016,298.8,3.5,3.9,5,1,89.1
Spider Plant,sandy,small,young,25.3,28.4,92.7,386.3,6.2,47.8,2,0,100.0
Peace Lily,clay,small,young,71.7,22.8,81.84156974814,550.8,4.5,50.0,5,0,100.0
Peace Lily,sandy,medium,seedling,77.1,22.3,84.60992363731589,457.2,5.4,58.1,5,0,96.2
Fern,sandy,small,young,82.3,37.3,62.33419510746031,152.6,2.6,11.3,3,0,92.0
Fern,clay,medium,young,47.0,37.2,92.73315103453541,284.6,3.8,33.8,5,1,93.4
Monstera,sandy,large,seedling,54.3,30.7,82.91289222890636,442.7,4.2,58.6,4,1,71.9
Money Plant,sandy,large,seedling,68.4,36.5,53.2,331.3,4.1,46.8,3,0,75.4
Snake Plant,loamy,small,young,17.6,19.9,40.5,308.9,6.3,17.6,1,1,98.2
Jade Plant,clay,medium,young,20.1,21.0,27.1,1111.3,8.7,67.0,1,0,100.0
Monstera,sandy,medium,mature,61.0,16.3,89.81301449374689,184.2,2.3,20.2,3,0,87.7
Tulsi,clay,large,mature,39.2,37.7,29.9,387.5,5.0,28.5,3,1,89.4
Monstera,loamy,small,seedling,66.8,20.3,84.0,115.8,2.3,66.3,4,0,97.6
Money Plant,sandy,large,mature,60.1,33.6,31.8,383.7,4.4,49.6,4,0,98.9
Tulsi,sandy,medium,young,60.8,24.8,47.7,429.9,4.3,62.4,2,0,100.0
Peace Lily,sandy,medium,seedling,51.5,32.9,84.18606103105687,296.1,2.9,66.8,3,1,71.0
Aloe Vera,loamy,large,young,28.7,29.7,77.0,1054.1,8.5,0.9,1,0,85.0
Jade Plant,loamy,small,mature,28.4,26.1,55.0,871.7,9.0,27.1,1,0,96.1
Fern,sandy,small,young,68.8,17.4,82.35540132911369,267.6,4.0,17.3,4,0,87.7
Aloe Vera,clay,large,mature,16.8,34.7,57.8,620.7,8.4,47.9,1,1,100.0
Peace Lily,sandy,medium,seedling,71.9,16.8,81.6,538.5,5.9,15.4,4,0,75.2
Snake Plant,loamy,medium,mature,30.9,24.2,65.1,815.1,7.7,40.7,1,0,98.3
Peace Lily,sandy,large,young,62.9,26.1,69.3415450725104,417.2,4.9,36.4,5,0,99.0
Aloe Vera,loamy,large,mature,5.6,29.6,37.0,656.9,9.8,43.0,1,1,100.0
Money Plant,loamy,large,mature,70.4,36.2,69.5,446.4,4.5,46.5,3,0,93.9
Money Plant,loamy,large,mature,52.3,32.1,28.8,336.8,4.3,69.1,2,0,100.0
Areca Palm,loamy,medium,mature,65.5,18.2,63.8,586.7,4.6,13.3,2,0,98.9
Areca Palm,sandy,medium,seedling,42.9,34.0,74.6,567.6,6.8,8.9,3,1,86.7
Areca Palm,loamy,small,young,41.1,17.1,44.5,356.6,6.1,14.5,4,0,91.5
Aloe Vera,loamy,medium,young,23.1,19.1,79.9,690.6,7.2,43.9,1,0,81.9
Areca Palm,loamy,small,young,54.7,21.0,50.9,484.9,5.9,10.3,2,0,95.5
Peace Lily,loamy,small,mature,52.5,37.1,88.23572893995272,253.2,2.0,26.2,5,1,91.9
Fern,clay,medium,mature,52.7,33.4,83.49920710496299,142.2,2.7,42.1,4,1,99.5
Aloe Vera,loamy,large,mature,28.3,17.3,92.3,474.9,6.3,6.1,1,0,73.2
Snake Plant,loamy,large,seedling,17.1,20.5,39.5,411.9,5.6,55.1,2,1,80.4
Monstera,clay,large,young,76.1,37.0,85.60950398959211,142.2,2.4,59.2,5,0,86.3
Aloe Vera,sandy,small,mature,24.5,26.1,42.4,1116.1,9.5,34.2,1,0,100.0
Jade Plant,clay,small,mature,17.9,34.1,32.3,1185.0,9.9,40.5,1,1,99.4
Fern,sandy,medium,mature,82.5,18.9,88.55152206958364,355.7,5.0,27.1,4,0,95.5
Money Plant,loamy,large,seedling,59.1,25.3,51.1,552.7,6.8,21.7,2,0,100.0
Fern,loamy,small,mature,55.6,15.1,75.31848464963136,369.4,5.0,8.9,5,0,87.2
Aloe Vera,clay,small,mature,10.0,20.8,43.7,787.9,9.4,2.2,1,1,100.0
Money Plant,sandy,medium,seedling,71.3,36.1,47.5,361.3,4.4,19.0,4,0,82.2
Snake Plant,loamy,small,mature,37.6,27.8,37.5,396.6,6.6,58.0,1,0,96.4
Fern,clay,medium,young,51.5,28.6,78.04058221743605,365.8,4.9,5.1,4,1,98.7
Monstera,sandy,medium,seedling,72.4,20.0,74.38379086228643,448.0,4.7,46.4,4,0,100.0
Spider Plant,sandy,small,seedling,11.4,17.3,80.2,1199.3,7.5,71.2,2,1,65.9
Peace Lily,loamy,small,seedling,71.4,28.7,68.94717748449192,197.5,2.2,44.8,3,0,100.0
Money Plant,sandy,medium,mature,46.7,29.5,39.8,563.7,5.7,64.5,4,0,97.9
Peace Lily,loamy,small,seedling,58.8,26.0,81.5,338.1,4.8,31.1,4,0,97.7
Areca Palm,sandy,small,young,33.7,35.2,89.5,550.3,6.8,41.4,3,1,91.1
Peace Lily,loamy,small,young,66.1,33.6,90.8,596.0,5.3,65.3,3,0,100.0
Money Plant,loamy,medium,young,58.1,27.6,71.3,592.6,4.9,23.1,2,0,100.0
Fern,sandy,large,mature,77.8,32.3,90.08946897853635,524.2,5.8,20.0,5,0,99.4
Areca Palm,loamy,large,mature,61.4,27.4,30.6,355.6,4.9,69.8,3,0,97.6
Peace Lily,sandy,medium,mature,73.0,30.3,60.33669166072591,314.6,5.1,52.5,4,0,100.0
Peace Lily,loamy,large,mature,83.4,30.6,67.84268692843047,225.5,3.0,21.8,3,0,95.3
Fern,sandy,medium,mature,78.7,26.0,93.37015848732565,203.8,3.4,0.4,4,0,95.5
Money Plant,clay,small,seedling,66.9,21.7,53.9,415.5,5.9,57.0,3,0,98.0
Fern,clay,medium,seedling,83.8,23.3,80.33367310595068,156.4,2.6,30.6,5,0,98.2
Spider Plant,sandy,small,seedling,38.0,27.2,73.8,452.1,4.4,12.3,1,0,100.0
Spider Plant,clay,small,mature,41.2,30.1,29.2,480.5,6.8,22.2,2,0,96.1
Money Plant,clay,small,young,60.4,20.9,69.2,445.3,6.8,55.2,3,0,100.0
Spider Plant,sandy,small,mature,21.2,15.9,92.4,673.0,7.5,33.0,1,0,89.7
Tulsi,clay,medium,young,71.0,17.3,60.7,425.8,5.1,26.3,3,0,94.5
Fern,loamy,small,young,71.2,30.7,66.48271223751527,320.2,5.6,6.3,3,0,100.0
Aloe Vera,clay,large,seedling,24.4,21.3,77.2,1160.1,9.1,42.9,1,0,87.1
Jade Plant,clay,large,mature,24.8,22.5,65.2,1100.7,7.1,69.9,1,0,100.0
Jade Plant,clay,small,seedling,12.9,28.2,46.7,926.6,9.0,64.6,1,0,97.3
Jade Plant,sandy,large,mature,24.9,21.7,76.9,611.0,8.0,68.9,1,0,87.5
Areca Palm,clay,large,mature,66.2,30.5,58.4,361.7,5.4,38.2,4,0,98.2
Monstera,sandy,medium,seedling,60.8,27.9,84.9,433.9,4.2,31.8,4,0,100.0
Spider Plant,clay,large,young,18.0,32.3,73.4,1136.5,7.0,11.8,1,1,100.0
Tulsi,clay,large,mature,52.9,29.9,39.7,578.5,5.5,1.1,4,0,100.0
Spider Plant,clay,medium,mature,46.9,17.7,69.0,727.5,7.7,64.2,2,0,90.9
Spider Plant,clay,small,mature,32.1,22.0,44.4,1196.6,8.6,19.6,2,0,98.6
Areca Palm,clay,small,seedling,64.3,37.3,94.7,410.6,4.3,20.3,4,0,81.2
Money Plant,loamy,large,mature,51.5,29.3,62.7,416.8,4.4,45.4,3,0,99.9
Monstera,loamy,large,young,71.4,23.2,76.56897860514499,581.9,5.8,48.5,5,0,97.1
Peace Lily,loamy,medium,seedling,55.9,15.1,91.44739692621786,534.1,5.8,49.4,5,0,76.6
Areca Palm,sandy,large,mature,51.6,31.3,79.2,452.3,5.0,40.1,4,0,95.6
Fern,loamy,medium,seedling,59.9,31.9,70.2,184.7,3.6,43.9,4,0,85.3
Tulsi,clay,medium,mature,41.3,35.1,43.5,541.2,6.9,20.6,4,1,91.9
Money Plant,sandy,medium,mature,49.8,34.1,81.1,561.2,5.4,33.6,2,0,100.0
Tulsi,clay,medium,seedling,73.3,24.7,45.2,357.9,4.3,49.0,4,0,100.0
Money Plant,loamy,medium,seedling,34.2,22.9,37.3,404.6,5.8,44.1,3,1,100.0
Areca Palm,loamy,large,seedling,34.4,19.8,58.5,364.7,4.2,61.2,4,1,83.1
Jade Plant,sandy,small,seedling,6.4,36.8,58.6,859.3,9.3,62.0,1,1,61.8
Monstera,loamy,medium,seedling,59.7,27.7,82.35479662072686,484.0,5.6,8.5,5,0,100.0
Jade Plant,clay,medium,young,6.9,15.9,29.8,438.6,6.6,43.2,1,1,85.9
Spider Plant,clay,large,young,19.2,17.2,30.7,937.7,8.1,65.2,1,1,79.8
Peace Lily,loamy,medium,young,53.1,30.6,80.08853788048476,548.1,5.7,40.1,3,1,97.1
Areca Palm,clay,large,mature,40.1,35.4,45.1,372.7,4.9,51.8,4,1,72.4
Fern,loamy,medium,seedling,81.4,31.9,90.59700433685893,127.3,3.9,57.1,3,0,95.0
Jade Plant,sandy,small,young,27.4,18.6,28.3,694.8,7.4,31.9,1,0,100.0
Monstera,loamy,large,young,52.6,30.5,74.2,515.6,5.8,54.9,4,1,84.9
Aloe Vera,loamy,large,mature,29.3,27.1,83.2,351.4,6.3,37.9,1,0,84.4
Tulsi,loamy,medium,young,48.7,20.9,80.2,388.4,4.3,31.9,4,0,100.0
Tulsi,loamy,medium,mature,40.6,37.0,51.7,523.1,4.8,35.0,4,1,85.7
Fern,sandy,small,seedling,69.3,21.6,76.1067283764375,113.8,2.4,42.9,3,0,100.0
Aloe Vera,loamy,small,young,16.4,16.3,89.8,1153.9,7.8,21.0,1,0,74.0
Peace Lily,clay,small,seedling,79.8,28.4,62.781101137863594,515.8,5.5,36.8,5,0,98.7
Areca Palm,sandy,small,seedling,61.0,26.0,73.6,499.2,4.2,33.2,4,0,100.0
Snake Plant,clay,medium,young,52.9,36.9,81.1,331.1,4.9,67.2,1,0,95.0
Areca Palm,sandy,medium,seedling,62.7,20.4,66.7,552.4,4.1,63.0,4,0,96.0
Monstera,loamy,small,young,81.0,18.6,89.84941121587316,347.8,5.7,52.3,5,0,100.0
Money Plant,sandy,medium,seedling,45.5,19.8,51.7,578.0,5.8,3.8,4,0,100.0
Peace Lily,sandy,medium,seedling,78.2,22.9,75.5,513.4,5.3,2.2,4,0,100.0
Monstera,clay,small,seedling,79.5,35.6,77.2,483.4,5.8,65.6,5,0,84.6
Spider Plant,sandy,small,young,43.7,24.3,79.6,1188.7,8.0,35.6,2,0,99.8
Spider Plant,clay,small,young,50.6,20.9,60.2,441.7,4.7,0.6,2,0,97.7
Tulsi,clay,medium,young,68.4,32.4,52.1,450.1,6.2,54.5,4,0,100.0
Areca Palm,clay,medium,seedling,64.9,32.0,36.2,390.0,6.4,40.2,2,0,92.9
Spider Plant,sandy,medium,mature,32.0,15.5,30.3,447.0,5.8,40.1,2,0,89.0
Fern,clay,medium,seedling,46.6,21.0,91.71479254531933,127.5,3.1,70.1,4,1,82.6
Tulsi,loamy,medium,young,55.4,33.2,26.3,313.1,5.0,23.6,4,0,96.2
Areca Palm,loamy,large,mature,39.2,24.5,79.0,485.2,4.8,71.6,4,1,80.4
Tulsi,clay,small,young,38.5,31.7,71.6,578.1,6.6,32.1,2,1,98.8
Fern,sandy,medium,mature,44.5,15.2,67.69871056011134,194.5,3.4,48.4,4,1,72.3
Areca Palm,clay,medium,mature,45.0,17.4,28.3,396.7,6.4,2.1,3,0,89.9
Money Plant,sandy,large,young,61.5,23.0,92.3,301.6,6.6,32.3,4,0,99.7
Monstera,sandy,large,young,62.3,37.4,81.8796220047496,444.7,5.7,3.3,5,0,89.3
Tulsi,loamy,small,mature,41.0,31.7,80.9,559.2,4.9,18.6,2,0,95.1
Jade Plant,sandy,small,young,26.1,18.6,91.6,920.8,8.5,14.1,1,0,89.5
Areca Palm,clay,large,seedling,38.1,35.6,72.5,403.6,6.3,42.0,4,1,77.7
Monstera,loamy,medium,mature,72.0,35.2,94.6137049803122,327.2,4.2,48.3,5,0,86.7
Spider Plant,sandy,small,mature,11.3,20.0,31.7,447.3,4.7,47.4,1,1,100.0
Spider Plant,loamy,small,mature,39.7,16.1,70.8,570.5,4.3,66.7,2,0,91.2
Jade Plant,sandy,medium,seedling,22.3,24.0,87.9,848.0,7.7,70.7,1,0,84.1
Peace Lily,loamy,medium,mature,46.5,19.4,84.9,454.0,5.4,13.5,4,1,96.4
Money Plant,loamy,small,seedling,35.2,22.5,44.3,574.1,7.0,27.9,4,1,97.7
Jade Plant,clay,large,young,32.0,33.8,82.6,898.8,9.4,7.0,1,1,88.4
Aloe Vera,loamy,medium,seedling,23.1,32.4,93.8,793.6,7.7,21.1,1,0,72.9
Aloe Vera,loamy,large,seedling,12.4,37.0,78.0,510.5,6.2,22.5,1,1,66.5
Spider Plant,sandy,large,mature,36.5,29.0,84.7,469.6,5.9,61.1,1,0,97.4
Peace Lily,loamy,small,young,83.1,21.5,89.06196615213459,210.9,3.3,17.5,5,0,97.6
Money Plant,sandy,medium,mature,67.9,27.2,26.7,334.1,4.8,13.5,3,0,100.0
Money Plant,clay,large,seedling,59.1,35.6,33.3,398.5,6.7,34.7,3,0,84.0
Fern,sandy,large,young,59.6,19.1,65.76134955546314,100.5,3.3,11.8,5,0,98.1
Tulsi,sandy,medium,mature,36.1,18.2,62.5,335.1,6.7,23.7,3,1,97.5
Snake Plant,sandy,medium,mature,53.1,26.7,72.1,408.4,4.1,15.0,2,0,100.0
Snake Plant,loamy,large,young,42.9,17.0,26.7,306.6,4.5,51.3,2,0,93.2
Areca Palm,clay,large,seedling,48.5,37.5,76.4,481.1,5.3,60.3,3,0,77.2
Tulsi,clay,medium,mature,49.3,29.4,79.9,475.2,6.7,32.3,4,0,100.0
Jade Plant,sandy,small,mature,4.0,36.5,72.2,314.5,6.8,70.5,1,1,58.7
Aloe Vera,clay,small,young,27.8,16.9,46.1,443.2,6.5,43.9,1,0,88.0
Snake Plant,sandy,large,young,36.9,27.3,82.0,386.1,5.9,13.7,2,0,98.0
Spider Plant,clay,large,mature,49.7,19.5,71.0,957.7,7.5,57.0,2,0,98.7
Spider Plant,loamy,small,young,26.8,15.7,63.0,828.9,8.6,16.8,1,0,91.5
Snake Plant,loamy,medium,mature,31.3,27.7,58.5,502.1,5.2,3.3,1,0,97.0
Monstera,sandy,small,seedling,65.1,33.7,73.4,301.2,4.3,10.5,3,0,85.3
Tulsi,clay,small,young,43.7,15.1,79.5,578.7,6.8,30.9,4,0,88.0
Money Plant,clay,large,seedling,51.9,23.9,76.7,481.8,6.2,68.6,3,0,97.0
Fern,sandy,medium,seedling,65.2,37.3,87.11202832613242,344.2,5.9,13.7,5,0,83.5
Jade Plant,clay,small,seedling,19.6,29.0,94.5,900.0,7.2,45.4,1,0,84.7
Snake Plant,loamy,large,young,33.8,18.2,25.2,842.3,8.2,38.0,2,0,100.0
Tulsi,loamy,large,mature,70.4,16.6,54.7,413.5,4.0,63.7,3,0,89.0
Fern,loamy,large,seedling,66.6,35.1,85.44192567687897,134.4,2.7,48.4,4,0,78.8
Fern,sandy,medium,mature,64.6,32.9,82.09535960102059,222.2,2.4,56.6,3,0,100.0
Areca Palm,sandy,small,seedling,37.6,15.9,29.4,485.3,6.2,65.8,4,1,63.5
Monstera,clay,large,young,77.1,27.7,91.40833316780991,357.7,4.1,30.0,4,0,100.0
Fern,clay,large,young,59.3,36.1,69.4,299.2,2.3,49.5,3,0,89.2
Spider Plant,loamy,large,young,38.8,21.8,47.4,782.2,7.2,46.1,2,0,100.0
Fern,sandy,large,seedling,83.5,25.2,84.71135521135353,431.6,5.4,9.1,4,0,100.0
Fern,loamy,medium,seedling,56.1,21.6,87.7,329.5,5.8,45.5,4,0,99.4
Snake Plant,clay,small,seedling,29.8,34.3,71.8,478.3,5.4,19.8,1,1,92.2
Aloe Vera,sandy,small,young,6.2,37.4,36.1,811.1,9.2,62.2,1,1,74.8
Spider Plant,sandy,small,mature,45.6,22.1,26.0,840.6,7.6,64.6,2,0,100.0
Peace Lily,clay,medium,young,48.8,24.3,84.42899247260588,395.0,4.0,30.8,5,1,100.0
Peace Lily,clay,large,young,76.4,18.4,75.90460070303325,471.8,4.4,3.9,4,0,99.6
Tulsi,loamy,medium,young,61.3,29.2,28.1,532.1,4.9,7.5,2,0,100.0
Areca Palm,loamy,small,mature,40.1,24.4,62.6,541.0,5.8,60.1,2,0,100.0
Jade Plant,loamy,medium,seedling,11.9,18.6,70.3,1043.8,8.6,13.4,1,0,74.1
Spider Plant,sandy,small,seedling,22.6,23.3,51.1,393.6,6.8,35.3,1,0,100.0
Monstera,loamy,small,young,56.1,18.4,73.95760443881834,115.4,2.2,59.2,5,0,99.1
Monstera,clay,large,seedling,55.4,28.5,79.82982815614051,301.9,5.4,43.0,3,0,99.3
Peace Lily,loamy,large,young,79.9,22.1,91.0,277.0,2.4,62.6,3,0,100.0
Tulsi,loamy,large,young,59.2,31.7,85.4,301.3,6.4,46.6,2,0,96.8
Tulsi,clay,large,mature,69.9,27.6,60.5,359.3,6.8,35.9,4,0,100.0
Tulsi,sandy,medium,young,47.6,23.6,79.2,434.2,4.1,45.2,2,0,100.0
Spider Plant,sandy,small,young,22.5,17.1,71.8,585.1,5.8,29.3,1,0,86.8
Areca Palm,clay,medium,seedling,46.3,22.1,65.3,342.0,5.2,31.0,4,0,100.0
Peace Lily,sandy,medium,seedling,69.1,21.5,87.2,304.5,6.0,36.6,4,0,100.0
Peace Lily,sandy,large,mature,55.3,27.4,91.50916199857664,163.3,4.0,67.1,5,0,96.9
Monstera,loamy,small,mature,82.5,22.9,85.82143356993127,349.4,5.4,16.4,5,0,100.0
Snake Plant,clay,medium,mature,23.3,20.3,88.7,897.0,7.0,50.8,1,0,97.9
Monstera,sandy,small,mature,54.1,37.4,75.97922178645062,283.8,3.7,35.9,5,1,91.4
Monstera,loamy,small,young,81.5,37.9,87.9,418.0,4.5,19.7,3,0,91.2
Tulsi,loamy,large,seedling,55.2,30.2,45.7,488.3,5.2,57.0,2,0,93.7
Money Plant,sandy,large,mature,73.3,25.2,45.4,473.7,5.5,17.8,4,0,98.8
Monstera,sandy,small,seedling,59.6,26.6,76.44418346834459,590.3,5.1,62.4,5,0,96.8
Fern,loamy,small,seedling,64.3,22.9,63.10078164680394,548.7,5.1,53.5,5,0,97.3
Peace Lily,clay,medium,seedling,52.9,30.0,94.6,243.3,3.1,33.7,3,1,85.3
Money Plant,clay,large,seedling,57.0,16.6,76.4,371.6,5.9,67.2,4,0,80.4
Monstera,clay,large,seedling,71.3,32.1,65.46163788666314,227.4,2.7,57.2,3,0,86.8
Monstera,loamy,small,seedling,56.8,37.4,86.88585361355923,451.6,5.9,15.7,4,0,79.6
Areca Palm,sandy,medium,seedling,32.6,23.5,27.0,516.5,6.8,46.0,3,1,100.0
Spider Plant,loamy,small,seedling,24.6,25.2,37.6,400.4,4.7,11.0,1,0,100.0
Areca Palm,loamy,large,seedling,52.4,20.9,59.4,522.7,7.0,46.1,4,0,99.4
Fern,clay,medium,mature,70.2,22.6,80.61210384041104,266.9,3.7,28.0,5,0,100.0
Fern,clay,medium,young,76.3,21.2,85.6,574.3,5.9,32.6,5,0,100.0
Jade Plant,sandy,large,seedling,21.6,24.2,35.3,541.0,6.4,25.3,1,0,98.2
Jade Plant,clay,small,young,26.5,36.4,56.2,1196.3,9.3,69.0,1,1,73.6
Peace Lily,loamy,small,seedling,70.0,37.1,92.9273178956822,258.6,2.9,15.3,5,0,78.0
Areca Palm,clay,medium,seedling,38.5,29.2,54.6,489.1,5.1,10.3,3,1,93.0
Money Plant,sandy,small,young,56.1,27.2,46.5,544.9,5.1,37.6,4,0,100.0
Areca Palm,sandy,small,young,43.8,17.8,33.8,316.0,6.7,46.8,4,0,89.2
Snake Plant,loamy,large,seedling,32.7,22.6,40.1,724.9,8.9,52.6,2,0,99.7
Jade Plant,loamy,small,mature,12.8,35.0,91.9,830.9,9.4,13.5,1,1,84.0
Fern,loamy,large,young,73.3,22.3,65.72315483087063,258.6,3.0,38.8,4,0,96.3
Money Plant,clay,medium,young,46.8,28.9,76.3,496.2,4.9,19.3,4,0,100.0
Snake Plant,loamy,large,mature,53.2,23.6,43.9,378.8,4.9,14.6,2,0,97.8
Jade Plant,loamy,small,young,27.4,25.3,71.5,1154.1,7.8,47.9,1,0,84.1
Peace Lily,sandy,large,young,80.7,16.4,72.23511478382024,335.6,4.6,2.2,3,0,86.9
Fern,clay,medium,seedling,66.1,37.9,69.72380421313274,424.3,5.0,68.5,4,0,75.8
Spider Plant,clay,large,young,53.3,30.8,80.7,381.1,4.3,19.6,2,0,95.0
Snake Plant,sandy,small,young,26.0,30.0,49.0,425.8,6.3,46.3,2,0,100.0
Spider Plant,clay,large,young,37.2,35.3,75.8,390.3,6.4,55.0,2,1,73.4
Spider Plant,loamy,medium,mature,43.0,15.5,77.7,483.6,5.2,21.4,1,0,93.7
Tulsi,sandy,medium,mature,49.9,26.2,26.6,585.2,6.5,24.1,2,0,100.0
Areca Palm,sandy,small,young,42.3,19.7,86.3,585.3,5.8,51.1,4,0,95.7
Spider Plant,sandy,large,seedling,40.5,16.4,65.3,316.9,5.8,8.0,1,0,83.4
Spider Plant,clay,small,young,48.2,28.9,40.4,472.9,4.3,19.4,2,0,96.2
Jade Plant,loamy,large,young,9.9,25.2,55.2,1187.3,8.4,29.7,1,1,95.3
Jade Plant,clay,large,seedling,16.6,27.6,44.0,344.6,6.3,43.6,1,0,100.0
Aloe Vera,sandy,large,mature,12.0,32.3,62.9,1109.7,7.9,38.8,1,0,100.0
Tulsi,clay,small,young,55.8,23.0,53.2,429.2,5.6,12.7,3,0,100.0
Fern,sandy,large,seedling,42.9,15.3,79.6,377.2,5.6,58.6,5,1,65.9
Peace Lily,sandy,small,seedling,48.2,34.6,90.02633840068103,326.4,4.9,60.1,4,1,73.8
Fern,sandy,medium,seedling,48.8,27.3,88.4,287.6,3.6,46.3,4,1,100.0
Snake Plant,loamy,small,young,13.7,16.8,80.4,700.6,7.4,58.3,2,1,72.2
Snake Plant,clay,large,young,35.5,29.7,57.8,496.1,4.6,44.0,1,0,98.6
Fern,loamy,small,mature,75.3,20.6,81.5,109.6,3.8,31.1,3,0,98.1
Jade Plant,clay,small,young,14.2,30.7,63.2,733.6,8.4,18.4,1,0,96.6
Fern,loamy,small,mature,84.0,29.4,75.19052462753821,479.0,5.4,1.5,3,0,100.0
Spider Plant,loamy,small,mature,14.0,24.7,89.6,324.2,5.5,64.5,2,1,84.3
Spider Plant,sandy,small,young,42.7,32.5,72.9,300.6,4.8,64.0,2,0,99.7
Fern,sandy,medium,mature,64.6,26.9,94.96252852486049,224.6,2.0,34.5,4,0,100.0
Jade Plant,loamy,medium,mature,3.9,26.1,44.9,359.2,6.9,26.3,1,1,100.0
Fern,clay,small,young,61.2,23.0,84.01908521245454,490.1,4.4,33.7,3,0,97.6
Snake Plant,loamy,medium,mature,33.1,37.2,49.2,408.9,4.9,43.1,1,1,85.4
Money Plant,sandy,medium,seedling,64.6,19.9,90.3,525.6,5.3,50.2,2,0,99.7
Fern,clay,large,young,64.8,34.6,81.59504810761825,522.4,5.0,19.0,3,0,100.0
Monstera,loamy,small,seedling,48.5,20.5,82.67838403596951,181.1,3.4,19.9,4,1,96.0
Peace Lily,sandy,small,mature,84.2,27.6,87.5,441.2,5.7,1.0,3,0,100.0
Jade Plant,clay,small,seedling,28.9,25.6,87.8,594.2,6.6,15.9,1,0,82.8
Monstera,loamy,small,seedling,75.0,32.0,87.70604513707514,397.8,5.5,31.5,4,0,90.5
Areca Palm,sandy,small,young,42.0,15.4,54.4,397.8,5.0,37.7,4,0,95.0
Monstera,loamy,small,mature,77.8,35.5,65.57325983925695,173.1,3.5,25.0,5,0,89.4
Tulsi,loamy,small,mature,49.9,32.2,26.6,408.4,5.9,36.5,2,0,99.6
Aloe Vera,clay,small,mature,7.0,16.4,49.6,850.8,8.7,54.4,1,1,79.4
Snake Plant,clay,medium,young,29.8,34.5,29.4,869.5,7.2,1.8,1,1,100.0
Monstera,sandy,medium,young,56.2,26.0,79.0687031136925,426.4,4.8,53.0,5,0,95.9
Areca Palm,loamy,large,mature,68.0,25.9,61.8,399.8,6.9,36.4,4,0,100.0
Jade Plant,loamy,large,seedling,22.1,33.4,74.3,1190.7,9.1,62.6,1,1,58.9
Peace Lily,clay,large,mature,69.7,23.4,69.44402268696768,122.8,3.2,45.1,4,0,100.0
Tulsi,sandy,small,seedling,38.8,27.5,86.4,549.3,6.3,48.7,3,1,88.0
Tulsi,loamy,large,mature,53.0,31.9,33.5,503.3,4.2,67.9,3,0,95.4
Spider Plant,loamy,large,mature,27.1,19.7,66.9,994.8,8.8,38.1,1,0,100.0
Tulsi,loamy,small,seedling,54.9,23.8,93.2,391.8,5.1,13.4,4,0,100.0
Areca Palm,sandy,small,seedling,31.3,24.7,38.3,495.4,5.8,46.8,3,1,99.2
Tulsi,clay,large,seedling,46.1,30.8,51.8,350.4,4.6,38.1,2,0,91.1
Money Plant,loamy,large,mature,47.8,32.5,61.3,327.5,5.6,64.5,2,0,99.6
Monstera,loamy,large,seedling,59.1,36.0,87.29848965303538,105.9,3.7,46.8,3,0,84.8
Fern,clay,medium,young,48.8,19.8,89.41445910889016,271.8,2.7,51.4,3,1,84.9
Areca Palm,clay,small,mature,71.4,33.0,40.7,505.2,5.8,36.3,4,0,100.0
Aloe Vera,loamy,medium,mature,31.1,20.5,79.0,892.9,8.3,69.0,1,0,83.8
Monstera,sandy,small,mature,42.4,17.8,89.68799793079924,192.5,3.9,43.1,5,1,92.1
Aloe Vera,sandy,small,seedling,25.4,37.2,50.0,604.4,7.2,4.1,1,1,81.9
Snake Plant,sandy,small,young,44.1,27.1,56.3,373.3,4.9,10.1,2,0,100.0
Fern,loamy,large,seedling,69.1,35.1,62.3,271.4,2.9,8.4,3,0,78.4
Areca Palm,sandy,medium,seedling,35.3,27.7,64.6,580.3,4.7,1.3,3,1,100.0
Snake Plant,clay,large,mature,17.2,34.3,78.0,701.9,8.3,14.0,2,1,100.0
Snake Plant,sandy,large,young,48.7,37.0,37.4,787.0,8.2,5.4,1,0,94.2
Monstera,clay,large,young,77.4,16.9,92.74849169917296,278.9,4.0,11.3,3,0,91.3
Monstera,clay,small,mature,43.0,31.4,91.9,237.0,2.8,63.7,5,1,82.3
Aloe Vera,clay,small,seedling,16.8,37.0,74.7,640.9,7.3,22.5,1,1,68.3
Monstera,clay,small,young,59.0,20.6,88.35475854965145,330.1,5.8,15.9,3,0,96.3
Jade Plant,clay,medium,seedling,22.0,16.3,85.5,1075.7,9.7,21.1,1,0,60.0
Monstera,sandy,large,seedling,60.1,22.8,69.2,366.7,4.3,27.6,4,0,100.0
Fern,clay,medium,young,67.9,19.6,67.4,259.1,2.0,21.5,5,0,98.9
Spider Plant,clay,medium,seedling,33.7,17.1,46.7,408.8,5.3,69.5,1,0,82.8
Aloe Vera,loamy,medium,mature,27.7,35.8,50.9,1005.3,8.0,51.7,1,1,72.9
Monstera,loamy,small,seedling,69.2,17.2,60.7439788052109,100.4,2.9,27.0,5,0,78.5
Jade Plant,loamy,large,mature,29.3,15.2,77.1,446.0,6.4,25.1,1,0,74.6
Peace Lily,sandy,large,mature,80.7,36.3,82.18991780579971,384.2,5.2,6.8,4,0,88.9
Tulsi,loamy,small,mature,71.3,29.7,61.1,502.2,6.2,24.9,2,0,100.0
Fern,loamy,medium,seedling,54.5,15.2,94.26778522890817,106.0,2.3,16.4,5,1,82.8
Peace Lily,sandy,medium,young,54.5,23.7,85.2903795520501,523.9,4.8,8.3,3,1,100.0
Areca Palm,clay,medium,seedling,58.1,16.5,45.8,468.0,4.0,3.7,3,0,76.5
Jade Plant,sandy,medium,mature,9.5,28.4,46.4,1146.8,7.3,18.3,1,1,100.0
Tulsi,loamy,medium,seedling,72.6,24.5,31.5,456.2,4.1,11.5,4,0,98.2
Fern,sandy,medium,mature,46.3,24.9,74.64198675163888,122.5,3.8,4.3,3,1,99.3
Tulsi,sandy,medium,seedling,42.6,22.7,88.6,376.4,4.2,6.7,4,0,99.2
Tulsi,loamy,small,mature,53.6,23.0,89.8,328.9,6.0,17.8,3,0,100.0
Jade Plant,sandy,medium,mature,4.3,21.2,36.5,361.2,6.8,54.4,1,1,86.1
Spider Plant,loamy,large,seedling,43.6,15.6,89.2,854.0,8.0,47.6,1,0,78.5
Snake Plant,sandy,small,young,26.1,21.6,44.4,439.1,5.9,58.8,2,0,98.8
Peace Lily,sandy,large,young,68.8,36.2,90.34259147909127,391.7,5.5,57.2,5,0,93.3
Jade Plant,loamy,large,seedling,30.2,23.2,86.8,702.4,8.3,31.1,1,0,80.1
Fern,clay,large,young,54.5,32.6,90.04126124351839,166.7,3.3,0.8,5,1,96.9
Fern,clay,medium,mature,49.5,17.7,87.70794648605262,533.7,4.1,13.4,5,1,93.6
Jade Plant,sandy,medium,seedling,10.4,15.3,55.3,501.2,6.1,16.2,1,0,75.5
Fern,loamy,medium,seedling,61.9,17.4,80.7364755122454,561.3,4.8,41.9,4,0,81.5
Money Plant,clay,small,young,34.0,35.3,65.5,388.0,6.9,65.6,3,1,73.1
Monstera,sandy,medium,mature,77.6,36.7,94.6,441.2,5.2,39.8,3,0,88.1
Snake Plant,loamy,large,young,34.3,32.1,51.1,438.6,7.0,11.8,2,0,98.8
Spider Plant,sandy,small,mature,21.2,25.9,36.7,312.9,6.4,48.7,1,0,100.0
Snake Plant,loamy,large,seedling,25.9,22.5,53.4,759.3,8.6,49.3,1,0,98.1
Money Plant,clay,medium,mature,71.8,30.0,41.1,543.2,5.3,39.4,4,0,100.0
Spider Plant,sandy,medium,mature,29.2,29.4,65.8,380.4,4.8,62.3,1,0,99.3
Aloe Vera,clay,medium,mature,19.9,30.2,57.4,591.0,6.3,37.8,1,0,97.6
Monstera,sandy,small,young,49.1,34.8,86.23640384267138,124.9,2.6,7.8,4,1,100.0
Areca Palm,clay,small,seedling,55.8,25.2,42.9,393.6,6.2,20.2,2,0,100.0
Peace Lily,clay,medium,young,47.2,35.8,94.3,398.0,4.0,12.7,3,1,89.0
Areca Palm,loamy,large,seedling,55.8,15.3,85.8,464.6,4.8,3.3,4,0,78.0
Peace Lily,clay,large,mature,58.8,37.9,60.34207551306397,314.2,4.1,48.8,4,0,94.4
Snake Plant,loamy,large,mature,19.7,15.9,91.5,1083.9,8.7,13.3,2,1,90.3
Tulsi,clay,small,young,35.2,19.7,73.5,529.2,5.4,31.2,4,1,97.0
Monstera,loamy,small,mature,59.8,17.2,86.70899309448635,360.4,4.4,53.6,3,0,85.1
Peace Lily,sandy,large,seedling,64.3,15.1,87.9,496.4,4.3,28.9,5,0,79.9
Monstera,loamy,small,mature,80.8,26.0,88.34615817928004,146.8,2.8,52.4,5,0,100.0
Tulsi,loamy,medium,mature,37.3,33.0,32.2,497.7,6.7,13.3,3,1,100.0
Fern,sandy,small,seedling,41.6,17.0,82.80822376421291,162.2,3.0,65.8,3,1,64.7
Fern,clay,medium,seedling,68.4,18.6,76.5226920738462,238.2,3.7,18.1,3,0,90.1
Money Plant,clay,large,seedling,53.8,20.7,31.2,453.2,4.5,17.5,2,0,100.0
Aloe Vera,loamy,large,mature,10.1,22.6,69.4,634.7,9.0,40.0,1,0,96.6
Tulsi,clay,large,mature,48.2,17.2,54.8,548.3,5.0,30.4,4,0,90.2
Tulsi,sandy,small,seedling,65.4,25.1,69.3,503.7,4.3,24.5,3,0,100.0
Tulsi,sandy,small,mature,31.1,23.9,63.7,447.4,4.8,71.6,4,1,82.8
Snake Plant,sandy,large,seedling,51.4,20.9,55.6,468.6,4.2,54.5,1,0,96.3
Fern,clay,medium,mature,76.6,22.6,82.62891098209187,510.8,4.2,34.5,5,0,97.2
Tulsi,clay,medium,young,63.9,15.6,54.1,506.0,6.6,46.1,4,0,92.1
Spider Plant,loamy,large,mature,33.3,16.1,50.2,956.2,7.5,18.1,1,0,87.2
Spider Plant,clay,large,seedling,46.9,30.5,58.3,325.7,6.1,62.0,2,0,87.7
Aloe Vera,clay,medium,young,20.1,26.1,59.7,1012.8,8.3,19.9,1,0,98.4
Aloe Vera,clay,small,mature,19.6,37.4,90.0,863.9,8.8,22.5,1,1,78.8
Tulsi,sandy,large,young,44.0,15.9,34.1,549.8,4.5,28.1,2,0,91.4
Tulsi,sandy,medium,mature,71.2,19.0,48.3,321.5,5.6,28.7,4,0,96.1
Money Plant,sandy,medium,mature,53.2,24.5,78.5,537.7,4.7,71.5,2,0,100.0
Money Plant,clay,small,young,51.5,20.9,68.8,453.8,6.8,27.0,4,0,98.2
Snake Plant,sandy,large,young,45.9,32.9,32.1,601.8,8.6,35.7,2,0,100.0
Fern,sandy,large,seedling,68.6,30.6,65.8263794606079,173.4,3.9,20.9,3,0,88.6
Money Plant,sandy,medium,young,51.0,25.3,50.5,490.4,5.1,40.0,4,0,100.0
Areca Palm,loamy,large,seedling,68.4,33.0,52.6,443.7,7.0,37.7,3,0,91.3
Monstera,sandy,small,mature,70.5,24.3,88.98167970832638,294.8,3.6,48.5,4,0,95.7
Peace Lily,sandy,small,young,68.2,23.7,70.21549026874207,220.2,3.5,50.6,4,0,95.9
Snake Plant,clay,small,seedling,45.6,32.5,87.7,399.7,5.6,57.0,2,0,87.6
Money Plant,clay,large,seedling,50.8,21.2,95.0,561.3,4.6,39.4,3,0,100.0
Monstera,loamy,large,mature,57.7,36.9,79.13572270160279,581.2,5.1,58.5,3,0,86.2
Areca Palm,clay,large,mature,60.0,15.8,32.6,366.9,5.3,22.0,2,0,89.4
Peace Lily,sandy,small,mature,75.4,24.0,88.5,347.4,5.5,53.5,4,0,100.0
Money Plant,loamy,large,mature,71.8,21.7,40.1,537.3,4.5,19.8,4,0,100.0
Peace Lily,clay,medium,mature,45.0,29.0,71.99234447656299,270.4,3.5,54.4,3,1,84.9
Aloe Vera,sandy,medium,mature,14.6,19.8,54.3,718.9,8.1,50.2,1,0,100.0
Peace Lily,sandy,small,young,59.0,17.3,94.88694341504115,541.4,4.4,47.3,4,0,91.4
Tulsi,loamy,small,young,42.3,35.0,51.8,441.5,5.8,23.6,2,1,99.5
Snake Plant,sandy,small,mature,11.5,22.0,43.5,487.4,6.7,49.5,1,1,89.0
Aloe Vera,loamy,large,mature,17.7,18.2,83.8,1173.6,8.3,17.0,1,0,83.9
Areca Palm,clay,large,mature,73.3,24.8,60.4,302.4,5.8,55.2,3,0,100.0
Aloe Vera,loamy,small,young,12.0,17.8,73.5,517.5,6.2,44.9,1,0,76.1
Monstera,clay,medium,young,61.9,21.4,70.50549335438238,130.1,3.4,40.4,4,0,95.6
Jade Plant,clay,medium,young,17.1,34.0,36.4,873.8,9.6,70.6,1,1,88.7
Aloe Vera,loamy,small,young,14.7,23.8,25.5,467.7,6.7,63.5,1,0,97.3
Spider Plant,loamy,large,mature,15.7,30.9,72.3,444.1,6.7,0.0,2,1,100.0
Peace Lily,sandy,small,seedling,47.5,28.2,81.97729972054805,418.1,5.9,68.3,5,1,88.4
Areca Palm,loamy,medium,mature,37.2,33.6,82.0,320.1,6.3,29.0,3,1,99.1
Areca Palm,loamy,large,young,66.5,16.6,88.1,537.3,5.2,8.6,4,0,85.1
Aloe Vera,sandy,large,young,22.4,18.0,72.9,616.3,7.7,18.2,1,0,84.0
Monstera,loamy,medium,young,57.3,15.7,93.73240067393405,545.1,5.2,69.5,4,0,91.5
Monstera,sandy,small,seedling,41.3,30.0,82.82523088976109,510.2,5.4,62.2,5,1,76.2
Monstera,loamy,small,mature,70.6,15.2,88.79865464312789,271.7,3.4,23.1,3,0,87.9
Peace Lily,clay,large,young,45.2,29.2,81.03883270866623,356.4,5.5,56.6,3,1,83.2
Monstera,sandy,medium,seedling,55.3,36.3,69.6,438.7,5.2,37.2,5,0,84.8
Snake Plant,loamy,small,young,49.6,25.3,89.2,735.7,8.0,59.7,1,0,99.4
Jade Plant,clay,small,seedling,28.7,17.2,43.7,1177.9,7.8,6.0,1,0,83.7
Tulsi,loamy,large,young,35.8,16.2,54.0,392.1,4.2,45.8,2,1,94.4
Areca Palm,sandy,large,seedling,37.6,29.7,50.8,428.4,5.9,50.5,3,1,79.0
Monstera,clay,large,seedling,47.2,17.9,71.1,436.5,5.9,12.5,5,1,77.6
Money Plant,sandy,large,mature,54.5,29.2,74.4,390.0,4.3,15.1,4,0,98.3
Aloe Vera,clay,large,young,24.7,34.0,49.0,675.2,9.3,71.0,1,1,86.7
Spider Plant,loamy,large,seedling,17.6,26.4,94.3,1199.5,7.9,20.4,1,1,100.0
Peace Lily,sandy,small,mature,63.4,32.6,81.64532030438889,520.6,4.0,1.3,4,0,100.0
Fern,sandy,large,young,80.6,16.2,74.61837757330078,126.2,3.4,28.9,4,0,85.2
Spider Plant,sandy,small,mature,43.7,36.8,75.5,431.9,5.1,23.6,2,1,92.9
Aloe Vera,sandy,medium,mature,29.2,21.3,46.7,750.2,8.4,64.2,1,0,100.0
Fern,sandy,large,young,65.9,20.8,87.28694272701075,363.2,4.9,41.4,3,0,100.0
Money Plant,clay,large,young,48.3,20.6,86.6,554.7,5.7,17.3,2,0,97.7
Aloe Vera,sandy,large,mature,2.7,18.7,52.2,818.6,7.3,51.0,1,1,87.1
Spider Plant,sandy,large,young,42.6,29.0,51.0,365.9,6.7,70.9,2,0,97.3
Aloe Vera,loamy,large,young,24.0,19.8,27.1,461.8,6.3,36.6,1,0,100.0
Fern,clay,large,seedling,77.7,33.1,89.62686393264909,136.0,3.4,62.6,5,0,90.1
Jade Plant,clay,large,seedling,20.7,15.3,84.8,1088.2,8.2,45.4,1,0,65.9
Fern,clay,medium,mature,61.6,30.9,71.9515387372578,233.9,3.7,48.9,4,0,98.8
Areca Palm,sandy,small,seedling,62.0,25.3,90.8,456.1,5.3,59.2,4,0,95.5
Jade Plant,loamy,small,mature,30.5,18.0,59.0,676.1,8.7,18.1,1,0,100.0
Jade Plant,sandy,medium,young,14.4,19.8,26.5,919.8,7.0,34.6,1,0,99.9
Jade Plant,sandy,small,seedling,26.6,21.9,80.6,607.8,9.1,34.4,1,0,86.4
Jade Plant,clay,small,mature,4.5,30.0,77.4,317.4,6.3,14.1,1,1,84.0
Tulsi,loamy,large,mature,67.0,16.7,52.6,568.0,6.8,5.9,3,0,91.4
Spider Plant,clay,large,young,15.4,21.3,29.6,432.9,5.7,30.3,1,1,96.4
Money Plant,loamy,small,seedling,62.3,36.9,88.1,301.5,4.0,53.0,2,0,75.8
Fern,sandy,small,seedling,77.6,22.6,94.2,113.9,4.0,53.2,3,0,100.0
Monstera,sandy,small,mature,50.1,23.7,81.2,128.1,3.6,9.4,5,1,100.0
Spider Plant,loamy,medium,young,14.6,25.9,27.7,436.3,4.3,46.4,2,1,99.9
Areca Palm,loamy,large,mature,55.0,18.8,42.9,348.3,4.2,43.8,2,0,100.0
Monstera,clay,large,mature,70.4,31.6,75.8,178.1,3.4,33.5,4,0,100.0
Spider Plant,loamy,medium,mature,28.8,29.5,56.8,1083.3,8.4,16.2,1,0,100.0
Peace Lily,loamy,large,mature,80.5,36.2,89.17101430929222,216.6,2.1,44.5,3,0,91.2
Aloe Vera,loamy,medium,mature,15.1,21.5,75.1,531.3,6.6,38.7,1,0,82.9
Aloe Vera,sandy,medium,seedling,21.2,15.6,67.8,438.9,6.1,2.3,1,0,75.2
Spider Plant,clay,medium,young,47.3,21.0,49.3,1073.9,8.0,6.4,2,0,99.2
Fern,sandy,medium,seedling,47.9,17.4,84.8,261.8,2.8,36.5,5,1,75.9
Tulsi,clay,small,mature,65.0,20.7,27.0,524.6,6.3,18.6,2,0,100.0
Money Plant,loamy,large,mature,37.3,31.4,86.6,450.6,6.3,21.8,2,1,100.0
Aloe Vera,sandy,medium,young,30.3,30.7,79.5,330.0,6.5,32.1,1,0,87.0
Fern,sandy,small,mature,78.1,27.2,90.52269079451014,570.1,6.0,70.1,5,0,100.0
Tulsi,sandy,medium,seedling,64.0,36.4,58.9,303.7,4.3,55.1,3,0,84.4
Fern,clay,large,mature,73.0,25.0,63.52974515541545,147.0,3.9,63.0,4,0,100.0
Spider Plant,loamy,large,young,51.4,19.4,57.7,437.8,4.9,66.6,2,0,100.0
Jade Plant,loamy,large,young,10.5,31.5,81.8,824.4,9.3,27.9,1,0,89.0
Money Plant,sandy,large,seedling,58.3,37.4,70.6,330.0,6.5,48.7,4,0,75.2
Jade Plant,clay,large,mature,27.2,37.2,72.5,810.7,9.2,71.7,1,1,56.0
Jade Plant,clay,large,mature,10.9,29.5,40.6,892.6,8.6,35.4,1,0,98.4
Jade Plant,clay,small,mature,22.5,17.1,69.7,806.7,9.9,49.3,1,0,93.6
Aloe Vera,loamy,medium,seedling,31.4,24.1,89.7,1010.1,9.3,65.4,1,0,87.7
Spider Plant,sandy,large,mature,40.4,32.6,31.1,498.5,6.0,57.0,2,0,96.9
Jade Plant,loamy,small,young,9.0,36.7,69.7,764.5,9.7,40.9,1,1,89.1
Peace Lily,clay,large,seedling,64.5,30.9,90.3,576.3,5.0,20.5,5,0,86.4
Monstera,sandy,large,young,75.8,25.7,86.08163163183677,223.4,3.0,20.6,4,0,98.0
Jade Plant,loamy,small,seedling,10.0,24.0,41.5,962.4,7.9,68.4,1,1,81.7
Peace Lily,sandy,medium,mature,45.9,18.9,74.7,346.3,4.1,10.1,4,1,99.8
Aloe Vera,sandy,small,seedling,22.1,22.8,31.7,936.2,9.8,33.5,1,0,100.0
Aloe Vera,clay,small,young,31.7,33.3,68.6,756.7,9.0,71.1,1,1,84.3
Tulsi,sandy,medium,young,64.4,34.4,53.1,353.4,5.2,34.3,2,0,95.7
Snake Plant,sandy,medium,mature,23.5,30.1,69.0,617.5,7.2,45.1,2,0,98.3
Money Plant,clay,medium,young,72.2,30.7,74.6,393.7,5.2,33.1,3,0,98.0
Aloe Vera,loamy,large,seedling,5.4,17.7,56.9,740.9,8.1,25.2,1,1,77.9
Tulsi,loamy,small,young,73.1,23.3,45.1,416.1,5.6,1.1,4,0,96.9
Peace Lily,sandy,medium,seedling,55.0,26.2,74.0,120.6,3.0,55.1,4,1,86.6
Money Plant,loamy,small,young,41.2,30.5,57.4,566.0,6.0,45.3,4,0,100.0
Fern,loamy,small,young,84.0,27.0,60.28679693935082,191.7,2.4,5.3,5,0,100.0
Areca Palm,loamy,small,young,45.6,23.9,60.1,477.2,4.0,49.0,4,0,97.8
Areca Palm,loamy,medium,seedling,40.7,36.0,25.1,348.0,5.8,40.8,4,1,75.4
Spider Plant,clay,small,mature,36.6,29.2,52.2,508.4,4.2,17.6,2,0,99.2
Peace Lily,sandy,medium,mature,48.5,22.3,92.50792135224499,275.7,3.0,23.1,3,1,96.8
Spider Plant,sandy,small,mature,12.7,15.2,65.6,1061.0,8.3,36.8,1,1,85.1
Aloe Vera,sandy,small,young,4.8,36.3,56.9,1119.2,9.9,53.0,1,1,76.3
Tulsi,sandy,small,seedling,64.6,25.4,29.3,427.2,6.7,53.1,2,0,100.0
Aloe Vera,loamy,large,young,7.6,23.7,70.3,641.5,7.5,61.3,1,1,72.0
Jade Plant,loamy,small,young,29.0,15.1,79.5,680.5,7.8,47.7,1,0,78.3
Jade Plant,clay,small,mature,20.7,27.8,40.2,783.8,9.4,12.1,1,0,100.0
Aloe Vera,loamy,large,mature,24.4,33.9,59.1,810.7,8.5,6.4,1,1,100.0
Aloe Vera,sandy,medium,young,15.2,34.5,60.3,1135.3,9.9,46.8,1,1,97.6
Aloe Vera,loamy,large,mature,22.3,17.2,55.4,396.4,6.1,65.5,1,0,89.9
Aloe Vera,sandy,large,mature,12.9,18.4,53.7,1001.5,8.3,4.1,1,0,100.0
Jade Plant,clay,small,young,23.2,25.8,47.9,712.3,8.6,42.9,1,0,100.0
Jade Plant,loamy,large,mature,11.3,17.2,48.0,1085.8,8.2,40.5,1,0,91.2
Snake Plant,clay,large,seedling,34.2,26.8,48.6,377.2,5.4,60.6,2,0,100.0
Tulsi,clay,small,mature,48.6,36.0,61.2,306.6,5.6,63.7,4,0,91.6
Money Plant,sandy,large,mature,63.4,30.2,49.9,449.3,5.7,62.2,2,0,100.0
Peace Lily,clay,medium,mature,48.3,18.4,94.8060335120174,527.8,5.6,62.9,4,1,84.2
Money Plant,loamy,large,mature,62.5,21.2,82.3,508.4,4.3,40.5,2,0,96.3
Aloe Vera,clay,small,young,22.6,31.2,45.5,1070.8,8.7,48.8,1,0,95.0
Peace Lily,sandy,large,mature,60.3,15.9,87.7,185.0,3.1,44.7,3,0,88.6
Areca Palm,loamy,medium,seedling,50.9,34.3,62.3,585.8,5.2,68.9,3,0,94.4
Fern,sandy,medium,young,42.3,18.0,63.307165839172214,317.0,5.1,51.6,5,1,88.3
Aloe Vera,clay,large,young,6.1,22.1,78.9,379.2,6.1,55.8,1,1,65.5
Tulsi,sandy,small,seedling,49.0,22.3,85.8,364.4,5.4,56.0,3,0,99.3
Fern,loamy,small,mature,81.5,34.5,85.4683773033548,166.4,3.4,29.8,4,0,98.2
Spider Plant,loamy,medium,seedling,29.3,31.7,54.8,497.4,6.6,22.3,2,0,94.7
Areca Palm,sandy,small,seedling,47.5,16.2,37.3,402.2,5.9,18.0,3,0,77.9
Jade Plant,loamy,medium,seedling,33.2,28.5,69.5,873.1,7.1,20.6,1,0,96.2
Monstera,clay,small,young,75.3,30.3,61.4130172130389,400.5,4.4,7.6,4,0,95.7
Snake Plant,loamy,medium,mature,30.6,17.8,62.4,809.0,7.3,40.6,2,0,86.6
Jade Plant,loamy,small,mature,21.8,19.4,86.9,969.6,7.2,44.2,1,0,88.5
Areca Palm,loamy,small,seedling,62.3,27.0,85.3,535.1,5.3,21.2,3,0,100.0
Spider Plant,sandy,medium,mature,33.4,29.3,25.2,863.1,7.0,71.6,2,0,97.2
Spider Plant,loamy,medium,young,50.4,20.8,67.3,834.3,7.9,68.3,2,0,100.0
Aloe Vera,loamy,large,young,5.4,16.9,69.2,999.2,9.7,58.0,1,1,73.8
Peace Lily,loamy,large,seedling,74.6,27.4,82.206780769917,113.5,2.7,50.0,4,0,100.0
Money Plant,loamy,small,young,72.6,19.5,29.5,509.1,5.1,35.3,2,0,95.6
Fern,clay,medium,mature,82.5,23.4,80.06289747532371,274.2,3.5,6.8,4,0,96.7
Fern,sandy,small,seedling,75.9,26.4,87.34521931564493,372.5,4.8,41.9,3,0,98.1
Tulsi,loamy,small,mature,61.4,37.7,47.9,410.9,4.5,37.2,2,0,94.6
Tulsi,clay,medium,young,38.1,34.2,30.4,543.3,7.0,33.5,3,1,100.0
Peace Lily,sandy,medium,mature,51.7,17.9,84.5291920521472,119.9,2.6,18.5,4,1,94.0
Money Plant,sandy,large,mature,31.5,16.7,92.4,416.4,6.6,59.8,4,1,72.7
Aloe Vera,clay,large,young,33.6,15.0,70.5,1182.3,9.0,15.0,1,0,77.2
Spider Plant,clay,small,mature,46.8,24.3,37.5,351.3,4.2,10.9,2,0,98.6
Snake Plant,clay,large,mature,27.9,37.0,40.9,494.9,6.4,48.1,1,1,79.2
Peace Lily,sandy,medium,mature,62.0,32.1,73.5960990696788,525.3,4.5,59.2,3,0,100.0
Peace Lily,clay,large,young,44.9,18.5,92.46602118275801,540.8,5.7,64.6,4,1,80.5
Spider Plant,sandy,small,seedling,28.6,29.1,25.3,553.7,6.4,11.9,1,0,87.7
Fern,clay,small,young,83.2,24.6,80.6,290.0,3.3,28.9,5,0,100.0
Jade Plant,loamy,small,mature,30.2,32.7,64.0,1066.7,8.5,21.4,1,0,100.0
Jade Plant,loamy,small,seedling,16.0,35.1,75.2,1095.4,9.8,60.5,1,1,54.1
Money Plant,clay,large,mature,50.1,37.3,53.4,303.0,6.0,18.1,4,0,93.8
Peace Lily,sandy,small,young,57.5,33.6,72.14534869314672,219.1,3.3,44.1,4,0,100.0
Money Plant,loamy,medium,young,57.9,27.3,52.8,339.9,6.1,14.5,4,0,97.9
Money Plant,clay,small,seedling,35.4,16.4,41.7,548.0,6.6,61.4,2,1,64.7
Snake Plant,loamy,small,young,17.5,32.5,48.8,1189.2,8.2,10.6,1,1,95.5
Tulsi,loamy,medium,seedling,38.6,18.1,35.1,574.9,6.0,54.7,3,1,72.7
Tulsi,loamy,medium,young,64.0,21.9,35.2,372.0,4.5,10.7,2,0,100.0
Money Plant,sandy,small,seedling,70.8,19.4,56.3,501.6,5.6,19.1,2,0,97.4
Money Plant,loamy,large,young,41.5,28.0,75.0,481.2,6.3,70.1,2,0,96.2
Areca Palm,clay,small,mature,55.0,21.5,76.6,540.0,6.2,20.6,3,0,100.0
Fern,loamy,medium,young,59.9,28.3,60.12166410173437,228.4,2.8,2.9,4,0,95.5
Aloe Vera,sandy,medium,seedling,29.8,18.0,91.4,800.6,8.9,33.8,1,0,77.2
Spider Plant,sandy,medium,mature,28.6,36.4,79.7,543.5,5.5,48.1,1,1,75.7
Areca Palm,clay,small,mature,46.6,31.7,37.8,383.8,4.5,12.0,4,0,96.6
Tulsi,sandy,large,seedling,35.2,19.5,75.5,397.6,6.8,52.0,4,1,82.2
Jade Plant,sandy,medium,seedling,18.0,26.2,26.9,1151.6,8.8,58.9,1,0,95.4
Snake Plant,clay,medium,seedling,20.5,19.0,48.7,410.9,5.3,31.9,1,0,95.3
Jade Plant,sandy,large,mature,23.6,20.2,86.2,424.5,6.1,11.3,1,0,89.7
Aloe Vera,sandy,large,young,7.8,21.4,49.7,1091.4,7.4,52.4,1,1,89.3
Aloe Vera,sandy,large,mature,18.6,25.3,70.1,647.8,9.2,65.2,1,0,89.3
Money Plant,clay,small,seedling,47.3,28.3,77.1,403.7,5.1,36.6,3,0,100.0
Peace Lily,clay,small,seedling,52.5,19.2,76.87188461539705,562.2,4.2,5.0,3,1,99.4
Monstera,loamy,medium,young,72.9,30.7,65.88656683273918,380.7,4.5,18.0,4,0,98.7
Spider Plant,clay,small,mature,18.0,29.7,51.7,581.6,6.3,67.3,1,1,80.0
Tulsi,clay,small,mature,58.3,30.7,81.2,487.8,4.8,57.3,4,0,100.0
Money Plant,clay,medium,mature,73.2,24.4,70.7,422.4,5.3,30.3,2,0,100.0
Money Plant,loamy,large,young,56.5,36.8,76.7,374.5,5.5,30.5,3,0,87.7
Monstera,clay,small,mature,55.7,18.6,85.63761668557106,181.6,2.6,4.8,5,0,100.0
Monstera,sandy,large,mature,81.7,35.8,83.9,277.9,3.4,51.2,3,0,86.9
Snake Plant,sandy,large,seedling,27.5,22.7,84.0,618.1,7.3,65.8,1,0,100.0
Aloe Vera,loamy,small,mature,14.7,37.7,36.4,1062.8,9.0,19.8,1,1,89.4
Areca Palm,loamy,medium,seedling,59.5,25.0,70.5,451.9,4.8,45.2,3,0,100.0
Money Plant,clay,large,mature,64.1,15.7,61.7,311.0,4.2,9.7,4,0,95.0
Monstera,loamy,small,young,80.2,24.0,69.8,392.2,4.0,42.2,3,0,95.2
Monstera,clay,large,seedling,74.9,34.0,75.37624404530374,506.3,4.8,52.7,3,0,93.1
Jade Plant,sandy,small,young,24.7,28.1,39.6,634.0,7.7,19.1,1,0,96.3
Money Plant,clay,small,mature,43.3,34.5,73.0,411.1,6.4,0.7,2,1,95.9
Fern,loamy,medium,mature,44.7,22.3,75.57052726919436,494.2,5.2,19.2,4,1,97.6
Aloe Vera,clay,small,young,7.4,24.3,64.7,1158.8,8.9,34.1,1,1,100.0
Snake Plant,clay,small,mature,27.9,23.9,32.3,512.8,4.4,12.5,1,0,100.0
Snake Plant,clay,small,young,15.6,29.2,43.4,853.1,7.2,23.4,1,1,100.0
Areca Palm,sandy,medium,young,35.7,20.0,84.5,322.3,5.5,10.5,2,1,99.4
Peace Lily,loamy,small,mature,75.7,29.9,66.1879752242747,464.6,5.7,31.5,5,0,100.0
Jade Plant,clay,large,mature,10.7,18.0,78.6,311.7,6.9,48.4,1,0,89.2
Jade Plant,loamy,large,mature,27.8,28.2,79.7,659.0,8.4,55.7,1,0,88.4
Money Plant,sandy,large,mature,64.1,30.7,33.0,512.2,5.4,71.6,4,0,100.0
Tulsi,loamy,large,young,36.3,34.7,46.4,571.2,5.8,44.8,4,1,100.0
Monstera,loamy,small,young,46.9,31.3,82.5,148.6,2.7,67.5,4,1,84.3
Jade Plant,clay,medium,young,4.9,27.6,86.5,529.8,6.3,40.7,1,1,87.3
Areca Palm,sandy,medium,seedling,51.4,15.4,54.8,499.0,5.5,32.8,4,0,80.1
Money Plant,clay,small,mature,72.5,30.9,34.4,366.9,5.8,25.8,4,0,100.0
Aloe Vera,sandy,large,seedling,6.9,37.8,56.8,1003.1,8.2,57.0,1,1,63.9
Spider Plant,loamy,small,seedling,50.0,16.9,82.8,1007.5,7.7,27.5,2,0,83.4
Spider Plant,sandy,large,mature,38.4,36.1,54.3,1110.5,8.9,1.4,1,1,87.7
Aloe Vera,loamy,small,mature,23.1,28.1,71.1,834.6,10.0,34.8,1,0,87.6
Money Plant,loamy,medium,seedling,66.2,35.4,39.5,403.9,5.9,28.2,4,0,82.0
Areca Palm,clay,small,mature,60.7,22.8,26.4,549.4,4.1,3.5,4,0,100.0
Fern,sandy,small,young,40.5,29.4,80.66889287275941,310.7,4.0,70.8,5,1,89.6
Spider Plant,clay,medium,seedling,45.1,28.5,77.4,425.3,5.3,28.3,1,0,98.7
Tulsi,loamy,large,mature,50.6,29.0,28.0,489.1,4.4,7.9,4,0,100.0
Monstera,loamy,large,seedling,68.6,24.5,64.68762680378173,435.0,5.8,20.1,3,0,100.0
Snake Plant,sandy,medium,young,51.9,25.1,51.0,547.7,5.4,24.4,1,0,100.0
Snake Plant,clay,medium,young,19.1,29.8,71.5,631.5,7.1,38.8,1,1,100.0
Spider Plant,sandy,small,mature,24.1,16.4,54.7,408.0,6.2,28.5,2,0,94.5
Aloe Vera,clay,small,young,32.0,20.7,71.3,721.2,8.0,67.3,1,0,85.0
Fern,sandy,small,seedling,77.3,25.5,67.26209448456973,556.9,4.2,8.3,3,0,97.5
Tulsi,sandy,large,seedling,38.8,34.5,43.0,505.6,4.0,1.8,3,1,89.6
Areca Palm,loamy,large,mature,67.9,33.6,49.7,305.5,4.3,63.4,3,0,97.6
Monstera,loamy,small,young,70.7,20.1,91.21671547027668,115.0,3.6,69.0,5,0,96.4
Tulsi,clay,large,young,48.3,18.0,32.3,584.0,6.4,12.2,4,0,98.8
Tulsi,loamy,large,young,62.3,34.6,53.9,327.3,4.4,38.2,4,0,98.2
Fern,loamy,medium,young,80.2,35.1,83.40363994594424,154.9,3.8,13.7,3,0,91.1
Snake Plant,loamy,small,seedling,31.5,20.4,45.6,782.2,7.9,18.4,1,0,100.0
Aloe Vera,loamy,large,young,24.1,35.8,51.4,590.7,6.1,4.5,1,1,88.3
Peace Lily,sandy,large,young,72.1,28.9,78.50195955512245,151.0,2.9,51.2,3,0,95.2
Tulsi,clay,large,seedling,65.6,29.8,62.6,388.6,6.5,52.2,2,0,91.6
Peace Lily,sandy,small,seedling,60.6,32.4,88.72121120472576,422.7,5.7,6.4,3,0,88.8
Spider Plant,clay,large,mature,42.6,25.3,72.4,1108.5,7.7,26.0,1,0,96.3
Jade Plant,sandy,large,young,3.5,20.8,69.7,1033.1,8.6,45.1,1,1,95.2
Aloe Vera,loamy,large,young,8.1,19.5,86.9,1188.1,7.0,71.3,1,1,71.0
Money Plant,loamy,small,young,73.4,21.8,62.2,421.3,5.8,23.8,2,0,97.3
Fern,loamy,small,seedling,43.2,22.9,90.5,597.2,4.4,44.5,3,1,100.0
Fern,loamy,medium,mature,55.9,24.8,84.87754122749092,367.8,4.5,69.2,5,0,100.0
Monstera,clay,small,seedling,84.1,28.9,68.80146441718328,117.4,3.1,15.0,5,0,100.0
Fern,loamy,small,young,72.0,30.0,90.92414354720738,260.6,2.1,22.2,3,0,100.0
Tulsi,sandy,small,mature,58.1,23.2,72.1,428.3,5.3,32.1,2,0,98.3
Money Plant,sandy,medium,seedling,63.0,37.4,47.3,545.5,5.9,51.3,4,0,81.5
Spider Plant,clay,small,seedling,21.3,37.9,29.8,325.4,6.4,25.7,2,1,83.3
Spider Plant,loamy,small,seedling,39.9,29.2,55.6,530.8,6.5,57.3,2,0,86.6
Monstera,loamy,small,young,60.7,21.9,84.33854871046579,523.4,4.7,34.1,3,0,95.6
Spider Plant,sandy,medium,young,20.3,15.7,59.5,392.0,7.0,64.7,1,0,85.6
Jade Plant,sandy,medium,young,28.6,30.6,80.3,1156.3,8.7,47.1,1,0,84.3
Tulsi,clay,large,seedling,53.7,29.4,92.5,378.2,5.1,9.7,3,0,88.0
Areca Palm,sandy,medium,young,41.7,17.6,38.5,459.5,6.3,56.3,2,0,89.2
Peace Lily,loamy,medium,young,70.8,19.2,72.6680762588774,174.0,2.7,18.1,4,0,100.0
Monstera,sandy,small,young,73.1,28.4,92.8,224.0,3.8,23.7,5,0,99.0
Monstera,loamy,small,seedling,53.8,30.8,84.9,448.5,5.5,28.6,3,1,90.0
Aloe Vera,loamy,large,mature,31.1,34.6,25.8,881.1,8.9,55.6,1,1,88.7
Tulsi,clay,small,young,47.1,34.7,60.8,561.2,4.4,32.5,4,0,100.0
Peace Lily,loamy,large,seedling,74.2,21.2,93.1,486.0,5.3,47.7,3,0,100.0
Aloe Vera,loamy,medium,young,25.5,21.2,84.3,484.6,6.2,71.7,1,0,82.6
Fern,sandy,medium,mature,72.9,24.8,81.70345581988686,490.9,5.8,3.4,5,0,100.0
Spider Plant,sandy,medium,mature,29.6,19.0,36.6,405.3,4.5,39.6,2,0,96.9
Fern,sandy,medium,young,50.8,17.8,86.8,194.7,3.5,6.2,5,1,92.4
Areca Palm,sandy,small,young,41.0,15.5,69.8,553.0,5.7,28.6,2,0,89.2
Snake Plant,clay,small,young,39.2,32.2,71.3,576.8,6.4,12.4,2,0,100.0
Fern,sandy,small,young,64.2,25.7,93.2,295.0,3.6,66.8,3,0,99.2
Money Plant,loamy,medium,seedling,58.3,24.0,56.0,407.8,6.0,43.9,4,0,98.3
Fern,clay,large,seedling,50.7,19.4,61.9306276689322,535.5,6.0,13.6,5,1,100.0
Aloe Vera,clay,small,young,13.3,22.8,34.0,1091.0,9.3,6.9,1,0,95.7
Peace Lily,loamy,small,seedling,78.1,36.8,64.0,220.7,2.4,0.1,4,0,83.2
Spider Plant,clay,medium,mature,22.1,24.8,71.7,538.0,5.0,28.2,1,0,100.0
Peace Lily,sandy,large,seedling,50.4,19.4,94.57018036606982,588.3,5.4,17.6,4,1,100.0
Tulsi,loamy,small,seedling,44.4,17.3,48.6,530.8,5.4,42.9,3,0,77.9
Jade Plant,loamy,large,young,25.7,34.5,78.4,739.5,7.9,50.6,1,1,69.8
Peace Lily,clay,large,mature,52.3,31.7,62.34408159899697,284.6,3.1,23.7,3,1,98.7
Aloe Vera,clay,medium,mature,34.0,26.7,73.1,450.2,6.9,16.9,1,0,86.3
Monstera,loamy,medium,mature,79.6,22.1,83.15940658847383,358.2,5.7,9.5,3,0,99.1
Areca Palm,sandy,large,seedling,60.9,29.6,51.4,560.3,4.8,41.8,2,0,86.5
Jade Plant,sandy,small,seedling,13.3,29.1,37.2,985.4,9.8,57.0,1,0,88.4
Spider Plant,loamy,large,young,37.7,27.5,36.9,340.3,6.5,8.5,1,0,96.4
Money Plant,sandy,large,seedling,42.2,31.6,68.1,575.0,6.6,7.5,4,0,93.9
Peace Lily,loamy,medium,young,59.0,26.3,85.3088034092066,453.9,5.9,68.4,3,0,95.4
Money Plant,sandy,medium,mature,50.7,37.6,43.9,510.2,4.2,14.4,2,0,93.2
Monstera,sandy,small,young,49.1,15.0,63.582469640209155,335.9,5.5,71.0,3,1,72.7
Peace Lily,loamy,large,mature,67.0,30.1,76.58916671449856,332.3,4.9,27.3,5,0,100.0
Jade Plant,loamy,small,mature,9.7,34.9,41.4,849.8,8.0,68.7,1,1,85.7
Money Plant,clay,large,young,49.2,27.5,39.3,567.0,7.0,71.1,4,0,99.2
Fern,sandy,small,seedling,67.5,22.8,93.8,387.6,4.5,43.8,5,0,98.6
Aloe Vera,loamy,medium,mature,4.7,26.3,33.8,620.0,8.3,8.4,1,1,97.0
Aloe Vera,loamy,small,young,14.0,20.1,80.6,703.7,7.7,22.2,1,0,89.9
Fern,loamy,large,mature,83.6,29.9,90.24536216989985,219.2,3.2,3.1,3,0,99.1
Fern,loamy,medium,young,69.3,23.2,94.4,156.6,2.7,60.7,5,0,100.0
Areca Palm,loamy,medium,seedling,42.4,16.9,69.8,488.0,5.7,16.9,2,0,81.4
Jade Plant,sandy,large,young,14.0,33.7,53.0,560.2,6.1,70.8,1,1,81.6
Fern,clay,large,mature,79.8,34.6,69.14063620810498,481.8,6.0,10.4,3,0,95.1
Fern,loamy,large,mature,75.4,28.5,88.99541357312289,202.8,3.3,14.4,5,0,100.0
Fern,sandy,small,young,49.6,15.5,65.36915244021266,210.4,3.5,40.0,3,1,90.7
Monstera,loamy,medium,seedling,63.2,30.9,62.71746920892853,295.0,2.8,52.0,5,0,88.5
Snake Plant,clay,small,young,19.0,16.3,30.0,563.6,4.4,0.2,2,1,94.7
Fern,clay,medium,mature,73.8,30.1,75.7,150.2,2.8,66.6,5,0,95.1
Jade Plant,clay,large,young,11.0,18.8,47.9,687.7,8.3,60.6,1,0,99.3
Monstera,clay,small,seedling,70.3,30.3,94.2126417140617,318.4,4.2,65.6,5,0,85.6
Aloe Vera,loamy,small,seedling,7.8,22.7,66.2,665.8,9.2,6.9,1,1,100.0
Fern,sandy,small,young,56.0,32.3,92.48274986818183,235.4,2.5,58.6,4,0,96.3
Spider Plant,clay,large,mature,41.9,21.9,31.2,319.3,4.0,51.1,1,0,97.2
Money Plant,sandy,medium,young,69.4,28.3,51.7,495.2,7.0,65.2,4,0,96.9
Fern,loamy,large,seedling,55.3,23.9,69.85428235499452,352.6,5.6,36.4,4,0,100.0
Monstera,loamy,large,mature,63.7,16.3,93.7,402.8,4.6,44.2,5,0,85.1
Monstera,sandy,large,mature,57.9,16.6,93.34186569300618,117.2,4.0,50.4,4,0,89.9
Areca Palm,clay,small,seedling,36.7,34.2,51.1,571.6,6.2,41.2,3,1,92.5
Snake Plant,clay,medium,young,28.8,17.1,46.8,427.3,4.8,17.8,2,0,88.2
Tulsi,sandy,medium,seedling,44.7,17.9,46.4,492.9,5.4,12.4,4,0,80.3
Tulsi,sandy,small,mature,70.4,16.7,90.0,331.9,4.9,46.6,3,0,92.2
Tulsi,sandy,medium,mature,61.0,22.7,59.3,408.9,4.3,54.9,2,0,98.8
Peace Lily,sandy,small,seedling,77.2,16.4,60.54819737026305,142.2,2.5,20.3,3,0,78.0
Monstera,sandy,small,young,59.2,20.7,70.0,400.7,5.4,65.4,5,0,96.4
Tulsi,clay,medium,seedling,35.1,36.7,33.9,419.9,5.7,67.3,3,1,64.7
Jade Plant,loamy,large,young,24.9,31.0,49.6,1067.9,7.7,5.6,1,0,97.1
Money Plant,clay,large,young,49.9,33.1,68.3,512.0,6.1,13.7,2,0,100.0
Fern,sandy,small,young,75.4,17.6,70.99623044334592,534.3,4.6,45.7,4,0,86.3
Snake Plant,sandy,small,young,38.2,33.7,93.1,509.9,4.6,67.1,1,1,87.2
Aloe Vera,loamy,large,seedling,26.7,19.8,63.6,333.5,6.9,64.4,1,0,100.0
Spider Plant,clay,large,mature,41.9,35.2,58.0,311.9,6.9,8.2,2,1,91.0
Fern,loamy,large,young,49.5,35.6,80.4,148.0,3.8,4.3,4,1,87.0
Snake Plant,clay,large,young,13.9,36.5,61.1,363.1,5.5,62.6,2,1,77.2
Monstera,clay,large,mature,59.3,31.6,89.77365718951376,262.5,3.8,33.2,5,0,100.0
Peace Lily,sandy,large,mature,61.1,15.5,70.2,553.5,5.9,38.1,3,0,91.3
Monstera,sandy,small,seedling,73.1,31.9,82.8,287.4,3.1,31.8,5,0,93.3
Spider Plant,clay,medium,seedling,30.7,21.6,62.7,461.6,4.6,5.5,2,0,95.7
Tulsi,loamy,medium,mature,64.4,25.1,40.4,425.3,4.9,70.0,3,0,100.0
Peace Lily,loamy,small,young,50.8,35.6,82.40298430310244,548.9,4.6,65.1,5,1,71.0
Spider Plant,clay,medium,young,27.4,17.8,40.0,431.5,5.7,32.9,2,0,93.1
Areca Palm,loamy,large,seedling,34.4,26.0,55.9,412.0,5.9,69.7,3,1,80.3
Money Plant,sandy,medium,seedling,38.2,17.4,90.0,405.4,4.5,12.6,3,1,81.4
Jade Plant,loamy,large,young,10.9,23.8,73.3,805.2,7.5,46.5,1,0,86.3
Peace Lily,sandy,medium,young,58.1,21.6,92.30855500513992,282.5,3.6,54.7,3,0,100.0
Aloe Vera,clay,medium,seedling,9.5,26.6,34.5,315.4,6.7,5.2,1,1,99.2
Jade Plant,clay,small,young,26.1,18.7,48.8,1125.7,9.8,7.7,1,0,97.8
Areca Palm,clay,small,mature,50.0,24.5,91.5,472.1,4.1,71.4,3,0,100.0
Jade Plant,clay,medium,mature,27.8,34.3,68.5,519.7,6.2,30.4,1,1,98.5
Spider Plant,loamy,medium,mature,53.5,17.6,75.5,405.4,5.4,15.7,2,0,87.5
Monstera,sandy,small,mature,75.7,15.6,61.161557203694514,447.5,4.3,53.8,3,0,88.0
Spider Plant,sandy,small,seedling,39.8,17.2,50.4,480.7,5.6,34.0,2,0,82.9
Jade Plant,clay,small,young,6.7,27.0,49.8,1077.9,7.1,19.5,1,1,96.8
Money Plant,clay,small,young,35.4,20.0,80.3,349.8,5.4,40.4,3,1,97.5
Jade Plant,clay,large,mature,32.9,19.4,53.0,518.3,6.7,2.4,1,0,99.9
Spider Plant,loamy,large,young,52.6,30.4,62.1,319.1,4.6,14.9,1,0,100.0
Tulsi,loamy,large,seedling,48.6,36.7,62.1,439.6,4.4,24.2,2,0,77.7
Fern,sandy,medium,mature,54.6,20.6,81.33109501726386,422.9,4.2,20.1,5,1,96.1
Tulsi,clay,small,young,58.5,31.7,50.7,374.3,5.4,47.4,2,0,100.0
Money Plant,sandy,small,young,46.1,30.4,30.4,393.6,6.3,48.2,4,0,95.7
Tulsi,loamy,medium,mature,46.9,32.4,70.4,524.5,4.2,54.5,3,0,97.7
Areca Palm,clay,small,seedling,70.9,29.2,54.0,361.7,5.0,29.8,2,0,93.3
Tulsi,sandy,medium,seedling,61.7,37.5,44.2,542.5,6.9,0.7,3,0,80.4
Peace Lily,sandy,small,mature,55.2,28.6,88.8,137.2,2.7,29.1,4,0,100.0
Snake Plant,sandy,medium,mature,33.9,22.7,37.6,707.1,7.4,69.7,1,0,95.8
Jade Plant,clay,small,seedling,9.1,18.0,84.4,927.8,7.4,5.1,1,1,74.4
Areca Palm,clay,small,young,40.5,24.3,72.6,574.1,4.8,26.2,4,0,100.0
Fern,sandy,medium,young,49.3,15.3,69.89219279339751,519.9,4.1,57.8,5,1,74.7
Aloe Vera,clay,large,seedling,9.8,23.1,69.4,913.5,7.6,27.5,1,1,100.0
Fern,sandy,medium,mature,47.0,23.5,66.52455030683298,299.8,2.6,1.0,3,1,97.0
Spider Plant,loamy,small,young,17.8,25.8,25.4,366.6,5.2,57.7,1,1,82.6
Snake Plant,sandy,medium,young,44.4,25.3,37.4,489.3,6.9,49.3,1,0,100.0
Fern,loamy,medium,mature,75.2,22.5,90.6598639816691,518.7,4.4,54.8,5,0,100.0
Jade Plant,loamy,small,seedling,15.8,32.3,27.1,909.0,9.2,56.3,1,0,91.2
Peace Lily,loamy,large,seedling,79.6,29.5,77.54131671705049,451.9,4.4,54.1,5,0,91.0
Fern,loamy,small,young,59.3,15.4,75.31570021160485,533.3,6.0,23.7,3,0,86.3
Areca Palm,clay,large,young,66.6,18.1,59.2,511.8,6.1,12.9,4,0,100.0
Snake Plant,clay,medium,seedling,16.8,18.4,28.5,711.5,7.9,67.1,1,1,74.4
Peace Lily,sandy,small,mature,66.9,30.3,74.77290362229576,352.0,4.2,69.1,3,0,100.0
Peace Lily,sandy,small,seedling,72.9,28.4,93.26302149844108,397.1,5.3,10.7,5,0,100.0
Spider Plant,loamy,medium,young,35.5,16.5,72.6,680.8,8.6,0.3,1,0,86.6
Jade Plant,sandy,large,mature,13.6,17.0,43.4,1116.2,9.7,55.8,1,0,94.4
Spider Plant,loamy,large,mature,49.1,34.7,48.8,874.9,8.8,53.1,1,0,99.2
Peace Lily,clay,large,mature,82.0,36.6,73.26823566061692,475.6,5.3,29.2,5,0,92.4
Tulsi,sandy,medium,young,56.7,37.6,65.0,554.3,6.1,16.9,3,0,91.7
Monstera,sandy,large,young,47.1,37.4,65.43663337859424,199.5,2.8,33.8,4,1,87.7
Monstera,sandy,small,seedling,54.0,17.3,63.77001410985683,477.1,4.9,34.5,5,1,84.7
Snake Plant,loamy,large,mature,25.2,28.3,89.2,398.0,4.5,2.3,1,0,96.8
Peace Lily,loamy,small,mature,73.5,27.9,65.89020607313836,159.7,2.4,14.9,3,0,100.0
Snake Plant,sandy,medium,mature,39.5,24.8,39.1,639.3,9.0,31.6,2,0,95.8
Snake Plant,clay,small,seedling,39.6,32.5,43.3,1119.2,8.4,15.2,2,0,94.4
Fern,sandy,medium,young,63.9,17.5,84.12682074004033,179.6,2.6,38.8,3,0,90.7
Jade Plant,loamy,medium,young,8.6,32.8,73.1,782.2,8.0,33.2,1,1,86.7
Spider Plant,loamy,large,seedling,32.9,32.4,71.5,352.8,6.1,67.8,1,0,91.0
Aloe Vera,sandy,medium,young,5.7,20.7,54.3,455.2,6.9,31.2,1,1,100.0
Spider Plant,clay,large,young,18.2,34.5,30.7,372.3,5.6,32.6,1,1,95.2
Aloe Vera,clay,medium,seedling,17.7,17.9,74.1,1051.7,7.7,61.5,1,0,69.6
Snake Plant,sandy,small,young,33.8,33.2,82.1,832.7,7.3,55.4,1,1,81.4
Jade Plant,clay,medium,seedling,20.3,34.6,44.1,358.6,6.7,44.3,1,1,94.8
Spider Plant,clay,large,mature,52.0,25.4,77.0,894.8,7.5,18.6,2,0,100.0
Snake Plant,loamy,small,mature,18.1,23.4,42.3,300.4,5.6,28.2,2,1,96.0
Snake Plant,clay,large,seedling,52.0,27.5,76.3,561.9,5.1,9.1,1,0,98.8
Peace Lily,clay,medium,young,45.7,24.6,66.2,286.7,2.5,54.2,4,1,86.2
Spider Plant,sandy,medium,mature,27.2,31.8,40.3,526.7,4.8,13.4,2,0,96.2
Aloe Vera,sandy,large,mature,7.5,37.8,59.0,785.2,9.3,67.2,1,1,75.4
Peace Lily,loamy,large,seedling,74.0,35.0,68.6531870657848,286.2,3.4,50.7,4,0,91.6
Tulsi,sandy,medium,mature,43.1,29.9,94.2,426.3,5.2,12.7,4,0,100.0
Snake Plant,clay,small,young,39.8,23.5,39.9,358.6,5.7,19.4,2,0,98.7
Money Plant,clay,large,mature,65.7,27.0,48.6,461.4,5.8,17.0,2,0,100.0
Jade Plant,loamy,large,young,13.1,31.2,61.4,672.8,8.5,41.8,1,0,100.0
Jade Plant,clay,small,seedling,7.9,22.2,64.6,321.4,6.6,18.2,1,1,100.0
Money Plant,loamy,medium,young,70.4,34.4,35.3,408.2,6.9,18.8,4,0,98.1
Peace Lily,sandy,large,mature,62.0,30.9,69.6,192.4,3.0,27.4,3,0,100.0
Aloe Vera,sandy,medium,mature,23.2,35.3,64.9,1000.3,7.3,0.0,1,1,85.3
Peace Lily,sandy,large,young,73.9,15.5,69.81715715133693,330.8,5.2,52.3,3,0,87.7
Snake Plant,clay,small,mature,15.3,18.5,35.6,652.8,8.1,50.4,1,1,86.2
Money Plant,sandy,large,mature,60.9,23.2,29.5,570.9,5.3,59.7,3,0,99.5
Jade Plant,loamy,small,mature,6.1,23.0,50.9,712.7,7.9,44.5,1,1,97.5
Areca Palm,clay,medium,mature,71.6,32.7,46.9,547.4,4.9,16.7,3,0,97.1
Aloe Vera,loamy,large,mature,30.9,35.5,86.9,942.4,7.4,3.0,1,1,77.1
Fern,sandy,small,mature,45.0,18.2,87.81268910852249,254.2,3.6,18.3,4,1,100.0
Monstera,loamy,small,seedling,52.6,23.4,92.45417809220356,197.1,2.5,34.9,4,1,100.0
Aloe Vera,sandy,medium,mature,23.7,30.8,41.4,1174.3,8.5,50.7,1,0,100.0
Areca Palm,sandy,large,mature,36.1,33.8,83.2,540.3,4.5,48.3,4,1,88.8
Aloe Vera,loamy,small,seedling,15.9,16.5,90.0,912.6,8.5,48.6,1,0,66.6
Money Plant,loamy,small,seedling,53.7,36.3,41.5,599.2,6.7,49.0,2,0,84.1
Tulsi,loamy,medium,young,63.0,29.0,47.2,497.8,4.9,65.1,3,0,100.0
Aloe Vera,clay,medium,young,12.1,31.0,61.6,1020.8,9.9,11.7,1,0,100.0
Tulsi,sandy,large,mature,37.0,21.0,68.6,403.5,5.4,5.4,2,1,98.2
Jade Plant,sandy,large,mature,21.4,15.5,38.4,683.1,9.1,64.4,1,0,91.2
Jade Plant,clay,small,mature,29.5,36.9,79.8,414.9,6.4,51.7,1,1,57.3
Aloe Vera,loamy,small,young,26.7,23.8,94.0,777.3,9.8,48.2,1,0,88.6
Monstera,loamy,medium,young,51.2,27.0,72.67676412444165,166.2,3.4,13.1,5,1,95.7
Snake Plant,loamy,large,mature,41.2,36.3,72.6,930.3,7.9,22.3,2,1,90.9
Money Plant,clay,medium,seedling,65.8,23.4,80.9,439.9,6.6,70.1,4,0,100.0
Tulsi,sandy,large,mature,55.6,25.4,48.0,375.3,5.0,64.6,2,0,100.0
Fern,sandy,large,seedling,49.9,15.6,93.9,368.9,4.9,35.0,5,1,80.1
Snake Plant,sandy,small,mature,41.4,25.4,66.7,407.2,5.6,69.8,2,0,96.6
Aloe Vera,clay,small,mature,17.2,16.3,78.4,993.1,9.7,15.2,1,0,77.0
Tulsi,sandy,medium,seedling,67.5,25.7,55.1,335.4,5.8,11.8,4,0,97.9
Tulsi,sandy,small,seedling,61.3,22.0,65.4,486.8,4.5,26.5,4,0,99.0
Peace Lily,clay,small,seedling,80.9,28.3,89.57428560360681,279.2,2.1,40.8,4,0,100.0
Snake Plant,clay,medium,young,30.1,36.1,78.3,1056.5,7.8,65.3,1,1,79.8
Tulsi,clay,medium,young,50.9,32.7,49.8,431.1,7.0,42.0,3,0,100.0
Peace Lily,loamy,medium,young,64.8,31.6,92.93718441655884,192.8,2.2,52.5,4,0,100.0
Monstera,clay,small,seedling,56.3,23.6,90.57270720542044,423.8,5.4,32.9,3,0,98.1
Tulsi,clay,medium,young,48.6,37.0,60.0,535.5,5.6,21.6,4,0,89.0
Money Plant,loamy,large,young,66.9,20.1,74.3,309.5,5.5,21.3,2,0,99.2
Areca Palm,clay,small,mature,57.6,29.7,26.9,333.0,5.0,55.1,2,0,100.0
Fern,sandy,small,mature,52.4,33.8,94.26723774188989,340.3,5.5,35.5,4,1,97.4
Snake Plant,clay,large,young,39.2,21.1,84.7,678.9,7.4,43.0,2,0,98.3
Peace Lily,loamy,large,seedling,52.0,31.8,94.64708879812932,200.0,2.9,47.6,5,1,90.7
Jade Plant,loamy,large,seedling,31.6,25.0,49.3,987.1,9.7,43.2,1,0,98.4
Tulsi,loamy,large,young,38.6,30.0,47.5,313.2,5.7,39.5,2,1,100.0
Monstera,loamy,medium,seedling,54.5,32.6,74.81453071056737,270.1,2.8,40.6,5,1,91.1
Snake Plant,sandy,medium,mature,41.5,15.1,72.1,661.2,7.2,47.1,2,0,94.0
Monstera,sandy,small,mature,72.2,23.3,69.16037814235524,387.3,4.7,43.2,3,0,97.7
Snake Plant,sandy,large,young,48.5,18.7,72.3,712.2,8.4,45.2,1,0,100.0
Peace Lily,clay,large,seedling,50.2,34.2,63.3,123.9,3.5,71.5,4,1,71.2
Money Plant,loamy,small,young,50.1,23.5,56.3,556.5,6.9,59.6,2,0,100.0
Spider Plant,loamy,small,mature,28.4,24.2,88.6,528.1,4.6,58.8,2,0,96.7
Fern,clay,large,seedling,83.3,23.7,80.57886193723968,293.9,3.5,34.9,4,0,100.0
Spider Plant,loamy,large,seedling,46.6,35.4,54.1,833.2,8.1,48.4,1,0,83.9
Jade Plant,sandy,medium,seedling,16.1,34.6,70.2,303.2,6.5,51.2,1,1,58.5
Snake Plant,loamy,small,seedling,22.0,36.2,78.4,400.3,6.9,56.2,2,1,62.1
Monstera,loamy,medium,seedling,68.9,27.9,89.9,273.3,3.4,50.0,3,0,97.7
Snake Plant,sandy,large,mature,33.4,31.9,87.3,454.8,4.6,45.4,1,0,100.0
Snake Plant,sandy,large,seedling,27.0,20.4,58.1,328.1,5.0,16.9,1,0,97.8
Areca Palm,sandy,large,young,39.7,35.2,78.3,480.5,5.5,17.3,4,1,92.5
Areca Palm,loamy,large,seedling,41.2,34.4,75.7,315.2,4.5,36.5,2,1,86.4
Money Plant,clay,medium,mature,42.9,21.8,82.0,447.2,4.3,55.9,3,0,100.0
Snake Plant,clay,medium,mature,44.6,23.1,32.8,1001.2,8.9,24.5,2,0,100.0
Money Plant,sandy,large,mature,38.0,19.3,45.6,512.0,5.5,38.8,2,1,100.0
Aloe Vera,loamy,small,seedling,7.4,26.4,72.3,596.1,6.1,65.3,1,1,73.4
Areca Palm,loamy,small,young,54.4,31.3,69.7,404.2,4.7,8.3,2,0,99.1
Tulsi,sandy,small,seedling,38.9,29.4,48.4,425.5,5.5,26.5,4,1,87.9
Tulsi,sandy,small,young,36.5,36.9,25.6,341.1,4.1,7.6,2,1,86.3
Money Plant,clay,large,young,59.0,25.0,75.3,416.7,6.5,59.6,4,0,96.3
Aloe Vera,loamy,medium,seedling,10.2,29.6,32.0,963.4,7.0,39.0,1,0,91.9
Jade Plant,clay,small,mature,28.7,18.0,64.4,905.2,8.1,42.2,1,0,100.0
Peace Lily,clay,large,mature,61.2,28.4,76.5,497.6,5.4,55.0,4,0,97.9
Monstera,clay,small,mature,60.5,17.5,83.6,152.6,2.0,27.7,5,0,86.0
Monstera,clay,medium,young,63.7,24.7,81.1,163.6,3.2,22.8,5,0,100.0
Fern,loamy,large,mature,57.0,33.3,90.9672622353514,568.5,4.4,18.0,3,0,100.0
Areca Palm,loamy,medium,seedling,37.1,16.8,90.7,485.2,6.1,35.9,3,1,77.6
Aloe Vera,loamy,small,young,8.4,26.2,87.7,864.8,9.1,8.8,1,1,83.6
Tulsi,sandy,medium,seedling,61.8,18.8,47.2,555.5,6.1,48.8,2,0,87.8
Snake Plant,sandy,medium,young,48.0,18.2,41.1,626.1,8.6,21.4,2,0,95.7
Areca Palm,clay,small,young,66.8,16.1,72.2,478.7,4.5,66.6,2,0,90.6
Fern,clay,medium,seedling,47.5,20.2,78.58422780000784,356.8,5.7,46.1,3,1,98.7
Fern,sandy,medium,seedling,67.3,18.7,90.7656918727107,467.0,4.9,25.0,4,0,90.1
Jade Plant,loamy,large,mature,7.5,17.1,33.6,972.2,9.8,13.1,1,1,86.2
Fern,sandy,medium,seedling,49.9,32.9,83.03080627425214,496.8,4.4,70.7,3,1,73.4
Monstera,sandy,small,young,43.6,28.0,75.5684064661461,381.1,4.5,59.7,5,1,88.7
Aloe Vera,sandy,medium,seedling,19.1,21.4,38.7,1109.5,9.1,62.3,1,0,100.0
Snake Plant,loamy,large,young,22.4,20.2,51.3,602.3,7.2,37.1,2,0,100.0
Areca Palm,sandy,medium,young,57.2,26.0,41.7,335.6,6.8,9.7,2,0,100.0
Tulsi,clay,medium,mature,51.6,33.7,91.0,315.0,7.0,21.8,4,0,96.1
Fern,loamy,small,young,54.2,32.6,94.7,432.2,6.0,41.1,5,1,100.0
Snake Plant,clay,small,mature,45.7,19.8,31.3,472.9,6.5,7.7,2,0,99.1
Money Plant,sandy,large,seedling,73.4,16.2,44.3,417.0,5.4,8.4,2,0,83.7
Aloe Vera,sandy,medium,seedling,5.7,22.8,58.0,611.6,9.9,27.8,1,1,99.1
Fern,clay,medium,young,82.3,20.5,79.5,259.6,3.1,70.0,5,0,100.0
Snake Plant,loamy,large,mature,34.6,21.2,88.7,314.2,5.1,12.7,2,0,96.7
Snake Plant,loamy,small,seedling,33.4,24.4,93.8,334.0,5.7,10.0,1,0,100.0
Money Plant,loamy,small,mature,37.7,17.0,35.8,311.1,4.1,56.3,3,1,76.7
Fern,loamy,small,mature,49.6,23.1,85.5,540.5,5.4,24.2,3,1,100.0
Monstera,clay,medium,seedling,48.2,33.7,72.38651824353798,552.7,4.4,14.9,4,1,88.4
Peace Lily,loamy,medium,seedling,48.3,34.2,75.29460318270972,176.8,3.8,60.8,4,1,71.7
Areca Palm,clay,small,young,35.0,22.0,55.8,400.6,7.0,12.0,3,1,96.4
Tulsi,loamy,small,young,71.5,28.7,54.9,481.3,5.1,38.3,2,0,98.8
Aloe Vera,clay,small,mature,32.1,34.4,92.2,494.0,6.2,20.9,1,1,87.5
Fern,loamy,medium,seedling,47.7,16.6,89.60548409829138,276.8,2.9,43.4,4,1,76.9
Snake Plant,sandy,large,mature,26.1,31.8,72.7,328.0,5.3,1.6,1,0,100.0
Aloe Vera,loamy,medium,mature,17.8,37.4,29.3,616.1,9.4,57.9,1,1,72.4
Fern,loamy,large,young,69.5,35.5,94.0,226.7,3.3,32.3,3,0,92.7
Areca Palm,loamy,large,mature,64.2,26.1,34.3,494.4,5.9,4.2,2,0,100.0
Monstera,sandy,medium,mature,59.4,18.9,80.48171877327776,234.4,4.0,23.6,4,0,100.0
Areca Palm,loamy,large,young,41.9,35.9,58.7,527.8,4.7,7.7,3,1,90.3
Fern,clay,medium,mature,66.9,30.5,89.7,568.6,5.4,65.0,4,0,100.0
Tulsi,clay,medium,young,57.0,16.6,75.0,400.9,4.5,15.6,4,0,94.0
Money Plant,sandy,large,seedling,66.4,31.7,68.6,357.2,5.9,5.3,4,0,92.7
Areca Palm,clay,medium,seedling,35.2,23.4,82.0,322.9,4.7,49.2,4,1,80.2
Monstera,clay,medium,young,83.2,33.2,84.85154028798362,497.0,5.3,5.1,3,0,95.6
Spider Plant,clay,medium,mature,44.6,36.9,52.1,519.0,4.8,55.7,1,1,75.2
Jade Plant,clay,small,seedling,27.5,37.1,56.9,1050.3,9.5,68.4,1,1,64.8
Jade Plant,clay,small,mature,20.9,21.1,83.3,885.7,8.2,50.3,1,0,84.8
Snake Plant,clay,large,seedling,34.6,25.3,67.7,650.6,8.6,1.2,2,0,99.0
Jade Plant,loamy,medium,young,25.2,21.7,25.1,454.1,6.2,9.5,1,0,100.0
Spider Plant,clay,large,seedling,15.1,27.5,51.5,1086.5,7.9,3.0,2,1,100.0
Money Plant,sandy,small,seedling,34.0,32.3,34.3,548.6,5.2,62.9,4,1,79.4
Money Plant,clay,small,mature,66.8,15.8,89.6,520.2,6.7,40.8,4,0,92.9
Jade Plant,sandy,small,young,15.1,36.1,55.5,638.9,7.9,60.4,1,1,71.1
Jade Plant,clay,small,seedling,34.4,33.2,90.8,353.8,6.9,10.8,1,1,71.5
Snake Plant,loamy,medium,young,50.1,32.8,88.8,415.8,6.5,31.1,2,0,96.5
Snake Plant,clay,small,seedling,26.6,33.7,42.7,310.8,5.6,11.3,2,1,87.8
Tulsi,loamy,small,mature,68.6,30.3,80.5,315.1,5.9,50.1,3,0,100.0
Jade Plant,clay,small,seedling,22.0,21.8,92.8,364.6,6.6,69.5,1,0,81.8
Snake Plant,loamy,medium,mature,34.4,22.4,60.2,1177.0,8.2,11.1,1,0,96.5
Spider Plant,sandy,large,seedling,13.7,29.2,69.6,849.2,7.9,30.6,1,1,92.3
Areca Palm,clay,medium,mature,63.5,35.3,37.5,573.6,4.0,44.3,4,0,85.4
Monstera,loamy,medium,seedling,58.4,15.7,90.34371890663314,431.1,5.0,40.9,4,0,75.3
Tulsi,loamy,large,young,58.7,36.7,46.8,491.2,6.7,18.5,2,0,92.1
Snake Plant,clay,medium,mature,46.6,22.5,43.0,1109.2,7.2,52.8,2,0,100.0
Peace Lily,clay,medium,mature,76.6,36.8,75.75711420844584,150.9,3.4,33.5,5,0,92.5
Aloe Vera,loamy,small,mature,8.0,35.9,57.5,1066.1,9.7,58.0,1,1,77.7
Spider Plant,clay,medium,mature,34.4,27.3,45.3,1062.3,7.8,20.9,2,0,99.3
Monstera,clay,large,young,73.8,29.9,60.97699221548679,554.9,4.6,16.8,5,0,99.2
Jade Plant,clay,medium,seedling,33.8,27.7,63.7,594.1,6.9,22.0,1,0,100.0
Aloe Vera,sandy,medium,young,29.4,24.6,81.6,914.3,9.1,69.4,1,0,87.7
Peace Lily,clay,large,young,49.9,22.0,94.06180152708919,552.4,5.9,44.3,3,1,95.0
Aloe Vera,sandy,large,young,21.3,29.7,30.1,1003.2,9.6,34.7,1,0,95.1
Monstera,sandy,small,seedling,45.4,23.2,89.3204952059813,170.7,2.8,43.9,4,1,96.6
Snake Plant,sandy,medium,mature,30.1,25.6,75.6,319.3,6.9,14.5,1,0,100.0
Peace Lily,sandy,medium,young,72.9,33.9,67.4,319.3,5.2,47.2,3,0,100.0
Snake Plant,sandy,small,mature,22.9,28.3,43.5,446.4,4.7,10.0,1,0,95.1
Spider Plant,clay,medium,mature,30.4,21.6,56.3,550.3,6.8,37.9,1,0,98.8
Aloe Vera,sandy,medium,young,20.2,24.6,40.8,373.9,6.4,53.8,1,0,99.6
Aloe Vera,loamy,large,young,10.9,37.8,44.3,711.6,9.9,51.9,1,1,72.9
Jade Plant,sandy,small,young,25.6,30.4,81.1,768.8,9.6,14.3,1,0,87.3
Fern,loamy,small,young,46.6,26.4,85.41909438243029,572.5,5.3,62.8,5,1,83.6
Monstera,loamy,medium,young,53.8,20.7,80.3,476.8,4.0,57.7,4,1,81.6
Monstera,clay,large,young,67.4,36.0,66.54974466116633,402.0,5.2,49.8,3,0,85.3
Monstera,sandy,small,seedling,65.8,15.2,64.14585671449491,551.0,5.0,32.1,4,0,78.2
Monstera,clay,small,mature,73.5,32.0,84.62123838587179,415.3,4.2,9.2,4,0,100.0
Jade Plant,sandy,small,seedling,28.0,28.0,81.1,605.0,8.9,53.7,1,0,86.3
Tulsi,loamy,medium,mature,46.9,23.1,38.7,491.9,4.5,28.8,4,0,97.1
Areca Palm,loamy,large,seedling,39.0,17.4,82.2,552.1,5.6,58.1,3,1,61.2
Snake Plant,loamy,small,seedling,23.9,25.2,33.5,358.8,5.8,10.2,1,0,97.9
Jade Plant,loamy,small,seedling,18.5,22.7,48.8,931.9,7.2,63.8,1,0,99.8
Areca Palm,sandy,small,young,43.1,36.9,86.9,504.3,6.0,6.0,4,1,85.6
Peace Lily,clay,large,seedling,80.0,22.6,81.38192254944562,359.7,5.1,56.1,3,0,100.0
Spider Plant,sandy,small,seedling,47.8,29.8,68.1,996.7,7.3,50.7,2,0,90.6
Tulsi,loamy,large,young,41.9,26.1,32.2,341.0,5.3,49.9,4,0,99.4
Peace Lily,sandy,medium,young,78.3,29.2,94.8885701645064,589.7,4.2,53.2,3,0,100.0
Jade Plant,clay,medium,seedling,11.9,24.7,82.5,571.6,6.4,6.3,1,0,83.8
Fern,clay,medium,seedling,50.0,18.9,77.4,496.9,4.9,0.7,5,1,87.5
Spider Plant,sandy,small,seedling,34.2,30.7,76.8,497.8,4.7,30.8,1,0,88.5
Snake Plant,sandy,large,seedling,22.4,34.2,76.4,501.0,4.4,36.8,2,1,91.8
Monstera,clay,small,seedling,75.1,15.1,86.71572820402587,521.4,5.9,33.8,5,0,77.9
Monstera,clay,large,young,47.4,35.0,67.02239708246208,173.4,2.7,61.9,3,1,89.5
Aloe Vera,loamy,medium,seedling,14.1,15.9,57.0,1088.2,8.8,29.1,1,0,75.6
Money Plant,sandy,medium,seedling,48.5,25.5,94.2,472.7,6.8,48.5,2,0,95.2
Peace Lily,loamy,small,young,64.9,16.9,73.03582837518269,520.6,5.4,9.8,4,0,92.6
Monstera,clay,medium,seedling,51.0,29.9,60.490004819653905,378.0,5.0,41.0,4,1,90.2
Fern,sandy,medium,mature,42.5,33.1,79.32607563661828,302.3,4.7,37.0,3,1,96.1
Aloe Vera,loamy,large,seedling,20.8,28.6,74.8,886.1,8.6,40.8,1,0,85.1
Jade Plant,sandy,large,seedling,31.2,36.9,62.4,424.0,6.5,0.2,1,1,83.5
Snake Plant,clay,large,young,18.3,25.5,77.1,858.6,8.8,31.6,1,1,100.0
Tulsi,sandy,medium,seedling,45.6,22.0,79.8,367.5,5.6,36.7,4,0,100.0
Spider Plant,clay,medium,mature,21.3,16.8,91.4,484.3,4.4,57.9,1,0,94.0
Jade Plant,sandy,small,seedling,23.6,22.5,74.9,1170.1,8.0,57.6,1,0,87.8
Peace Lily,clay,large,seedling,58.5,36.9,90.14783660436898,396.1,5.5,54.2,3,0,79.2
Peace Lily,sandy,medium,seedling,60.9,28.7,68.8141431191419,424.0,4.8,38.5,4,0,100.0
Aloe Vera,clay,small,seedling,10.2,33.0,26.6,1028.2,7.6,22.4,1,0,90.9
Fern,clay,medium,young,61.0,21.9,77.1,128.5,3.0,37.1,4,0,100.0
Areca Palm,sandy,large,mature,36.0,30.2,32.4,453.0,6.7,67.6,3,1,89.6
Monstera,sandy,medium,seedling,43.8,20.0,86.74515268420292,110.8,3.5,50.7,4,1,84.2
Spider Plant,loamy,large,young,34.4,30.9,40.3,565.4,5.5,5.6,2,0,98.1
Tulsi,clay,large,seedling,62.7,29.7,61.3,559.2,4.7,6.3,4,0,89.2
Areca Palm,sandy,large,mature,69.5,31.7,93.2,410.0,6.5,55.0,3,0,100.0
Money Plant,clay,medium,mature,57.8,16.1,41.5,432.2,6.9,49.0,2,0,89.5
Monstera,sandy,small,mature,54.4,35.6,76.41920608707049,254.4,2.5,8.1,5,1,86.9
Money Plant,sandy,small,mature,58.7,36.1,44.3,526.6,5.0,13.2,2,0,92.4
Snake Plant,clay,small,mature,52.2,31.8,34.5,499.3,5.1,31.5,1,0,98.9
Spider Plant,loamy,medium,seedling,24.0,34.4,60.1,985.5,7.6,33.6,2,1,90.5
Monstera,clay,large,mature,73.8,31.2,76.28349829107498,325.6,4.3,21.0,4,0,100.0
Areca Palm,loamy,medium,young,36.5,16.5,85.7,572.4,5.8,12.7,3,1,87.3
Jade Plant,clay,small,seedling,28.2,27.4,70.5,1147.1,9.1,68.3,1,0,87.6
Fern,clay,medium,mature,70.9,34.7,79.99556428477459,103.5,3.2,16.5,5,0,100.0
Peace Lily,sandy,large,seedling,78.5,37.9,86.5,133.7,3.1,52.9,4,0,85.0
Peace Lily,sandy,small,seedling,52.2,22.8,83.7,242.4,2.2,45.4,4,1,100.0
Snake Plant,sandy,large,young,42.0,33.1,90.9,954.4,7.8,3.9,1,1,100.0
Aloe Vera,loamy,medium,mature,24.5,25.2,29.9,846.7,8.3,27.1,1,0,96.1
Aloe Vera,clay,medium,mature,34.5,22.4,77.5,1192.3,8.9,8.7,1,0,87.4
Fern,loamy,small,mature,74.2,35.2,90.3725244142976,408.8,4.9,70.5,5,0,85.7
Money Plant,sandy,large,young,32.7,28.3,28.0,383.9,6.6,70.3,2,1,84.5
Aloe Vera,clay,large,young,19.2,19.2,42.1,323.3,7.0,21.5,1,0,100.0
Monstera,sandy,medium,mature,63.8,25.1,90.48923510255759,269.0,3.6,54.7,4,0,100.0
Areca Palm,loamy,large,mature,38.3,31.7,45.6,329.6,5.8,58.7,4,1,85.0
Areca Palm,clay,large,seedling,37.2,16.9,48.8,595.4,6.3,52.7,3,1,64.9
Jade Plant,clay,small,seedling,5.3,20.2,44.2,1160.3,9.5,42.2,1,1,100.0
Jade Plant,clay,large,mature,22.8,37.4,47.3,888.9,7.6,19.9,1,1,89.8
Spider Plant,clay,large,mature,34.9,35.7,55.3,1153.8,8.2,15.4,1,1,90.1
Areca Palm,clay,small,mature,39.9,35.3,57.4,590.2,5.8,61.5,4,1,76.6
Jade Plant,sandy,medium,young,24.9,31.6,58.5,893.7,9.0,0.8,1,0,96.3
Areca Palm,loamy,medium,seedling,41.6,31.9,46.4,387.1,7.0,14.1,4,0,92.0
Money Plant,sandy,large,mature,33.0,26.4,69.6,585.4,5.3,60.0,3,1,83.1
Jade Plant,sandy,large,mature,27.6,24.5,70.2,990.7,7.2,35.0,1,0,82.7
Aloe Vera,loamy,small,seedling,7.8,19.8,65.7,1158.9,8.2,36.1,1,1,95.3
Aloe Vera,clay,medium,young,19.0,37.3,76.7,1115.2,7.5,23.6,1,1,77.1
Spider Plant,clay,small,seedling,52.8,28.3,43.2,573.3,5.0,8.0,2,0,96.3
Tulsi,clay,medium,young,39.8,15.4,30.3,371.6,4.9,57.4,3,1,77.3
Money Plant,loamy,medium,young,60.2,23.5,76.7,531.0,4.3,10.8,2,0,100.0
Spider Plant,sandy,small,mature,14.7,20.8,55.7,1180.1,8.0,4.3,1,1,100.0
Money Plant,sandy,small,young,59.6,22.3,79.1,381.9,6.3,45.3,4,0,100.0
Aloe Vera,loamy,large,young,24.1,29.1,67.2,1073.4,9.0,16.1,1,0,100.0
Aloe Vera,sandy,large,seedling,26.5,31.7,61.9,726.2,8.2,51.8,1,0,89.0
Jade Plant,loamy,small,young,9.0,26.8,92.2,860.2,9.5,38.8,1,1,89.1
Spider Plant,clay,small,mature,34.0,18.3,48.3,592.5,6.4,16.8,1,0,100.0
Tulsi,sandy,large,mature,51.6,27.0,51.4,500.1,5.2,66.9,4,0,100.0
Tulsi,loamy,large,mature,52.3,23.1,62.9,498.8,4.5,31.2,4,0,100.0
Money Plant,clay,medium,young,65.8,25.5,93.7,588.5,6.6,48.3,4,0,97.3
Jade Plant,clay,small,mature,4.0,37.9,93.8,862.7,8.6,65.3,1,1,60.0
Jade Plant,loamy,small,seedling,15.4,15.8,40.1,427.3,6.2,70.2,1,0,76.4
Snake Plant,sandy,large,seedling,36.8,20.6,44.6,416.9,6.5,7.8,2,0,100.0
Jade Plant,sandy,large,mature,5.7,33.9,77.8,390.3,6.6,28.8,1,1,89.4
Areca Palm,sandy,medium,young,53.5,24.3,39.3,542.4,6.3,47.6,3,0,100.0
Money Plant,sandy,medium,seedling,45.0,27.7,72.4,513.6,5.5,25.6,2,0,100.0
Money Plant,sandy,large,mature,48.8,33.7,88.9,470.5,6.8,56.5,4,0,100.0
Peace Lily,loamy,small,young,43.5,16.5,86.44364920519898,403.4,5.0,43.7,5,1,88.7
Aloe Vera,clay,medium,seedling,22.5,37.8,83.9,1029.5,7.6,35.1,1,1,67.2
Jade Plant,loamy,large,young,8.2,25.5,35.5,1122.2,7.7,27.3,1,1,100.0
Peace Lily,sandy,small,seedling,47.7,15.2,85.97527613562306,442.9,5.4,30.2,4,1,83.7
Jade Plant,clay,large,young,20.7,31.0,42.0,395.8,6.2,18.2,1,0,97.4
Fern,clay,large,mature,61.8,30.6,65.42304472370871,311.2,5.8,24.6,3,0,95.1
Money Plant,clay,large,mature,48.6,30.7,91.6,365.7,6.8,42.2,3,0,100.0
Tulsi,clay,medium,young,40.2,23.2,55.5,391.1,4.4,70.0,2,0,100.0
Monstera,clay,small,seedling,67.5,29.3,79.2,212.8,3.8,14.3,5,0,94.4
Aloe Vera,loamy,small,young,29.5,25.0,47.9,809.5,7.9,47.5,1,0,100.0
Jade Plant,clay,large,seedling,28.2,15.3,55.2,667.2,7.6,56.5,1,0,83.1
Fern,clay,medium,seedling,48.3,31.2,88.9604837944819,506.1,5.9,41.6,4,1,91.0
Fern,sandy,small,young,78.0,22.2,80.40521335666921,566.6,5.0,28.5,5,0,100.0
Aloe Vera,sandy,large,seedling,7.7,27.7,28.9,628.4,8.0,27.6,1,1,95.5
Aloe Vera,loamy,small,mature,3.4,17.2,70.7,927.8,8.8,53.6,1,1,60.3
Spider Plant,clay,medium,mature,53.4,36.5,29.8,956.5,8.8,17.4,2,0,94.4
Spider Plant,clay,medium,young,50.1,16.6,79.0,823.7,7.4,36.7,1,0,88.1
Areca Palm,sandy,medium,young,63.9,23.8,40.8,411.5,4.1,71.8,4,0,100.0
Monstera,clay,large,young,78.1,35.0,89.40187164496443,501.8,5.6,52.3,3,0,100.0
Money Plant,clay,medium,mature,68.4,23.6,51.3,404.7,4.1,1.5,3,0,100.0
Peace Lily,loamy,medium,mature,63.0,25.5,67.44661565060018,471.9,5.2,69.7,5,0,100.0
Jade Plant,clay,medium,young,21.3,20.2,35.6,1023.0,8.4,23.4,1,0,96.5
Jade Plant,loamy,medium,seedling,18.4,28.6,26.9,763.2,9.6,5.1,1,0,100.0
Monstera,sandy,medium,mature,44.9,30.0,80.33105274082253,229.6,2.5,54.9,5,1,81.3
Areca Palm,clay,small,mature,42.4,36.4,32.6,571.9,4.0,38.7,2,1,86.0
Monstera,clay,small,seedling,74.5,26.3,89.5,139.2,2.9,63.5,3,0,100.0
Monstera,loamy,small,young,78.1,24.6,73.74401095872821,310.2,5.0,47.4,5,0,98.3
Fern,sandy,small,seedling,67.3,31.5,92.22608280046103,364.6,4.8,8.3,4,0,89.7
Peace Lily,sandy,small,young,80.9,21.2,88.16641203330445,208.1,3.3,40.3,5,0,95.5
Areca Palm,clay,large,mature,62.3,33.4,68.3,564.0,6.4,70.6,2,0,100.0
Snake Plant,clay,large,mature,52.2,37.6,83.8,327.8,6.1,43.0,2,0,90.9
Monstera,sandy,medium,seedling,59.0,15.8,85.7,179.1,2.6,30.8,4,0,80.5
Monstera,clay,large,young,71.8,20.4,86.2,427.7,5.2,26.0,3,0,100.0
Peace Lily,loamy,large,seedling,55.0,18.9,68.15471348384213,330.7,5.2,30.8,3,0,86.8
Spider Plant,clay,large,young,40.0,29.1,32.5,565.9,5.6,39.5,1,0,97.3
Aloe Vera,loamy,medium,mature,27.3,36.6,71.1,497.5,6.8,5.9,1,1,72.0
Aloe Vera,clay,medium,seedling,30.9,33.8,91.2,452.0,6.7,34.2,1,1,73.0
Areca Palm,loamy,small,young,65.5,18.9,37.3,529.1,4.3,5.5,4,0,100.0
Spider Plant,loamy,small,seedling,38.9,23.0,63.2,672.1,7.3,45.7,2,0,100.0
Areca Palm,clay,small,mature,34.6,25.3,56.3,443.0,4.6,41.4,3,1,99.2
Areca Palm,clay,medium,young,66.9,25.1,66.3,452.0,5.2,17.5,2,0,97.9
Tulsi,clay,small,seedling,43.7,26.6,66.8,569.4,4.2,47.7,3,0,97.9
Peace Lily,sandy,large,young,41.4,20.4,89.57140361566606,190.3,2.3,64.1,4,1,86.5
Spider Plant,clay,large,seedling,54.7,22.0,47.8,809.7,7.4,12.9,2,0,96.0
Peace Lily,clay,large,seedling,48.5,21.4,93.07853352619438,405.2,6.0,34.1,5,1,96.9
Spider Plant,loamy,medium,seedling,25.7,31.6,31.2,304.7,6.5,0.4,2,0,86.1
Peace Lily,clay,large,seedling,57.6,30.1,80.40061669457822,216.5,2.4,49.7,4,0,88.6
Fern,sandy,large,young,42.8,34.7,66.11937940729298,245.3,3.6,60.8,4,1,85.2
Fern,clay,small,mature,75.6,26.9,78.53120166731797,514.1,5.4,70.5,4,0,100.0
Money Plant,loamy,large,seedling,46.8,25.5,26.2,402.1,4.8,17.0,3,0,100.0
Spider Plant,loamy,small,young,39.9,23.2,75.7,551.6,6.6,34.5,1,0,97.1
Money Plant,sandy,medium,mature,72.1,34.0,41.7,362.0,4.6,35.7,3,0,100.0
Jade Plant,clay,small,young,24.3,34.1,35.2,799.2,9.6,3.5,1,1,99.6
Peace Lily,sandy,medium,seedling,66.9,18.8,78.0,293.1,2.8,58.8,4,0,88.4
Aloe Vera,loamy,medium,seedling,5.7,32.7,84.0,808.0,8.7,44.2,1,1,74.3
Tulsi,clay,small,mature,34.8,23.7,29.3,437.5,5.9,33.6,4,1,100.0
Peace Lily,sandy,medium,mature,78.6,31.1,63.18947287417499,223.0,2.3,6.4,4,0,97.0
Peace Lily,clay,medium,mature,74.5,16.1,72.6247069041975,265.3,3.2,30.8,5,0,85.4
Tulsi,loamy,large,mature,53.2,30.2,36.7,438.7,5.1,65.8,2,0,96.9
Jade Plant,clay,large,young,21.1,23.4,88.3,319.1,6.6,34.7,1,0,88.7
Peace Lily,sandy,large,young,58.7,29.3,63.57469905677269,533.1,4.1,36.9,4,0,100.0
Peace Lily,clay,small,mature,61.5,19.3,62.03796965894215,100.7,2.3,12.1,4,0,100.0
Aloe Vera,sandy,large,mature,27.5,37.2,59.5,1008.2,8.6,18.8,1,1,85.7
Monstera,loamy,large,seedling,70.5,34.0,86.40828752849725,212.8,3.8,37.9,4,0,91.3
Jade Plant,clay,large,seedling,8.4,27.9,33.9,729.1,9.5,44.9,1,1,96.9
Peace Lily,loamy,small,young,43.4,19.0,83.80969881620085,176.0,3.1,68.1,3,1,80.2
Spider Plant,loamy,large,mature,44.1,29.7,81.6,753.5,8.9,7.3,1,0,98.6
Peace Lily,clay,small,seedling,46.2,27.5,88.67384683869157,278.0,2.6,51.5,3,1,82.1
Peace Lily,clay,small,seedling,68.2,17.2,81.9,171.0,2.6,18.7,3,0,77.6
Tulsi,sandy,medium,seedling,73.9,29.4,53.9,379.2,4.3,14.6,2,0,89.7
Peace Lily,loamy,small,young,60.6,22.4,90.1655306325903,200.0,4.0,2.3,5,0,100.0
Snake Plant,loamy,small,mature,19.4,23.1,67.4,355.9,6.7,65.3,2,1,87.1
Spider Plant,sandy,medium,young,38.2,33.2,54.0,416.1,5.0,53.0,1,1,87.1
Snake Plant,sandy,medium,young,21.3,16.9,56.8,402.2,5.8,9.9,1,0,94.7
Fern,loamy,medium,young,56.7,29.7,90.7594759206055,156.8,3.3,71.1,3,0,100.0
Money Plant,loamy,large,mature,72.1,27.3,60.6,303.7,6.2,50.1,4,0,99.4
Jade Plant,clay,large,mature,19.6,29.0,40.2,470.8,6.4,46.5,1,0,100.0
Jade Plant,clay,large,mature,9.0,25.6,52.2,650.1,9.9,50.1,1,1,80.1
Tulsi,clay,small,young,69.2,22.7,59.6,571.8,6.3,64.7,4,0,100.0
Aloe Vera,clay,small,seedling,7.9,18.8,58.1,955.9,9.1,28.9,1,1,94.6
Fern,clay,large,young,54.5,33.7,83.3,113.4,2.6,51.3,3,1,86.9
Peace Lily,sandy,medium,mature,51.7,29.2,92.72067505188332,505.3,4.9,20.9,5,1,97.0
Money Plant,clay,medium,young,72.0,26.4,71.4,498.3,4.2,10.4,4,0,98.3
Spider Plant,sandy,large,mature,24.0,27.6,65.5,964.7,7.0,71.2,2,0,100.0
Monstera,sandy,medium,seedling,51.4,19.3,65.84738583089815,169.1,2.4,62.6,4,1,89.3
Spider Plant,sandy,medium,seedling,45.0,29.8,78.3,504.6,6.8,3.4,1,0,90.7
Jade Plant,loamy,small,young,27.1,17.9,92.5,815.0,7.2,4.3,1,0,73.5
Snake Plant,loamy,small,mature,42.5,21.1,69.0,1070.2,8.5,18.3,2,0,100.0
Tulsi,clay,medium,young,62.0,18.1,73.4,559.0,5.7,20.5,4,0,97.1
Spider Plant,sandy,medium,seedling,16.4,20.8,62.6,765.9,7.5,26.5,2,1,97.4
Jade Plant,loamy,large,mature,22.3,33.5,53.0,711.4,9.0,57.1,1,1,89.5
Spider Plant,loamy,small,seedling,33.6,28.1,63.4,535.0,4.8,55.4,1,0,98.9
Monstera,sandy,large,seedling,48.8,28.9,86.66473950797521,241.2,3.9,43.7,5,1,100.0
Peace Lily,sandy,large,young,55.0,29.3,68.25069005865929,127.1,3.8,60.9,3,0,100.0
Aloe Vera,clay,large,young,13.4,15.0,52.2,880.6,8.6,34.5,1,0,88.5
Areca Palm,sandy,medium,seedling,36.3,25.7,59.5,372.0,5.0,1.8,2,1,97.0
Tulsi,clay,medium,mature,50.8,36.0,54.1,320.1,6.7,66.5,3,0,87.4
Snake Plant,clay,small,mature,25.5,24.5,40.9,423.7,4.8,31.1,2,0,95.9
Monstera,sandy,small,mature,84.1,35.3,93.7112615098053,507.4,5.8,8.5,5,0,85.8
Spider Plant,loamy,medium,seedling,29.1,34.8,74.7,391.8,5.0,63.5,1,1,77.1
Peace Lily,sandy,large,young,71.6,22.5,67.43901766741425,506.1,5.5,59.8,3,0,100.0
Peace Lily,loamy,small,mature,65.8,28.7,78.4,406.6,5.4,31.5,5,0,98.2
Aloe Vera,loamy,small,young,19.9,19.1,71.8,832.5,9.9,0.5,1,0,84.3
Snake Plant,sandy,small,mature,11.7,36.7,76.7,392.5,4.2,70.6,2,1,75.0
Money Plant,clay,medium,seedling,53.7,17.5,38.8,495.2,6.9,41.1,2,0,77.5
Money Plant,loamy,medium,seedling,47.5,23.7,67.4,350.1,6.8,67.1,3,0,100.0
Tulsi,clay,medium,mature,49.5,22.2,44.9,583.3,5.5,34.6,3,0,100.0
Areca Palm,loamy,medium,young,42.4,26.0,84.9,512.8,5.5,0.3,4,0,100.0
Aloe Vera,sandy,small,seedling,26.2,26.2,79.2,930.1,9.8,9.7,1,0,80.9
Areca Palm,sandy,small,mature,48.8,36.8,71.6,321.2,5.7,61.7,4,0,87.8
Snake Plant,loamy,medium,seedling,29.0,22.1,57.2,1043.4,8.9,57.3,1,0,100.0
Jade Plant,clay,large,seedling,19.6,24.2,82.3,347.3,6.7,36.1,1,0,85.7
Spider Plant,sandy,medium,seedling,29.3,32.3,64.6,821.2,7.4,12.2,1,0,93.8
Tulsi,loamy,medium,young,54.8,27.1,28.2,313.0,6.4,40.9,3,0,96.9
Aloe Vera,clay,large,mature,29.4,37.0,76.6,1040.7,9.8,5.6,1,1,70.5
Areca Palm,sandy,small,mature,51.6,18.2,41.4,549.7,5.9,50.6,3,0,100.0
Tulsi,loamy,large,seedling,40.0,37.6,27.5,361.4,4.1,26.8,2,1,80.5
Aloe Vera,sandy,large,mature,4.9,29.2,50.2,372.3,6.5,55.0,1,1,86.2
Areca Palm,loamy,medium,seedling,55.5,27.4,71.3,440.3,5.7,70.6,3,0,100.0
Tulsi,sandy,medium,seedling,38.2,29.6,75.0,542.9,6.3,54.6,4,1,78.4
Peace Lily,sandy,medium,young,55.6,30.8,80.7,180.6,2.1,59.0,4,0,98.8
Snake Plant,clay,large,mature,26.7,37.4,64.0,510.9,6.9,10.2,1,1,86.7
Jade Plant,loamy,small,seedling,18.0,19.8,78.1,494.1,7.0,42.1,1,0,90.0
Snake Plant,loamy,large,mature,42.5,17.7,94.3,374.8,7.0,14.0,2,0,91.3
Money Plant,clay,medium,mature,46.1,37.1,28.7,351.2,6.5,7.0,2,0,93.4
Tulsi,loamy,large,mature,53.5,37.2,34.9,577.8,4.8,57.3,4,0,89.1
Spider Plant,loamy,small,mature,24.5,37.1,81.6,457.9,6.6,23.8,1,1,93.6
Spider Plant,sandy,small,seedling,15.1,26.6,38.7,499.4,6.4,5.5,2,1,97.4
Spider Plant,sandy,small,young,20.6,34.6,48.4,579.3,4.6,57.3,2,1,82.1
Peace Lily,sandy,medium,seedling,82.4,22.2,74.39786434099453,383.4,5.1,31.2,3,0,100.0
Monstera,clay,small,seedling,45.7,18.9,88.7,549.6,5.5,46.7,3,1,94.4
Fern,loamy,medium,mature,58.7,17.8,92.04950250108496,316.0,5.3,20.5,3,0,85.5
Aloe Vera,loamy,medium,seedling,20.6,35.5,69.4,697.8,7.6,42.6,1,1,76.0
Monstera,sandy,large,seedling,56.8,34.5,88.42430791151013,263.4,3.6,28.5,3,0,86.4
Snake Plant,clay,large,mature,39.1,19.1,62.0,907.6,8.4,49.4,2,0,99.6
Snake Plant,loamy,small,mature,24.0,19.6,91.8,866.2,7.3,3.3,2,0,100.0
Money Plant,loamy,large,mature,33.6,20.9,41.3,355.4,5.7,37.2,4,1,100.0
Aloe Vera,sandy,large,seedling,6.6,31.0,83.7,1113.5,8.5,59.8,1,1,58.0
Aloe Vera,sandy,medium,young,19.2,22.1,64.7,688.0,8.4,23.6,1,0,99.1
Monstera,loamy,small,seedling,61.8,36.4,85.56350273130228,155.4,2.9,0.5,5,0,77.6
Jade Plant,clay,small,mature,10.4,17.0,69.1,833.4,7.8,28.1,1,0,89.8
Spider Plant,loamy,small,young,41.4,30.8,53.1,507.0,5.6,48.6,2,0,96.4
Money Plant,loamy,large,young,54.3,17.9,46.7,460.4,5.5,41.3,2,0,91.0
Aloe Vera,clay,medium,young,8.3,16.3,50.9,899.1,9.7,33.2,1,1,85.8
Aloe Vera,loamy,medium,seedling,5.7,30.0,53.3,644.6,9.9,0.5,1,1,91.6
Monstera,loamy,large,young,72.9,36.9,62.38952578082466,318.8,4.5,4.0,3,0,93.0
Spider Plant,loamy,medium,seedling,39.9,33.8,34.4,945.6,7.9,60.6,2,1,75.1
Monstera,loamy,large,mature,63.8,16.2,84.28428736314842,279.2,2.4,11.4,4,0,89.2
Spider Plant,clay,medium,mature,26.6,21.4,72.6,328.5,6.1,33.0,2,0,100.0
Snake Plant,sandy,small,seedling,14.2,15.9,59.6,975.6,7.5,55.3,1,1,61.9
Peace Lily,loamy,medium,young,75.9,29.5,81.6,401.7,4.9,24.9,4,0,99.2
Peace Lily,sandy,large,mature,51.7,36.1,94.1,488.4,4.4,46.5,4,1,90.4
Fern,clay,small,mature,72.0,24.9,85.91500035278428,102.0,2.8,18.2,5,0,97.8
Tulsi,sandy,large,mature,53.6,35.1,83.9,560.4,4.4,49.7,2,0,85.0
Aloe Vera,sandy,large,mature,19.8,28.0,40.2,628.5,7.1,35.3,1,0,100.0
Spider Plant,clay,large,young,39.7,34.2,89.4,391.2,4.5,63.0,1,1,84.3
Money Plant,sandy,medium,young,64.3,27.6,27.6,397.5,4.1,4.1,4,0,100.0
Areca Palm,loamy,large,mature,48.2,15.2,52.4,528.8,6.3,65.5,2,0,90.2
Aloe Vera,loamy,medium,young,14.9,27.2,62.9,1145.6,7.6,29.9,1,0,99.1
Aloe Vera,clay,medium,mature,17.4,37.2,87.0,791.0,8.8,43.0,1,1,77.2
Jade Plant,loamy,medium,mature,21.7,33.1,73.2,763.2,7.4,38.9,1,1,86.1
Fern,loamy,large,seedling,70.2,30.4,71.47606003384804,188.9,2.7,59.2,4,0,85.4
Money Plant,loamy,medium,young,51.9,36.4,27.9,546.9,4.9,5.8,3,0,92.4
Fern,loamy,large,young,72.0,25.2,92.3,333.9,5.5,41.5,3,0,100.0
Money Plant,clay,medium,mature,34.5,16.9,86.3,487.0,4.8,47.3,2,1,90.4
Monstera,sandy,large,mature,79.9,19.0,71.5,162.4,3.6,38.4,4,0,100.0
Aloe Vera,clay,medium,seedling,18.0,20.0,71.4,314.2,6.9,47.6,1,0,80.1
Monstera,clay,medium,young,75.5,24.1,93.74689971390228,112.6,2.7,53.8,3,0,100.0
Jade Plant,clay,medium,mature,19.5,23.9,54.3,999.2,9.2,4.1,1,0,100.0
Jade Plant,sandy,large,mature,19.3,16.7,85.9,1182.9,8.6,46.9,1,0,78.4
Fern,clay,medium,young,67.1,24.6,64.1335796433952,364.6,5.0,60.5,4,0,99.0
Tulsi,clay,medium,mature,73.0,24.2,29.8,310.1,5.9,37.9,4,0,98.5
Jade Plant,loamy,medium,young,26.4,15.5,81.3,644.2,7.2,30.7,1,0,78.4
Spider Plant,loamy,small,seedling,29.5,36.7,51.2,430.1,6.5,57.7,1,1,69.1
Tulsi,sandy,small,seedling,40.1,25.4,62.8,510.2,4.6,23.1,4,0,99.6
Snake Plant,loamy,small,mature,43.7,26.0,52.5,501.5,4.9,15.6,2,0,100.0
Monstera,loamy,large,seedling,68.3,34.1,92.08007449506326,195.2,3.7,66.5,4,0,94.4
Spider Plant,loamy,medium,seedling,51.4,34.1,44.4,346.9,6.5,46.8,2,0,90.6
Fern,loamy,large,seedling,63.1,35.4,92.73610819132728,168.9,3.7,24.4,5,0,82.5
Fern,clay,medium,young,67.1,23.4,79.3,379.6,4.3,38.7,4,0,96.3
Jade Plant,loamy,large,young,9.9,17.1,49.2,1185.2,8.1,15.0,1,1,86.1
Fern,clay,medium,mature,69.1,24.0,69.96269844168897,499.5,5.6,31.8,4,0,99.4
Spider Plant,sandy,large,young,51.9,30.2,30.4,457.2,5.0,31.6,1,0,100.0
Tulsi,clay,medium,mature,68.5,36.8,92.8,538.4,5.6,48.2,4,0,89.4
Monstera,loamy,small,seedling,71.0,22.6,76.47328558358983,421.0,5.9,10.4,4,0,95.7
Aloe Vera,clay,medium,young,30.5,17.1,75.5,807.7,9.1,6.2,1,0,70.6
Snake Plant,loamy,small,mature,31.5,27.0,69.0,919.0,7.1,59.8,2,0,99.3
Fern,clay,medium,seedling,76.9,36.2,87.416702789096,102.8,2.4,55.2,3,0,78.5
Aloe Vera,loamy,medium,young,28.9,15.9,94.7,1015.2,7.3,11.9,1,0,73.9
Snake Plant,loamy,small,young,27.4,37.9,92.0,1161.1,7.4,43.3,1,1,92.2
Fern,clay,small,young,50.4,17.6,65.56882681648344,515.0,5.5,5.9,3,1,91.5
Fern,sandy,small,seedling,59.4,16.9,85.1935687792859,376.2,5.9,70.1,3,0,78.2
Peace Lily,clay,medium,mature,70.4,26.2,79.61404548076177,221.3,2.9,13.6,3,0,100.0
Snake Plant,loamy,large,seedling,42.4,24.6,65.6,749.4,7.1,42.3,2,0,100.0
Fern,clay,medium,mature,52.7,26.9,94.31736739245302,163.1,3.8,19.6,5,1,98.3
Tulsi,clay,small,mature,40.0,19.4,28.7,483.0,5.2,19.9,3,0,100.0
Jade Plant,loamy,small,mature,28.5,16.4,52.9,880.4,8.3,14.3,1,0,85.5
Spider Plant,sandy,medium,young,31.0,24.3,93.9,380.3,4.9,54.7,2,0,98.9
Aloe Vera,sandy,small,mature,8.1,27.2,44.6,947.5,9.7,12.4,1,1,98.1
Aloe Vera,loamy,large,seedling,5.2,28.5,31.4,354.5,6.6,54.1,1,1,83.4
Snake Plant,sandy,large,mature,29.9,26.7,30.5,387.2,4.2,7.8,2,0,98.9
Peace Lily,sandy,small,young,74.5,15.2,78.6,222.9,3.5,54.1,4,0,87.1
Tulsi,loamy,medium,seedling,68.4,25.9,45.1,372.0,6.2,30.7,4,0,100.0
Fern,clay,medium,young,74.6,37.9,64.9114614549237,463.4,5.9,47.8,3,0,88.5
Monstera,sandy,medium,mature,51.1,25.0,87.3,134.8,3.4,44.7,5,1,100.0
Monstera,clay,large,mature,55.6,24.7,91.9036155921719,563.8,4.7,10.7,3,0,100.0
Peace Lily,loamy,large,mature,51.4,27.0,76.5,380.2,4.2,9.2,3,1,100.0
Peace Lily,clay,small,mature,61.2,24.5,88.2,515.9,4.9,58.8,5,0,96.9
Monstera,clay,large,young,62.3,21.9,82.8,120.6,3.8,60.5,5,0,98.7
Spider Plant,loamy,medium,seedling,24.3,17.7,27.9,790.4,8.0,52.2,2,0,79.3
Aloe Vera,loamy,medium,young,9.4,27.2,51.0,303.8,6.4,41.2,1,1,96.9
Peace Lily,loamy,large,young,57.7,26.6,66.560593167893,405.0,5.2,60.4,5,0,99.9
Snake Plant,loamy,small,young,14.6,22.0,32.7,431.7,6.7,11.7,1,1,100.0
Fern,sandy,medium,seedling,72.5,25.0,82.31254686239924,448.1,4.3,27.3,5,0,100.0
Peace Lily,loamy,large,mature,69.6,15.1,88.75842518481775,545.2,4.7,15.9,5,0,91.6
Aloe Vera,clay,medium,seedling,5.5,19.3,48.3,323.2,6.3,8.7,1,1,100.0
Fern,clay,small,mature,66.2,16.0,66.25734712536631,407.7,6.0,9.5,3,0,86.7
Fern,loamy,small,mature,75.3,31.5,79.99365779378903,184.9,2.1,5.1,5,0,99.5
Money Plant,sandy,medium,young,66.8,34.9,37.7,484.2,6.7,7.2,3,0,96.2
Areca Palm,sandy,large,seedling,35.2,33.2,54.3,488.9,5.5,36.2,3,1,89.6
Spider Plant,sandy,small,young,31.0,36.8,38.8,809.0,8.1,11.1,1,1,88.1
Peace Lily,sandy,medium,seedling,73.9,17.9,92.66110866649592,404.8,4.8,60.8,3,0,77.8
Snake Plant,loamy,medium,mature,38.5,33.7,79.5,389.9,6.2,38.7,2,1,98.8
Spider Plant,loamy,large,mature,48.4,31.4,53.8,514.3,5.4,22.0,1,0,95.2
Money Plant,loamy,small,seedling,45.1,32.5,92.4,446.7,5.5,7.0,3,0,92.6
Aloe Vera,loamy,small,seedling,27.4,37.1,35.3,1011.1,9.8,49.7,1,1,62.2
Spider Plant,sandy,large,mature,42.6,18.2,94.8,334.7,5.6,19.9,2,0,99.7
Spider Plant,clay,medium,mature,32.4,38.0,94.9,630.3,7.5,1.4,1,1,88.5
Snake Plant,sandy,large,young,34.1,18.7,76.2,975.3,7.1,14.8,1,0,98.0
Jade Plant,sandy,medium,seedling,23.0,18.0,92.9,1151.3,7.6,16.2,1,0,79.6
Peace Lily,loamy,medium,mature,61.7,27.1,77.43966759764652,165.7,3.4,68.2,4,0,97.1
Fern,sandy,large,mature,62.3,27.7,90.6,151.2,3.1,38.6,5,0,100.0
Money Plant,sandy,large,seedling,51.6,29.5,31.1,502.9,7.0,61.4,4,0,90.5
Monstera,sandy,large,seedling,52.0,18.7,75.87496594792381,272.4,2.3,69.1,4,1,79.6
Aloe Vera,sandy,medium,mature,11.6,15.9,28.3,807.6,7.6,56.9,1,0,93.3
Areca Palm,sandy,small,young,32.3,28.3,30.5,349.5,6.6,46.7,2,1,99.7
Spider Plant,loamy,large,mature,30.6,31.2,77.5,451.6,5.5,44.4,1,0,98.9
Jade Plant,clay,medium,young,28.3,34.9,32.0,712.1,9.4,41.6,1,1,100.0
Money Plant,clay,medium,mature,57.0,24.9,40.4,447.9,4.1,16.1,2,0,97.0
Spider Plant,sandy,small,young,15.9,28.3,93.7,656.7,8.9,49.4,2,1,81.2
Areca Palm,clay,large,young,70.4,27.5,40.3,477.4,4.8,27.5,4,0,97.8
Tulsi,sandy,small,young,68.4,33.6,78.7,401.5,6.0,24.7,4,0,100.0
Money Plant,sandy,small,young,57.1,27.3,71.5,487.9,5.1,68.7,3,0,97.5
Monstera,loamy,small,mature,61.7,34.7,70.15912457805443,463.9,4.2,66.3,3,0,100.0
Tulsi,clay,large,seedling,67.3,36.5,84.2,362.9,5.5,3.4,3,0,80.8
Aloe Vera,sandy,large,seedling,22.9,36.6,31.2,592.3,6.3,32.5,1,1,75.9
Money Plant,sandy,medium,seedling,52.9,19.0,92.5,449.4,5.3,23.0,2,0,100.0
Monstera,sandy,medium,mature,65.8,29.1,60.62897822062695,250.3,2.2,63.1,3,0,95.9
Aloe Vera,sandy,large,mature,29.7,18.9,33.2,753.2,8.4,0.6,1,0,95.9
Aloe Vera,loamy,large,seedling,21.3,17.5,71.2,646.8,8.9,10.8,1,0,67.7
Tulsi,clay,medium,seedling,71.0,29.8,74.7,455.3,5.1,66.2,3,0,93.8
Monstera,clay,large,mature,70.9,35.5,86.05228754877749,282.4,2.8,68.0,5,0,91.2
Areca Palm,clay,medium,seedling,57.1,36.4,69.1,522.6,5.5,49.5,3,0,81.0
Jade Plant,sandy,large,seedling,8.4,20.1,61.6,808.5,9.0,8.7,1,1,99.7
Jade Plant,clay,large,seedling,24.0,18.1,53.2,831.0,8.3,60.9,1,0,93.4
Tulsi,loamy,large,young,59.7,35.0,72.2,427.3,6.4,56.5,4,0,98.6
Monstera,loamy,large,young,61.3,23.5,81.0162113368609,447.1,5.6,34.7,4,0,100.0
Fern,sandy,small,young,59.9,22.3,76.3,534.1,4.9,16.9,3,0,100.0
Jade Plant,sandy,medium,young,29.8,32.8,73.4,860.4,8.9,40.5,1,0,84.0
Peace Lily,clay,small,young,79.2,20.7,82.3,248.8,3.6,54.4,4,0,96.6
Areca Palm,sandy,small,seedling,43.1,20.7,25.2,475.1,6.0,57.5,3,0,100.0
Money Plant,sandy,large,mature,65.5,36.7,66.2,561.2,6.3,36.0,3,0,91.2
Aloe Vera,sandy,large,mature,22.4,27.4,59.9,1039.2,7.8,52.2,1,0,100.0
Jade Plant,loamy,small,young,21.1,17.9,72.9,769.2,7.4,55.7,1,0,72.9
Snake Plant,loamy,medium,young,40.1,35.5,56.8,419.1,6.7,8.9,2,1,92.0
Tulsi,clay,large,mature,48.7,29.5,83.0,412.1,4.6,56.7,3,0,100.0
Money Plant,loamy,medium,seedling,62.2,24.6,34.9,589.2,6.3,12.9,4,0,95.1
Jade Plant,clay,small,mature,30.7,30.3,29.0,554.2,7.0,26.8,1,0,100.0
Spider Plant,clay,small,seedling,33.4,30.6,68.4,302.2,6.3,56.6,1,0,92.2
Jade Plant,loamy,small,mature,3.3,35.5,58.3,964.9,8.1,67.2,1,1,79.8
Tulsi,sandy,small,seedling,58.9,17.4,63.9,357.2,4.9,22.5,2,0,76.1
Snake Plant,clay,small,young,48.8,17.1,93.4,767.3,8.6,60.1,2,0,88.5
Monstera,clay,small,seedling,80.4,37.0,85.2,258.8,2.3,54.4,4,0,82.5
Snake Plant,clay,large,young,22.3,24.3,26.6,423.6,5.2,22.2,1,0,99.0
Money Plant,sandy,medium,young,65.7,21.0,47.8,300.4,6.5,70.7,3,0,95.9
Peace Lily,sandy,medium,young,68.5,25.6,81.5,533.9,5.2,34.6,5,0,100.0
Snake Plant,sandy,medium,seedling,21.8,22.1,49.0,430.0,6.7,55.5,2,0,95.6
Peace Lily,sandy,medium,seedling,52.6,28.1,85.720505539261,204.1,2.3,2.8,4,1,100.0
Aloe Vera,loamy,small,mature,16.5,31.4,69.6,571.3,6.4,10.4,1,0,99.6
Money Plant,sandy,medium,mature,39.1,30.1,32.3,370.7,6.9,37.2,3,1,100.0
Money Plant,loamy,large,mature,58.0,17.3,81.1,481.7,4.1,71.6,3,0,93.6
Aloe Vera,loamy,large,mature,27.9,36.7,71.1,676.2,9.2,41.9,1,1,72.2
Fern,clay,medium,young,84.1,32.2,65.90912110947059,214.8,3.2,7.8,5,0,100.0
Aloe Vera,sandy,small,young,14.5,19.0,41.7,1146.9,8.0,71.5,1,0,100.0
Monstera,clay,small,young,61.4,26.4,83.86948034193729,302.4,4.3,44.7,3,0,95.9
Areca Palm,sandy,large,seedling,61.6,20.5,91.2,519.5,4.4,26.0,4,0,95.8
Peace Lily,sandy,medium,young,74.9,18.9,77.8,170.8,3.2,59.7,5,0,95.2
Monstera,loamy,large,seedling,76.3,28.2,77.3749862101079,428.7,5.0,11.9,5,0,100.0
Fern,sandy,small,mature,59.6,30.0,88.4467051707895,138.9,2.4,9.4,3,0,99.9
Aloe Vera,loamy,medium,mature,32.2,21.6,85.7,983.4,9.6,31.6,1,0,82.3
Tulsi,sandy,small,seedling,38.2,20.8,84.9,417.8,6.2,53.7,4,1,81.6
Monstera,sandy,medium,young,74.7,38.0,90.4,101.5,3.4,18.6,5,0,87.8
Snake Plant,clay,medium,young,15.1,19.9,43.8,500.3,6.9,2.4,2,1,100.0
Tulsi,clay,small,seedling,45.0,28.3,69.2,526.4,6.0,20.0,3,0,98.7
Jade Plant,loamy,medium,young,21.2,36.1,77.7,889.7,8.4,66.4,1,1,57.6
Tulsi,loamy,large,seedling,34.0,32.1,71.8,403.9,5.3,51.4,3,1,71.0
Spider Plant,sandy,small,seedling,29.4,21.9,71.2,559.8,5.3,39.5,1,0,99.8
Monstera,loamy,medium,mature,58.9,37.2,90.5025161167583,503.5,4.7,0.4,5,0,92.5
Fern,sandy,large,seedling,46.9,34.8,64.2,200.4,3.9,0.3,3,1,90.0
Tulsi,sandy,small,mature,58.3,34.0,49.9,540.5,5.9,19.7,2,0,96.4
Peace Lily,loamy,medium,young,70.7,28.0,90.28620427287478,476.2,4.3,69.1,4,0,95.1
Peace Lily,sandy,small,seedling,46.3,33.3,89.0,553.2,5.2,60.3,5,1,75.7
Jade Plant,loamy,large,seedling,28.8,22.7,67.9,1157.0,8.7,12.2,1,0,100.0
Aloe Vera,sandy,small,young,23.0,16.1,25.3,619.3,7.9,16.8,1,0,92.7
Snake Plant,clay,small,young,25.8,16.1,51.6,451.9,5.9,64.1,2,0,90.6
Jade Plant,clay,large,seedling,14.5,37.0,28.5,650.6,9.8,13.4,1,1,81.5
Fern,clay,medium,seedling,69.7,15.5,93.83465542746156,156.1,3.2,7.9,4,0,82.8
Snake Plant,clay,large,seedling,51.2,20.4,45.7,337.7,5.2,24.8,2,0,100.0
Money Plant,sandy,small,young,41.6,28.9,54.8,528.0,4.6,50.3,4,0,100.0
Areca Palm,loamy,large,young,45.4,29.5,30.2,542.8,6.6,52.7,4,0,100.0
Peace Lily,loamy,large,mature,64.2,32.5,70.57068988961049,496.5,4.7,3.7,5,0,99.7
Snake Plant,loamy,small,mature,15.9,29.8,77.1,420.5,4.9,16.0,2,1,98.5
Tulsi,sandy,large,young,69.1,19.1,43.6,396.2,4.3,69.3,4,0,100.0
Spider Plant,clay,small,seedling,40.8,37.6,70.4,333.0,4.3,24.7,2,1,76.5
Snake Plant,sandy,large,mature,25.8,32.5,68.4,568.3,7.0,44.9,2,0,100.0
Spider Plant,clay,large,mature,23.8,22.7,58.3,464.6,6.1,20.1,2,0,95.9
Areca Palm,clay,small,mature,55.8,15.0,31.5,301.4,6.5,29.5,2,0,90.6
Tulsi,clay,medium,seedling,44.2,18.7,49.3,394.3,6.5,48.0,4,0,91.1
Fern,sandy,large,mature,57.0,26.2,70.8,122.6,3.8,20.5,4,0,97.4
Jade Plant,loamy,small,mature,22.2,35.7,43.9,1173.2,7.0,14.8,1,1,94.7
Monstera,loamy,medium,seedling,47.4,27.1,74.57397044099504,222.6,3.3,6.7,3,1,100.0
Aloe Vera,sandy,small,seedling,27.6,24.1,66.2,830.9,7.6,1.2,1,0,100.0
Aloe Vera,loamy,small,young,27.7,23.0,48.6,993.3,8.3,31.0,1,0,95.2
Snake Plant,sandy,medium,young,28.3,17.5,65.3,305.3,5.8,57.9,2,0,88.3
Tulsi,sandy,large,young,44.3,22.5,75.7,407.2,5.1,38.4,3,0,100.0
Snake Plant,loamy,medium,mature,26.5,25.0,76.3,438.7,5.3,36.7,1,0,100.0
Spider Plant,loamy,large,mature,38.2,31.8,25.5,1023.0,9.0,48.4,2,0,96.8
Snake Plant,loamy,medium,seedling,33.7,29.4,40.3,427.1,6.3,18.0,1,0,92.2
Peace Lily,clay,large,mature,72.9,17.6,82.7597699990239,188.0,2.7,30.1,5,0,93.8
Snake Plant,loamy,small,young,24.4,37.9,85.2,430.4,5.9,50.4,2,1,79.7
Money Plant,clay,large,seedling,52.2,33.5,49.2,327.7,4.9,24.4,3,0,88.0
Peace Lily,loamy,medium,young,56.9,28.1,93.5,270.8,3.0,44.3,5,0,100.0
Snake Plant,loamy,large,young,52.4,15.6,86.5,493.5,5.5,22.4,2,0,90.7
Tulsi,loamy,large,young,46.6,18.3,32.7,484.5,6.7,58.8,4,0,100.0
Aloe Vera,loamy,large,seedling,24.9,25.5,53.3,1020.9,7.9,61.0,1,0,100.0
Tulsi,sandy,small,seedling,48.4,34.3,78.6,421.3,5.5,65.0,4,0,92.8
Snake Plant,sandy,small,young,29.5,23.5,29.1,398.2,6.2,48.6,1,0,100.0
Fern,sandy,small,mature,45.6,18.2,74.52946048972247,281.6,2.8,46.5,4,1,98.6
Spider Plant,sandy,small,young,16.5,37.9,92.1,451.5,5.7,60.3,2,1,72.0
Spider Plant,sandy,small,young,19.9,30.1,43.2,1129.3,8.6,5.9,2,1,100.0
Fern,sandy,small,seedling,69.3,29.9,84.3,283.5,3.3,16.0,3,0,87.8
Spider Plant,clay,large,young,36.6,15.4,56.7,334.0,5.1,5.6,2,0,89.0
Fern,sandy,medium,young,73.1,19.1,83.8,533.0,4.7,18.6,4,0,100.0
Aloe Vera,sandy,medium,young,7.3,27.9,32.8,1160.7,8.8,29.9,1,1,98.6
Fern,clay,small,young,51.4,23.8,70.5,119.2,2.5,54.6,3,1,85.5
Fern,sandy,medium,seedling,82.1,17.2,88.82731848528238,400.3,5.5,35.2,5,0,84.7
Snake Plant,sandy,medium,seedling,22.2,19.1,63.1,556.5,5.5,5.6,1,0,100.0
Snake Plant,loamy,medium,young,36.8,37.9,74.6,1042.1,8.5,66.8,2,1,77.6
Spider Plant,sandy,medium,seedling,17.4,24.5,83.3,625.9,7.7,22.0,1,1,98.7
Areca Palm,loamy,medium,seedling,46.0,29.5,92.8,543.1,6.9,51.9,3,0,86.7
Money Plant,sandy,small,seedling,42.2,21.7,37.5,597.4,4.3,22.4,3,0,100.0
Aloe Vera,loamy,large,young,21.0,36.1,81.8,1046.2,7.8,66.1,1,1,55.7
Peace Lily,sandy,large,seedling,76.7,25.2,92.5902698848902,517.6,4.3,30.4,5,0,99.7
Monstera,sandy,small,mature,43.2,36.9,77.45321674053454,508.0,5.0,71.9,3,1,70.8
Snake Plant,sandy,large,seedling,22.7,15.7,72.7,399.5,4.2,46.7,1,0,75.5
Jade Plant,clay,medium,young,14.1,27.3,53.0,464.5,6.1,43.0,1,0,97.1
Tulsi,sandy,medium,mature,56.1,32.9,41.1,302.4,6.2,24.5,2,0,97.1
Monstera,clay,large,mature,63.9,27.5,90.0,430.7,4.9,33.3,4,0,100.0
Peace Lily,clay,small,mature,51.1,23.1,66.7,252.5,3.7,12.0,5,1,100.0
Monstera,clay,large,seedling,72.7,21.0,93.2196920936382,245.4,3.6,19.1,3,0,100.0
Fern,loamy,small,mature,69.5,18.6,83.7659577987034,539.5,4.5,20.0,4,0,100.0
Monstera,loamy,medium,mature,75.2,23.2,71.5,324.1,5.9,18.9,5,0,96.2
Peace Lily,clay,small,mature,48.8,32.1,61.94094934901381,140.6,2.3,41.7,5,1,97.7
Fern,sandy,medium,young,47.6,33.1,71.4,396.8,4.4,26.4,3,1,100.0
Tulsi,clay,large,mature,51.9,32.9,83.5,538.2,6.5,31.8,2,0,100.0
Aloe Vera,sandy,large,mature,28.9,25.6,26.8,728.3,8.4,28.8,1,0,99.0
Money Plant,loamy,medium,young,55.2,37.3,91.3,497.8,4.3,46.1,4,0,94.5
Fern,sandy,large,mature,77.6,28.0,90.91737905245624,303.9,4.9,17.0,3,0,100.0
Fern,loamy,medium,young,63.7,15.3,63.28732091161636,182.9,2.3,33.2,4,0,90.0
Spider Plant,loamy,medium,seedling,40.1,16.6,90.4,1004.9,8.6,63.0,2,0,76.8
Aloe Vera,loamy,small,young,27.4,21.2,50.4,650.0,9.9,60.9,1,0,97.7
Jade Plant,clay,medium,seedling,12.2,30.0,29.9,746.5,9.0,18.8,1,0,88.2
Peace Lily,sandy,small,seedling,77.7,30.1,87.99186999532024,450.8,4.6,40.3,5,0,87.0
Tulsi,sandy,medium,mature,52.0,20.6,63.8,599.2,4.7,50.5,4,0,100.0
Tulsi,sandy,large,seedling,43.4,18.8,91.8,428.0,6.4,65.9,2,0,90.9
Money Plant,loamy,medium,mature,56.9,19.6,63.3,434.5,6.1,4.3,3,0,100.0
Money Plant,loamy,large,young,67.2,26.2,47.9,355.6,6.0,47.9,4,0,100.0
Jade Plant,sandy,large,seedling,13.5,18.2,40.2,335.4,6.8,24.3,1,0,87.5
Aloe Vera,clay,large,young,17.4,23.9,65.7,980.8,7.7,65.9,1,0,98.0
Money Plant,sandy,large,seedling,38.4,21.2,37.3,572.9,6.2,23.8,4,1,100.0
Areca Palm,sandy,small,young,36.7,23.6,93.6,581.1,6.4,53.1,3,1,89.1
Fern,clay,medium,young,80.2,15.0,87.94603670283098,293.4,2.1,58.8,4,0,92.3
Money Plant,clay,small,seedling,65.9,37.7,60.2,585.6,4.6,10.8,4,0,82.3
Fern,loamy,large,mature,58.6,31.4,78.49475272378947,180.0,2.4,48.8,5,0,100.0
Tulsi,loamy,medium,young,34.7,37.0,76.4,524.0,6.0,30.6,2,1,94.5
Snake Plant,clay,small,mature,21.4,25.2,57.2,1137.7,7.5,3.2,2,0,100.0
Peace Lily,sandy,small,mature,42.3,29.3,81.3,480.6,6.0,31.9,4,1,100.0
Fern,sandy,small,young,76.8,26.7,66.0,153.0,3.4,63.5,5,0,98.0
Areca Palm,loamy,medium,mature,44.2,16.0,32.3,504.0,4.8,61.9,2,0,94.1
Fern,clay,medium,mature,47.8,32.5,92.9419699610797,549.0,4.4,9.6,5,1,96.1
Aloe Vera,clay,large,mature,20.4,15.8,29.4,608.3,7.1,50.3,1,0,93.5
Aloe Vera,sandy,small,mature,12.3,30.9,90.1,957.8,9.1,21.9,1,0,89.0
Jade Plant,sandy,large,young,33.8,18.2,86.6,1105.0,8.0,20.0,1,0,84.3
Aloe Vera,clay,medium,young,16.7,31.9,78.4,851.5,7.4,49.2,1,0,81.0
Monstera,sandy,medium,seedling,43.4,30.0,88.1791521096774,262.2,3.5,71.3,4,1,71.4
Snake Plant,clay,small,young,35.0,27.0,46.1,374.4,6.0,52.7,2,0,97.0
Peace Lily,sandy,small,seedling,67.6,34.6,78.32024814269656,535.5,4.8,41.2,5,0,92.7
Monstera,sandy,small,seedling,73.6,17.1,75.86760147235256,151.6,3.2,40.3,5,0,85.0
Areca Palm,loamy,medium,seedling,45.3,37.9,85.9,450.2,4.6,13.4,2,0,75.7
Monstera,clay,large,mature,63.1,18.5,84.9,199.6,2.1,42.1,3,0,99.6
Peace Lily,clay,medium,mature,49.5,19.4,73.6,192.4,3.2,68.2,4,1,83.9
Snake Plant,loamy,medium,mature,36.5,21.7,53.4,600.9,8.6,55.8,1,0,96.7
Areca Palm,sandy,small,seedling,53.3,31.1,75.4,452.6,6.9,29.5,3,0,91.9
Aloe Vera,clay,large,young,33.1,23.1,65.8,628.1,9.5,12.4,1,0,100.0
Money Plant,loamy,small,mature,60.6,31.5,47.6,586.9,5.5,40.1,4,0,97.8
Tulsi,clay,large,seedling,49.6,24.7,34.2,485.4,6.7,21.3,4,0,100.0
Monstera,clay,large,seedling,46.7,21.1,91.34888654328374,350.0,4.5,64.4,3,1,80.2
Spider Plant,sandy,large,seedling,12.9,20.7,61.2,490.9,4.1,42.8,1,1,100.0
Spider Plant,loamy,medium,mature,23.5,33.2,34.7,721.5,7.2,43.9,2,1,96.5
Tulsi,sandy,small,mature,30.8,27.6,52.9,545.8,6.5,55.7,3,1,89.1
Tulsi,sandy,small,young,35.0,18.3,46.3,564.3,6.7,61.2,2,1,85.2
Fern,loamy,large,mature,66.4,16.9,78.0,350.0,5.8,48.3,5,0,87.1
Aloe Vera,sandy,small,mature,23.8,36.6,46.1,671.7,9.9,42.0,1,1,89.4
Money Plant,loamy,large,seedling,38.2,32.6,53.0,368.0,4.7,67.4,2,1,76.9
Tulsi,sandy,medium,young,45.0,30.2,82.8,308.4,4.5,3.7,2,0,97.6
Fern,loamy,large,mature,53.6,29.2,65.78549568951172,168.6,2.7,49.2,4,1,84.5
Money Plant,sandy,medium,young,56.4,26.8,81.4,593.5,4.6,60.5,4,0,100.0
Tulsi,loamy,small,seedling,59.0,24.2,25.3,491.7,4.7,32.7,4,0,97.4
Spider Plant,loamy,large,young,33.2,26.1,50.4,1173.0,8.5,52.4,2,0,100.0
Peace Lily,clay,small,seedling,64.4,20.4,94.7,311.2,4.4,17.8,4,0,100.0
Jade Plant,clay,large,seedling,13.5,22.5,66.6,827.9,9.3,7.5,1,0,100.0
Areca Palm,loamy,large,seedling,35.2,18.5,72.4,346.4,5.9,38.9,4,1,93.8
Jade Plant,clay,small,seedling,16.8,21.0,34.3,1122.0,7.7,51.6,1,0,100.0
Areca Palm,sandy,small,seedling,64.1,25.9,75.9,433.9,4.2,45.9,2,0,98.3
Spider Plant,clay,medium,young,16.1,26.0,50.8,391.1,6.3,21.4,2,1,100.0
Jade Plant,loamy,large,seedling,7.2,33.1,59.4,976.7,7.6,37.4,1,1,93.4
Fern,sandy,small,seedling,84.4,33.6,93.4,235.3,2.9,0.1,5,0,94.2
Fern,sandy,small,young,77.1,17.8,87.27893014405002,537.0,4.8,1.3,3,0,93.1
Jade Plant,loamy,small,seedling,31.7,32.9,41.1,714.2,9.7,26.6,1,0,87.1
Aloe Vera,clay,large,seedling,20.8,17.5,90.2,617.3,9.2,55.8,1,0,65.5
Fern,loamy,large,mature,64.5,17.5,79.78030707442404,438.7,6.0,9.9,4,0,86.8
Jade Plant,sandy,medium,mature,28.6,15.9,66.3,540.4,6.9,47.7,1,0,93.4
Spider Plant,sandy,large,seedling,12.3,29.5,54.4,937.1,8.2,65.6,2,1,79.1
Aloe Vera,loamy,small,young,25.6,28.3,88.9,887.8,8.2,33.7,1,0,83.8
Jade Plant,loamy,large,young,11.6,34.5,82.3,638.6,7.1,39.3,1,1,80.8
Snake Plant,clay,medium,mature,20.4,18.8,79.5,737.1,8.4,53.0,2,0,100.0
Money Plant,loamy,medium,seedling,67.5,22.8,46.1,492.2,4.4,34.2,2,0,100.0
Tulsi,clay,large,young,67.0,18.6,73.1,587.9,5.5,69.9,2,0,100.0
Tulsi,sandy,small,seedling,34.2,31.1,40.5,559.1,5.2,39.0,3,1,89.2
Areca Palm,clay,large,young,39.3,18.0,55.9,382.5,5.5,1.9,4,1,96.9
Monstera,clay,large,young,79.7,29.7,81.48141788940494,369.7,5.2,49.7,3,0,100.0
Spider Plant,loamy,large,mature,25.0,26.3,54.9,968.5,7.9,40.7,2,0,100.0
Areca Palm,sandy,medium,seedling,58.8,22.5,77.9,325.6,6.7,0.9,4,0,95.3
Areca Palm,loamy,small,seedling,73.1,37.8,61.3,443.0,5.2,18.0,4,0,80.9
Areca Palm,loamy,large,seedling,47.0,19.8,37.8,487.3,5.5,16.6,4,0,100.0
Tulsi,clay,medium,mature,60.8,21.7,50.8,385.1,6.2,20.4,3,0,99.8
Tulsi,clay,large,young,45.8,31.3,83.5,518.7,6.4,33.1,3,0,100.0
Areca Palm,clay,small,young,53.0,36.3,64.1,337.7,6.2,0.4,4,0,92.7
Snake Plant,sandy,medium,young,20.9,29.0,62.2,546.7,5.9,9.4,2,0,100.0
Jade Plant,sandy,small,mature,16.6,26.3,85.2,321.0,6.1,36.0,1,0,80.8
Snake Plant,sandy,medium,seedling,43.4,22.3,89.0,443.5,5.8,2.4,1,0,100.0
Spider Plant,sandy,small,mature,13.9,22.5,83.6,425.8,5.0,57.4,1,1,87.7
Monstera,clay,small,young,51.9,30.5,80.8,329.8,4.9,12.1,5,1,100.0
Tulsi,sandy,small,young,73.4,20.6,28.3,528.6,4.5,8.5,4,0,97.9
Jade Plant,clay,large,young,18.8,24.9,80.9,357.8,6.8,7.0,1,0,81.7
Monstera,sandy,large,mature,54.9,20.0,94.4,504.7,5.5,68.1,3,1,82.6
Snake Plant,clay,large,mature,30.1,17.3,66.7,543.9,6.8,4.9,1,0,86.5
Fern,loamy,medium,mature,73.2,32.2,63.19151395359002,311.8,4.3,67.4,4,0,100.0
Peace Lily,loamy,large,seedling,78.9,31.0,89.24811483295974,134.9,3.5,32.6,3,0,93.1
Jade Plant,loamy,medium,seedling,14.0,18.2,92.6,995.1,9.1,23.1,1,0,71.3
Tulsi,clay,large,seedling,61.0,35.6,81.8,350.6,6.9,19.4,2,0,77.9
Jade Plant,clay,medium,mature,18.0,15.3,72.7,679.5,7.3,18.1,1,0,74.3
Areca Palm,sandy,small,mature,50.0,23.6,71.7,433.1,4.0,64.4,4,0,99.1
Fern,sandy,medium,young,64.7,19.2,77.8,550.8,4.8,69.1,4,0,99.6
Areca Palm,loamy,small,seedling,54.7,29.2,75.7,365.3,5.6,5.0,3,0,91.3
Peace Lily,clay,medium,seedling,47.5,30.6,72.6723354189213,233.1,3.3,23.4,5,1,90.2
Fern,clay,small,mature,49.7,21.2,89.29752216846204,310.2,4.9,9.6,3,1,100.0
Aloe Vera,clay,small,seedling,30.9,30.3,79.1,980.8,10.0,13.6,1,0,76.2
Fern,loamy,small,young,44.9,27.4,83.13900797141754,378.9,5.2,24.3,3,1,100.0
Areca Palm,clay,large,seedling,71.0,16.8,36.2,310.0,6.6,48.5,2,0,77.6
Spider Plant,sandy,large,seedling,40.8,32.4,42.6,353.9,4.5,24.2,2,0,90.3
Jade Plant,loamy,medium,young,12.2,37.9,60.4,954.3,9.6,48.0,1,1,94.9
Fern,sandy,medium,mature,65.1,24.6,69.4,587.3,4.3,64.5,4,0,100.0
Monstera,loamy,medium,mature,47.2,25.9,80.4,396.9,4.0,22.9,5,1,97.9
Areca Palm,loamy,medium,seedling,58.7,24.1,61.5,465.6,6.2,36.5,3,0,96.9
Fern,clay,medium,young,82.0,32.3,84.71094383136224,294.8,3.2,5.1,4,0,100.0
Spider Plant,clay,small,young,51.8,25.4,88.9,1191.1,8.1,11.7,2,0,99.0
Jade Plant,loamy,large,seedling,8.7,27.4,82.6,952.7,9.9,1.9,1,1,85.6
Monstera,clay,small,seedling,55.1,24.7,92.41778980431783,295.1,2.2,28.9,5,0,98.1
Aloe Vera,sandy,small,young,16.0,22.7,73.6,721.0,8.1,57.7,1,0,82.3
Snake Plant,clay,large,seedling,25.6,30.0,50.0,1011.5,8.7,36.1,2,0,94.4
Tulsi,loamy,small,young,45.0,24.9,47.5,509.4,5.3,6.3,4,0,100.0
Money Plant,sandy,large,seedling,70.4,15.0,26.4,422.8,5.3,6.5,4,0,80.6
Fern,loamy,large,young,69.6,33.3,80.31218466347534,294.6,2.3,10.3,5,0,99.9
Areca Palm,clay,medium,seedling,65.2,18.4,76.3,527.4,5.1,11.1,2,0,93.1
Jade Plant,sandy,medium,seedling,32.0,23.5,57.0,693.8,9.9,34.6,1,0,100.0
Areca Palm,clay,large,young,45.6,35.9,51.3,357.0,6.3,38.2,4,0,86.1
Money Plant,clay,large,seedling,71.3,17.7,57.3,305.9,4.9,15.9,3,0,84.9
Spider Plant,clay,large,seedling,32.9,26.2,47.6,339.6,4.5,14.8,1,0,96.2
Peace Lily,loamy,small,young,44.9,28.8,70.03517577426703,551.9,4.6,69.6,4,1,82.2
Peace Lily,sandy,medium,seedling,69.5,23.7,73.45755661643244,467.9,4.7,66.2,5,0,96.9
Areca Palm,loamy,small,mature,32.6,18.0,62.0,487.3,4.9,60.7,4,1,89.9
Aloe Vera,clay,medium,young,5.3,30.1,93.8,480.1,6.3,57.8,1,1,73.1
Monstera,loamy,large,mature,50.4,28.6,80.18420705785161,101.5,2.9,55.7,4,1,83.9
Monstera,loamy,large,young,68.3,16.3,93.97311262016416,232.5,3.4,40.9,4,0,87.6
Tulsi,sandy,small,seedling,54.7,15.9,78.3,489.5,5.4,5.2,4,0,83.4
Spider Plant,sandy,medium,seedling,16.4,16.5,91.9,422.2,4.2,34.9,1,1,79.7
Tulsi,sandy,small,seedling,43.0,27.1,63.6,582.5,5.0,50.9,2,0,100.0
Fern,clay,small,seedling,74.6,18.8,88.23854039847612,118.9,3.1,6.4,4,0,88.5
Spider Plant,clay,small,mature,41.7,31.8,68.4,1101.3,7.8,33.5,2,0,95.1
Spider Plant,clay,large,mature,23.6,29.9,34.9,979.6,8.7,41.5,1,0,100.0
Peace Lily,sandy,medium,young,59.9,29.6,61.39378171947527,509.3,4.1,49.5,3,0,99.5
Tulsi,clay,small,seedling,40.9,23.3,39.9,467.6,4.9,11.2,4,0,100.0
Tulsi,sandy,medium,seedling,43.5,24.8,79.9,570.4,5.4,49.0,2,0,96.4
Aloe Vera,sandy,small,young,17.5,35.6,53.8,1067.2,7.5,2.2,1,1,90.3
Jade Plant,clay,large,young,13.6,35.7,31.0,363.6,6.7,35.6,1,1,93.4
Snake Plant,loamy,small,young,13.9,32.4,40.1,316.0,6.9,41.8,1,1,100.0
Aloe Vera,clay,small,mature,3.3,28.3,53.6,1153.8,8.9,63.2,1,1,84.0
Monstera,loamy,large,young,55.6,23.6,72.30402806011719,432.0,5.4,37.6,3,0,99.7
Peace Lily,loamy,medium,young,49.1,22.2,71.94468651568124,142.0,2.3,57.9,4,1,81.3
Spider Plant,clay,medium,mature,44.2,21.4,85.1,415.6,4.5,44.1,1,0,100.0
Tulsi,sandy,large,seedling,49.8,37.4,67.6,524.0,4.9,52.6,4,0,82.0
Peace Lily,clay,medium,young,54.7,29.3,80.63560045203899,513.4,4.1,15.3,4,1,96.5
Aloe Vera,sandy,medium,young,24.3,29.7,39.3,389.3,6.8,34.8,1,0,99.7
Spider Plant,sandy,small,mature,30.0,36.9,47.4,541.2,6.3,71.4,1,1,73.0
Spider Plant,loamy,large,seedling,36.5,22.9,69.6,308.6,5.1,17.6,2,0,99.9
Fern,clay,large,seedling,71.2,36.2,71.9,583.3,5.5,37.7,5,0,82.1
Spider Plant,loamy,medium,young,24.9,17.6,26.5,329.7,6.0,51.6,2,0,94.5
Peace Lily,clay,small,seedling,67.2,26.4,64.29180528733211,538.6,4.1,43.6,5,0,98.8
Snake Plant,sandy,medium,mature,29.6,27.1,26.9,955.6,8.2,65.1,2,0,100.0
Tulsi,clay,large,seedling,50.6,29.8,49.9,355.8,6.6,28.1,4,0,88.7
Snake Plant,sandy,medium,mature,38.6,32.7,58.7,400.1,5.3,11.0,2,0,99.1
Fern,sandy,large,seedling,72.3,28.9,87.0,126.2,2.0,17.8,3,0,100.0
Snake Plant,sandy,large,young,49.0,33.0,33.8,684.1,7.1,67.6,2,0,97.4
Money Plant,sandy,medium,mature,56.1,29.1,78.4,375.4,5.2,57.6,3,0,100.0
Snake Plant,clay,small,seedling,24.1,32.0,70.2,543.9,5.0,56.9,2,0,90.3
Spider Plant,loamy,medium,seedling,33.7,30.0,64.6,504.8,5.7,21.7,1,0,88.0
Jade Plant,sandy,small,mature,3.2,17.5,93.1,865.9,7.2,69.0,1,1,60.8
Areca Palm,sandy,medium,seedling,62.2,20.4,70.6,301.9,4.8,64.7,3,0,99.1
Areca Palm,sandy,large,mature,37.2,34.2,51.9,422.7,4.8,49.7,4,1,81.9
Monstera,clay,small,mature,74.8,21.5,87.33653214416601,432.2,5.3,38.3,3,0,97.5
Peace Lily,loamy,large,young,52.1,22.6,75.52192196393061,175.8,3.9,0.4,3,1,96.0
Money Plant,clay,medium,young,56.7,17.9,37.4,385.1,6.2,65.0,4,0,88.5
Snake Plant,loamy,large,seedling,38.4,24.3,59.2,604.7,7.7,54.6,1,0,100.0
Money Plant,clay,small,mature,63.4,21.4,39.0,501.1,4.1,18.4,2,0,98.3
Peace Lily,clay,small,seedling,50.9,25.6,79.79299798505858,295.5,3.8,71.0,4,1,84.2
Jade Plant,loamy,large,mature,7.5,32.2,88.1,1109.2,9.6,62.5,1,1,67.2
Money Plant,sandy,small,young,49.2,36.5,43.3,369.0,4.0,18.3,4,0,93.7
Aloe Vera,clay,small,young,25.2,27.1,59.6,801.0,8.0,11.7,1,0,100.0
Tulsi,loamy,small,seedling,37.0,31.9,25.9,339.9,6.9,66.9,4,1,70.5
Aloe Vera,loamy,large,young,13.8,29.7,63.7,726.1,9.1,60.2,1,0,100.0
Tulsi,sandy,medium,mature,38.9,31.7,41.8,383.9,5.2,54.4,3,1,84.1
Peace Lily,loamy,medium,mature,45.3,29.3,76.78710441269155,396.3,4.8,50.0,5,1,88.4
Monstera,clay,medium,mature,68.2,22.4,77.40634021644397,163.0,4.0,22.4,4,0,100.0
Fern,sandy,small,mature,58.8,29.9,93.2600106645929,148.8,3.6,21.6,4,0,100.0
Money Plant,loamy,small,seedling,48.2,22.8,76.2,538.1,4.9,32.9,2,0,100.0
Monstera,loamy,large,seedling,69.2,16.6,93.0258997939207,228.6,3.7,71.1,3,0,79.0
Snake Plant,sandy,medium,young,41.9,30.7,81.2,541.0,6.3,25.1,1,0,97.0
Aloe Vera,clay,medium,young,9.8,18.8,64.6,795.1,8.7,60.9,1,1,81.1
Fern,sandy,small,mature,44.2,36.9,77.04284782736742,213.5,2.1,32.2,4,1,94.8
Peace Lily,loamy,medium,seedling,65.8,18.9,68.05502539187425,377.5,5.7,22.5,3,0,89.9
Jade Plant,clay,large,mature,21.5,32.0,39.3,699.0,7.5,44.3,1,0,100.0
Jade Plant,sandy,medium,seedling,23.5,32.3,69.7,911.5,8.5,16.2,1,0,92.6
Snake Plant,loamy,medium,mature,39.0,30.2,54.5,868.8,7.9,71.1,2,0,100.0
Areca Palm,sandy,small,seedling,73.3,25.5,62.2,375.3,5.9,8.3,3,0,100.0
Tulsi,clay,large,young,54.6,36.7,71.8,514.1,6.1,24.7,3,0,92.2
Fern,loamy,medium,young,73.0,36.9,80.21826905951306,556.7,4.3,42.2,3,0,88.0
Jade Plant,loamy,large,young,8.4,30.1,33.5,701.2,7.9,5.8,1,1,96.3
Areca Palm,clay,small,young,66.2,23.2,94.0,555.7,6.0,61.0,4,0,100.0
Aloe Vera,loamy,medium,seedling,8.8,27.9,28.5,765.7,7.8,65.4,1,1,85.6
Snake Plant,sandy,small,young,16.4,29.9,65.8,527.3,4.2,64.0,2,1,89.6
Fern,loamy,medium,young,73.2,30.4,76.0149085636311,254.9,2.7,16.4,5,0,100.0
Money Plant,loamy,small,seedling,65.4,27.7,55.6,532.2,6.8,53.1,3,0,98.6
Areca Palm,loamy,small,seedling,65.9,22.4,72.0,523.7,4.8,38.0,3,0,97.2
Peace Lily,loamy,large,young,63.6,33.6,83.19904985095847,540.0,4.2,20.3,5,0,100.0
Fern,loamy,medium,seedling,53.8,37.8,73.28525354134027,279.0,3.4,14.7,5,1,80.0
Spider Plant,sandy,medium,seedling,21.2,20.2,34.7,333.3,5.9,60.9,1,0,100.0
Fern,clay,small,mature,77.8,22.4,89.30965067238289,449.2,4.0,26.9,3,0,98.0
Areca Palm,sandy,large,seedling,38.7,28.1,42.8,383.9,5.7,17.6,3,1,100.0
Fern,loamy,medium,young,73.7,31.6,71.84978764047081,424.1,5.7,70.5,5,0,99.4
Jade Plant,clay,small,mature,27.9,18.2,68.3,967.9,9.2,3.0,1,0,100.0
Snake Plant,loamy,large,mature,13.8,19.8,51.5,979.4,8.9,51.9,2,1,88.8
Monstera,sandy,large,seedling,62.7,34.9,62.5,115.9,2.9,5.2,5,0,89.3
Fern,loamy,small,young,48.2,21.6,61.37585609254854,401.4,5.3,23.5,3,1,98.2
Spider Plant,sandy,large,young,19.4,32.2,39.7,485.7,5.0,57.3,1,1,88.1
Tulsi,sandy,small,young,33.6,37.3,37.8,591.6,5.8,41.1,3,1,93.2
Money Plant,clay,large,mature,64.3,25.3,90.7,574.6,6.2,6.7,3,0,97.3
Peace Lily,clay,large,mature,74.5,33.7,77.1,479.1,4.9,5.8,5,0,100.0
Jade Plant,loamy,large,seedling,6.2,29.2,87.2,304.3,6.8,20.6,1,1,78.8
Monstera,loamy,small,mature,77.8,27.7,84.70658503759313,323.5,4.4,69.7,4,0,100.0
Jade Plant,sandy,large,seedling,20.0,19.5,93.8,973.9,9.0,39.3,1,0,81.5
Spider Plant,loamy,small,seedling,12.2,20.5,26.0,937.2,8.7,59.8,1,1,89.2
Areca Palm,loamy,small,mature,70.1,24.3,45.9,424.2,5.5,43.6,3,0,100.0
Spider Plant,sandy,large,mature,16.8,22.3,32.5,509.8,4.1,43.9,1,1,97.9
Tulsi,loamy,small,seedling,56.1,36.4,29.4,513.6,5.5,62.7,4,0,82.1
Fern,loamy,small,mature,78.3,29.9,94.84928640571243,538.0,4.2,49.6,3,0,100.0
Areca Palm,sandy,small,seedling,64.3,31.7,34.9,449.3,6.7,71.8,4,0,89.4
Aloe Vera,sandy,small,mature,6.7,35.5,46.6,921.6,8.0,22.1,1,1,94.4
Monstera,sandy,medium,seedling,67.5,26.2,63.223802248077355,166.3,4.0,18.9,4,0,100.0
Money Plant,sandy,small,mature,36.7,18.0,71.9,412.3,5.8,65.7,2,1,86.0
Snake Plant,sandy,medium,mature,44.1,20.5,66.5,743.9,8.6,22.3,1,0,95.9
Tulsi,clay,small,young,50.2,16.1,67.5,413.0,4.2,11.4,2,0,93.4
Monstera,clay,small,mature,75.3,25.8,92.23518802896098,326.2,4.4,33.8,5,0,99.3
Fern,clay,large,seedling,72.6,27.9,70.54853998836101,447.7,5.1,57.1,3,0,100.0
Snake Plant,sandy,small,mature,14.6,37.2,46.6,584.4,6.6,24.8,1,1,90.9
Tulsi,sandy,small,young,50.8,22.9,33.1,397.5,6.5,8.6,2,0,100.0
Fern,loamy,small,seedling,82.5,22.1,88.7,412.0,4.3,3.1,4,0,98.0
Jade Plant,loamy,medium,mature,32.3,38.0,58.2,675.5,9.7,3.6,1,1,87.8
Aloe Vera,sandy,large,young,14.2,27.9,82.5,367.3,6.5,11.9,1,0,87.5
Monstera,clay,small,seedling,66.5,20.3,90.1594885149992,322.2,4.7,15.5,3,0,100.0
Money Plant,sandy,small,seedling,37.7,34.0,47.2,558.1,6.4,31.4,3,1,89.7
Snake Plant,loamy,medium,young,49.5,35.6,87.6,598.6,4.8,61.4,1,0,87.6
Spider Plant,sandy,medium,seedling,43.3,22.9,44.6,333.7,6.9,54.2,2,0,100.0
Jade Plant,sandy,medium,young,12.3,30.3,56.7,777.1,7.7,16.7,1,0,100.0
Money Plant,clay,small,seedling,60.3,35.7,28.1,533.2,5.0,36.1,4,0,78.6
Fern,clay,small,young,48.1,15.1,86.1,499.1,5.4,52.8,3,1,76.0
Jade Plant,clay,large,seedling,27.6,37.2,70.8,865.9,9.1,14.1,1,1,62.1
Tulsi,loamy,small,mature,65.5,27.2,76.9,465.4,5.2,62.5,3,0,95.6
Tulsi,sandy,small,mature,52.4,27.2,51.2,586.1,6.3,48.5,3,0,100.0
Tulsi,clay,large,young,72.3,16.5,85.1,397.6,4.8,39.3,4,0,91.8
Jade Plant,sandy,medium,young,5.2,17.6,36.7,1037.4,7.1,42.5,1,1,90.1
Aloe Vera,clay,small,seedling,7.1,25.3,56.1,852.7,8.7,4.3,1,1,100.0
Fern,loamy,large,seedling,62.1,32.8,84.8,469.5,4.4,14.6,3,0,86.0
Peace Lily,sandy,large,seedling,76.0,34.5,80.0,165.5,4.0,58.8,4,0,94.4
Fern,clay,small,seedling,84.5,36.5,83.47589039539466,162.6,2.1,14.2,5,0,83.4
Peace Lily,loamy,small,mature,42.6,20.2,79.62228720302238,380.2,5.8,70.3,3,1,85.3
Areca Palm,clay,large,young,44.4,37.6,61.2,403.9,6.7,45.2,2,1,94.4
Money Plant,loamy,small,young,45.8,22.1,32.7,512.7,6.6,21.4,2,0,98.9
Aloe Vera,loamy,medium,young,30.7,26.3,70.5,972.9,7.9,44.1,1,0,88.4
Aloe Vera,loamy,large,seedling,5.5,15.1,50.8,820.1,9.9,46.8,1,1,75.1
Monstera,clay,large,seedling,55.6,31.9,81.82256541800339,408.5,4.2,40.8,4,0,94.2
Tulsi,loamy,medium,mature,41.1,25.8,45.4,361.9,6.7,70.2,3,0,100.0
Money Plant,sandy,large,seedling,56.4,20.2,26.4,366.6,6.4,6.5,4,0,96.2
Monstera,sandy,medium,young,65.1,23.6,65.88760869588648,571.9,5.4,18.2,4,0,98.1
Monstera,sandy,small,young,82.1,19.9,91.61663272795671,567.7,5.9,1.5,5,0,100.0
Aloe Vera,loamy,small,mature,29.9,29.6,64.1,584.3,6.3,47.0,1,0,100.0
Peace Lily,loamy,large,mature,53.0,34.7,91.83296439766414,176.2,2.5,25.1,3,1,97.9
Fern,clay,medium,mature,81.4,33.8,91.80361112318636,433.2,5.3,3.8,5,0,100.0
Tulsi,sandy,large,seedling,50.5,32.6,77.6,371.7,5.8,63.5,3,0,89.8
Monstera,sandy,small,young,65.0,23.1,72.83472653172782,349.6,5.7,51.9,4,0,97.5
Money Plant,loamy,small,mature,53.1,23.1,44.6,523.9,6.5,56.7,2,0,97.5
Fern,loamy,large,seedling,74.1,25.9,91.62364278165407,214.6,2.2,47.3,4,0,100.0
Snake Plant,loamy,large,seedling,18.7,31.6,82.9,565.1,6.0,52.0,1,1,79.7
Snake Plant,sandy,small,young,41.9,21.0,38.2,558.7,4.3,23.2,2,0,98.5
Spider Plant,sandy,medium,mature,19.0,27.6,88.1,436.3,6.3,8.0,2,1,100.0
Areca Palm,clay,large,seedling,71.6,18.3,71.3,428.6,5.9,26.0,2,0,90.3
Peace Lily,loamy,small,mature,63.5,21.0,86.8631990572695,163.4,3.8,32.6,3,0,98.7
Peace Lily,loamy,large,mature,63.8,18.5,94.40931069062772,237.9,3.9,16.6,3,0,97.9
Aloe Vera,clay,small,young,14.6,17.6,31.9,318.0,6.2,62.2,1,0,91.1
Peace Lily,loamy,small,seedling,78.7,20.9,79.0,109.9,3.0,29.1,4,0,100.0
Areca Palm,clay,medium,young,50.6,30.7,67.2,583.7,4.7,7.2,3,0,95.2
Aloe Vera,clay,small,seedling,18.1,36.0,60.5,602.3,7.1,15.3,1,1,83.4
Jade Plant,sandy,medium,mature,12.3,30.9,73.2,959.7,9.2,14.1,1,0,82.2
Peace Lily,clay,small,seedling,70.7,32.1,64.67365420675733,269.0,3.7,68.7,4,0,90.4
Tulsi,clay,large,young,37.3,16.4,39.6,431.8,5.2,13.4,2,1,86.4
Areca Palm,loamy,medium,young,44.2,28.6,81.8,353.5,5.4,55.3,3,0,98.4
Aloe Vera,clay,large,young,22.3,28.5,91.3,682.6,8.8,28.7,1,0,87.9
Monstera,sandy,large,young,56.9,30.1,61.35150529117511,206.1,3.9,68.3,3,0,97.1
Aloe Vera,loamy,large,mature,19.0,28.4,30.3,998.6,9.0,26.3,1,0,99.2
Jade Plant,sandy,small,seedling,29.5,26.6,56.8,415.2,6.4,27.6,1,0,100.0
Jade Plant,loamy,medium,young,5.6,20.1,76.8,553.5,6.2,57.4,1,1,71.4
Areca Palm,sandy,medium,young,45.4,33.0,53.8,388.2,4.1,44.4,2,0,97.6
Jade Plant,sandy,large,seedling,31.1,34.6,52.9,659.5,9.4,61.6,1,1,78.6
Jade Plant,sandy,large,young,21.1,28.2,86.5,1129.1,8.2,16.7,1,0,88.1
Spider Plant,loamy,large,young,38.6,25.4,54.9,411.6,5.2,34.2,2,0,99.0
Money Plant,clay,medium,young,56.9,15.3,25.6,586.0,6.1,16.7,2,0,90.0
Money Plant,sandy,small,young,52.6,22.3,35.4,595.7,4.0,46.2,2,0,100.0
Areca Palm,clay,large,mature,55.8,30.1,75.8,454.9,4.4,26.9,3,0,100.0
Spider Plant,clay,medium,seedling,14.8,35.4,63.7,571.7,4.7,12.9,1,1,78.0
Spider Plant,clay,small,mature,40.4,24.5,31.5,419.4,6.8,71.5,2,0,100.0
Peace Lily,clay,small,young,64.5,35.9,86.3948606698293,297.1,2.7,48.5,3,0,90.2
Money Plant,loamy,large,mature,68.9,17.7,79.2,529.9,5.4,41.5,2,0,88.7
Areca Palm,clay,small,young,55.4,19.8,47.1,503.7,6.9,49.0,3,0,100.0
Money Plant,loamy,medium,young,57.3,25.8,28.4,562.3,4.8,49.5,3,0,100.0
Jade Plant,clay,medium,mature,19.0,28.7,42.6,1104.6,8.0,5.6,1,0,99.3
Fern,sandy,medium,seedling,80.2,35.2,92.36284489014437,470.7,5.7,33.8,3,0,78.8
Money Plant,sandy,small,seedling,43.6,15.3,70.4,531.9,5.3,15.6,4,0,76.7
Aloe Vera,clay,medium,seedling,6.6,18.2,67.2,1183.1,10.0,47.1,1,1,89.0
Snake Plant,sandy,large,seedling,43.7,18.9,43.0,331.8,6.9,63.6,1,0,90.7
Spider Plant,clay,medium,young,17.7,18.7,73.6,514.9,5.6,40.4,2,1,99.2
Jade Plant,clay,small,mature,8.5,30.1,37.4,1085.4,9.7,26.7,1,1,100.0
Tulsi,sandy,large,mature,38.5,31.7,74.8,303.0,4.6,7.3,4,1,97.4
Tulsi,loamy,large,young,43.7,36.6,65.4,474.9,5.8,71.9,2,1,74.1
Jade Plant,loamy,large,mature,10.9,17.6,64.6,642.9,9.4,18.6,1,0,90.8
Areca Palm,sandy,large,seedling,48.9,20.1,54.6,588.1,4.2,51.1,4,0,100.0
Areca Palm,loamy,medium,mature,37.3,36.3,38.3,538.8,6.4,34.8,4,1,92.9
Peace Lily,sandy,large,mature,70.5,32.1,84.30451489333012,363.7,4.5,54.8,5,0,100.0
Jade Plant,clay,large,seedling,18.5,20.3,77.1,896.2,9.0,16.7,1,0,85.1
Money Plant,clay,small,young,39.2,30.4,81.9,505.7,5.3,67.7,4,1,88.9
Monstera,sandy,small,young,74.0,32.6,91.0,561.3,5.9,39.7,3,0,98.9
Fern,clay,small,mature,51.7,35.9,77.00452244531938,145.8,2.3,61.8,5,1,79.0
Snake Plant,clay,medium,mature,49.1,21.5,57.8,510.5,5.1,6.1,2,0,100.0
Snake Plant,clay,medium,seedling,17.2,25.5,38.3,334.7,5.1,41.8,2,1,100.0
Tulsi,clay,medium,mature,53.1,31.1,94.3,491.0,4.7,14.7,2,0,95.4
Peace Lily,clay,large,young,63.2,17.8,61.95201876525038,571.6,4.3,58.3,4,0,87.6
Aloe Vera,sandy,medium,seedling,26.4,31.5,25.4,661.7,8.7,56.8,1,0,88.2
Money Plant,loamy,large,mature,42.4,18.0,67.9,322.7,4.5,16.2,4,0,100.0
Money Plant,clay,large,young,60.6,33.1,27.9,304.8,5.2,11.8,4,0,98.0
Money Plant,clay,small,mature,46.8,25.5,79.0,547.9,5.7,44.3,2,0,100.0
Tulsi,loamy,large,young,59.9,22.7,51.9,571.2,4.4,2.9,2,0,100.0
Areca Palm,loamy,medium,seedling,55.1,37.3,75.2,533.5,6.4,26.0,3,0,78.9
Snake Plant,sandy,large,seedling,38.6,37.8,90.4,1070.6,8.6,11.4,2,1,76.2
Money Plant,loamy,large,young,37.8,19.9,52.8,441.6,6.4,39.9,3,1,98.4
Areca Palm,sandy,small,young,62.7,16.7,94.8,460.9,4.4,60.6,4,0,85.7
Monstera,sandy,small,mature,50.4,29.5,81.70006963620072,266.8,3.3,20.9,4,1,98.6
Fern,clay,medium,young,68.9,27.4,87.07632995627148,416.1,5.4,3.6,5,0,97.4
Fern,clay,large,mature,66.8,27.4,82.41716440129251,567.0,4.2,55.3,5,0,100.0
Spider Plant,sandy,small,young,33.4,28.3,90.2,314.5,7.0,48.9,2,0,96.3
Jade Plant,loamy,large,mature,28.7,15.4,89.0,899.3,8.0,3.7,1,0,79.6
Fern,sandy,medium,seedling,53.5,15.5,93.37160444675632,439.5,5.2,4.4,3,1,76.4
Areca Palm,loamy,small,young,60.7,20.4,46.5,508.8,6.8,42.3,2,0,96.0
Aloe Vera,sandy,medium,seedling,14.3,36.2,34.8,905.6,9.0,18.7,1,1,81.4
Money Plant,clay,small,young,38.6,19.0,44.3,333.6,6.0,53.6,2,1,87.6
Peace Lily,clay,large,young,75.0,22.1,89.4,181.5,3.2,5.3,3,0,100.0
Snake Plant,clay,large,seedling,23.6,35.2,59.6,474.2,6.4,53.6,2,1,62.3
Jade Plant,loamy,large,young,23.5,36.6,74.4,606.2,9.2,13.7,1,1,74.9
Money Plant,clay,small,seedling,66.3,29.6,90.9,577.3,4.9,7.4,2,0,85.8
Fern,clay,medium,mature,52.5,37.8,86.9,113.9,2.8,24.3,5,1,93.2
Snake Plant,sandy,large,seedling,19.4,20.8,30.8,427.5,6.7,32.9,2,1,98.5
Monstera,clay,large,mature,54.0,32.7,61.21736910120615,248.8,3.1,29.3,3,1,100.0
Aloe Vera,sandy,large,mature,20.5,30.2,25.1,1087.7,9.8,4.8,1,0,98.0
Snake Plant,loamy,medium,seedling,31.2,33.0,74.4,677.6,8.5,57.5,1,0,89.6
Aloe Vera,sandy,medium,mature,11.1,33.0,44.6,542.9,6.1,52.8,1,0,97.4
Monstera,loamy,small,mature,75.5,24.5,70.68050536593077,434.3,4.9,59.1,5,0,97.1
Tulsi,sandy,medium,seedling,62.2,20.9,86.8,494.8,5.8,17.8,2,0,96.4
Money Plant,clay,small,mature,44.2,24.3,68.0,476.5,5.1,65.6,2,0,100.0
Monstera,clay,small,young,58.2,31.6,65.87702124105746,271.2,2.3,30.9,5,0,100.0
Aloe Vera,clay,small,mature,7.0,32.5,72.3,936.2,9.1,3.4,1,1,83.2
Spider Plant,sandy,small,mature,16.2,25.2,58.3,344.1,4.3,7.8,2,1,96.5
Spider Plant,clay,medium,seedling,15.6,24.7,86.0,308.0,5.5,51.8,2,1,84.4
Monstera,clay,medium,young,80.7,37.4,67.62654880070679,485.0,5.4,34.6,5,0,90.3
Areca Palm,clay,medium,young,64.6,23.7,75.5,444.5,5.4,56.7,3,0,98.1
Tulsi,clay,small,young,35.9,26.7,79.8,492.1,6.0,55.5,4,1,89.7
Snake Plant,sandy,large,mature,17.7,18.3,93.3,470.2,6.2,60.8,2,1,86.6
Fern,sandy,large,young,72.9,30.9,66.21278244734656,180.3,3.8,6.5,3,0,95.1
Money Plant,loamy,medium,young,47.0,34.2,38.1,451.0,6.8,19.2,4,0,95.7
Spider Plant,sandy,medium,young,24.8,16.7,90.8,977.4,7.1,54.5,2,0,92.8
Fern,loamy,medium,young,56.7,16.6,72.41907904076291,105.3,2.5,34.8,3,0,89.2
Monstera,clay,medium,seedling,59.5,17.6,92.17800617649237,345.3,5.5,17.2,3,0,78.8
Areca Palm,sandy,medium,young,35.8,32.7,72.2,399.3,5.6,27.9,3,1,96.4
Aloe Vera,clay,medium,seedling,8.7,23.4,90.2,786.8,9.9,39.2,1,1,85.7
Spider Plant,sandy,large,mature,25.9,23.1,67.2,628.8,8.1,61.2,2,0,95.6
Peace Lily,sandy,large,seedling,73.1,31.9,73.06894886840433,473.6,4.1,41.0,3,0,91.4
Aloe Vera,loamy,large,mature,18.1,26.6,48.6,697.8,8.0,68.2,1,0,100.0
Money Plant,sandy,small,seedling,47.6,24.5,77.4,348.2,6.5,38.8,4,0,100.0
Tulsi,loamy,small,young,67.8,29.1,67.4,476.8,6.6,61.4,3,0,100.0
Areca Palm,loamy,small,young,53.9,37.8,72.3,540.9,6.9,53.3,2,0,85.7
Aloe Vera,loamy,small,seedling,23.3,36.8,52.2,770.9,9.1,14.2,1,1,79.7
Monstera,sandy,small,seedling,77.5,21.8,79.15376410745802,543.7,5.1,57.7,4,0,99.3
Snake Plant,sandy,medium,young,47.1,24.2,70.2,414.9,7.0,48.4,1,0,98.7
Fern,clay,medium,young,83.1,15.6,92.64105904155149,290.0,2.6,27.4,4,0,86.0
Monstera,loamy,large,young,79.8,20.2,60.996944533513094,199.6,3.8,51.3,5,0,96.3
Areca Palm,sandy,small,seedling,46.9,33.9,87.8,552.0,4.9,57.2,4,0,93.1
Snake Plant,clay,medium,young,37.1,30.0,47.0,465.9,5.0,40.5,2,0,100.0
Aloe Vera,loamy,large,seedling,10.6,30.4,86.8,824.3,9.3,64.1,1,0,73.5
Peace Lily,loamy,large,young,57.3,19.5,85.5,478.7,4.3,33.8,4,0,96.3
Snake Plant,clay,medium,seedling,52.7,19.3,26.5,1069.9,8.3,62.8,1,0,99.0
Jade Plant,sandy,medium,mature,23.9,29.5,68.4,1183.2,8.0,59.2,1,0,99.5
Fern,clay,large,mature,59.7,23.8,65.8,324.1,5.2,67.3,4,0,98.6
Aloe Vera,clay,small,mature,20.6,24.9,94.0,864.7,8.6,45.4,1,0,83.4
Snake Plant,clay,medium,young,26.1,36.9,82.5,315.0,4.3,8.5,2,1,90.9
Spider Plant,sandy,medium,mature,46.6,24.6,92.3,873.0,7.9,71.3,1,0,100.0
Aloe Vera,sandy,small,seedling,16.4,23.7,39.6,423.9,6.3,37.2,1,0,98.0
Spider Plant,loamy,large,seedling,16.3,32.4,87.1,484.5,6.8,11.4,2,1,89.6
Peace Lily,clay,large,seedling,63.4,29.7,75.7,584.1,4.5,15.2,3,0,91.8
Jade Plant,loamy,medium,mature,26.0,23.2,30.5,616.4,7.1,49.4,1,0,98.5
Money Plant,clay,large,mature,41.2,30.6,49.3,315.0,6.7,18.7,3,0,98.7
Fern,clay,large,young,78.1,29.2,94.17446376255741,177.0,2.1,57.2,5,0,100.0
Jade Plant,clay,large,young,12.0,22.0,33.1,649.8,8.6,47.4,1,0,95.0
Monstera,sandy,small,mature,62.3,23.7,76.3,156.1,4.0,52.2,3,0,99.2
Areca Palm,loamy,small,mature,57.0,33.5,87.4,342.5,5.8,5.8,3,0,99.3
Snake Plant,sandy,small,seedling,31.8,21.1,73.8,962.3,8.0,38.8,2,0,100.0
Snake Plant,clay,large,young,18.8,23.2,82.1,422.3,6.1,11.8,1,1,100.0
Tulsi,sandy,large,young,39.0,34.9,72.9,512.7,6.6,26.2,2,1,100.0
Spider Plant,sandy,large,mature,47.4,21.0,63.5,837.9,7.5,54.5,1,0,100.0
Fern,sandy,medium,mature,72.9,25.2,84.16703443959692,141.5,3.2,22.4,5,0,100.0
Areca Palm,clay,medium,young,71.3,34.5,31.3,366.8,4.6,71.1,3,0,97.4
Tulsi,loamy,medium,seedling,66.3,17.6,72.3,324.6,6.4,55.0,3,0,76.3
Snake Plant,clay,medium,mature,31.5,31.2,93.2,1007.2,7.3,62.8,2,0,98.3
Snake Plant,loamy,small,mature,20.9,20.2,61.7,762.4,7.0,45.1,1,0,95.9
Areca Palm,sandy,large,seedling,43.3,28.8,42.0,468.4,4.3,42.2,2,0,100.0
Tulsi,clay,small,seedling,69.6,16.8,63.5,447.4,6.6,13.4,3,0,77.7
Tulsi,loamy,medium,young,70.0,31.7,74.0,316.4,4.9,67.6,4,0,100.0
Jade Plant,loamy,large,mature,20.3,19.3,37.7,762.8,8.8,57.0,1,0,97.6
Spider Plant,clay,small,young,19.1,28.2,37.4,894.4,8.4,27.7,1,1,100.0
Fern,clay,small,mature,49.6,19.3,90.7,143.9,2.5,58.0,4,1,88.0
Areca Palm,sandy,medium,young,48.6,23.7,29.2,458.2,4.5,2.8,4,0,99.1
Areca Palm,loamy,small,mature,47.8,26.4,32.8,432.7,6.2,14.1,4,0,100.0
Tulsi,sandy,large,young,50.9,25.7,77.3,474.1,6.3,22.7,4,0,95.3
Tulsi,clay,large,mature,61.7,28.2,67.1,472.8,5.3,53.6,4,0,100.0
Snake Plant,sandy,large,young,51.4,18.3,31.0,510.7,4.3,52.1,2,0,98.8
Snake Plant,clay,large,young,20.3,19.2,59.8,535.7,4.4,30.1,2,0,96.0
Fern,sandy,small,mature,70.1,19.7,63.03295579280186,491.2,4.8,60.3,5,0,97.4
Monstera,sandy,medium,seedling,72.0,37.8,80.7933534373549,196.4,2.9,16.6,5,0,77.3
Areca Palm,sandy,large,mature,52.0,26.9,82.2,574.3,4.2,70.1,3,0,95.4
Tulsi,sandy,large,young,33.8,30.4,60.3,522.4,4.0,34.9,4,1,100.0
Areca Palm,loamy,medium,young,50.5,18.6,57.2,438.8,5.8,56.4,2,0,96.5
Aloe Vera,loamy,large,seedling,28.1,19.3,61.6,735.5,9.8,62.0,1,0,99.6
Monstera,clay,large,mature,49.5,29.8,81.6,134.1,3.1,16.0,5,1,97.6
Money Plant,sandy,medium,mature,46.7,27.8,60.4,302.8,6.7,37.8,3,0,96.5
Snake Plant,clay,small,seedling,23.8,35.5,71.5,401.9,5.2,60.1,2,1,67.9
Jade Plant,clay,medium,mature,20.0,34.0,73.9,680.8,7.8,59.0,1,1,67.5
Areca Palm,clay,medium,seedling,56.4,36.8,78.1,430.5,5.3,16.2,4,0,76.9
Monstera,clay,large,seedling,43.8,33.6,92.75624144184007,345.3,5.2,70.2,5,1,75.2
Areca Palm,clay,medium,young,36.7,28.4,94.0,541.9,6.1,62.8,4,1,88.4
Peace Lily,loamy,large,seedling,72.5,23.9,77.2723587352825,571.2,4.5,24.6,3,0,100.0
Spider Plant,clay,large,seedling,41.7,20.5,26.7,540.8,4.3,44.4,2,0,96.1
Monstera,loamy,medium,seedling,76.0,37.3,64.17708930359879,176.5,2.9,65.8,4,0,81.5
Monstera,clay,small,mature,63.8,28.3,78.9,468.0,4.6,11.7,3,0,97.7
Aloe Vera,clay,large,mature,34.8,36.3,75.6,1185.3,9.7,8.2,1,1,71.9
Snake Plant,loamy,medium,mature,22.1,28.7,88.5,424.6,4.9,15.8,1,0,98.6
Spider Plant,loamy,medium,mature,52.0,26.9,38.7,347.4,6.4,3.9,2,0,97.3
Jade Plant,clay,small,mature,7.4,26.8,72.5,1042.4,9.4,52.2,1,1,69.3
Spider Plant,clay,medium,young,48.9,31.9,80.3,305.5,6.6,14.6,1,0,97.7
Spider Plant,loamy,medium,young,48.8,32.0,73.6,417.9,4.0,68.8,2,0,100.0
Monstera,sandy,medium,seedling,67.7,18.7,90.39217946606831,309.0,5.8,7.1,3,0,91.7
Fern,clay,small,seedling,72.0,30.0,64.7,239.0,2.7,58.3,5,0,94.7
Peace Lily,clay,small,mature,48.4,19.7,61.66856343051565,428.9,4.2,41.9,5,1,100.0
Aloe Vera,loamy,medium,mature,14.6,21.2,29.1,924.6,7.3,56.3,1,0,98.6
Snake Plant,loamy,medium,seedling,32.7,21.8,59.6,542.2,4.2,36.9,2,0,100.0
Jade Plant,clay,medium,seedling,32.5,23.9,37.8,843.8,7.3,66.5,1,0,97.2
Aloe Vera,clay,medium,mature,8.9,15.1,81.9,1122.9,7.3,52.4,1,1,55.9
Jade Plant,loamy,small,seedling,30.2,17.7,64.1,748.7,8.3,58.5,1,0,78.2
Money Plant,sandy,medium,seedling,57.3,29.0,49.6,599.5,4.8,45.0,2,0,99.2
Money Plant,loamy,medium,young,40.4,18.2,93.4,473.0,4.8,65.7,4,0,100.0
Spider Plant,loamy,large,young,45.7,31.7,38.8,1097.1,8.0,23.4,2,0,96.6
Peace Lily,clay,medium,seedling,52.7,37.2,92.79958717782131,245.7,2.2,19.6,3,1,76.0
Spider Plant,sandy,small,young,20.8,37.9,37.4,1145.3,8.9,45.6,1,1,93.1
Snake Plant,loamy,medium,seedling,17.8,32.3,32.6,446.4,4.7,52.0,2,1,71.0
Areca Palm,loamy,large,young,50.2,17.2,52.0,435.2,6.0,35.5,3,0,91.3
Aloe Vera,loamy,large,young,23.3,19.5,89.8,370.8,6.3,69.2,1,0,88.6
Peace Lily,loamy,medium,young,72.1,32.0,70.5183256494771,421.4,5.1,2.6,5,0,100.0
Monstera,loamy,small,mature,69.3,36.8,89.2,211.0,2.9,26.6,4,0,88.0
Fern,clay,large,young,65.0,16.3,88.10240320158356,101.6,3.3,18.0,5,0,90.6
Monstera,loamy,medium,mature,73.2,34.7,88.85773644848707,408.2,5.8,30.8,5,0,100.0
Snake Plant,sandy,small,young,39.5,15.4,93.9,483.7,4.7,63.5,2,0,85.3
Snake Plant,clay,small,young,47.1,24.9,66.6,344.3,4.1,7.9,1,0,96.4
Tulsi,sandy,large,young,35.6,20.1,37.2,559.4,4.9,6.1,2,1,100.0
Peace Lily,clay,medium,mature,47.9,26.8,68.38073461210249,141.6,3.8,51.7,5,1,84.6
Peace Lily,clay,small,mature,63.5,19.9,76.5,282.0,4.0,42.6,4,0,97.1
Peace Lily,sandy,medium,mature,56.3,22.3,85.79073251517909,336.0,4.3,19.5,5,0,100.0
Aloe Vera,clay,small,young,30.4,20.5,59.5,595.4,6.9,36.9,1,0,100.0
Spider Plant,loamy,small,young,48.9,34.6,70.5,346.3,5.5,53.7,2,0,100.0
Money Plant,loamy,large,young,54.6,28.3,42.4,504.9,5.5,7.3,4,0,100.0
Money Plant,loamy,large,seedling,46.8,35.0,39.1,404.2,5.0,45.2,3,0,94.0
Tulsi,loamy,medium,young,66.5,20.5,28.2,517.6,5.4,63.8,3,0,100.0
Peace Lily,clay,large,seedling,48.1,35.9,68.30137289818934,106.0,3.2,33.0,5,1,78.6
Areca Palm,loamy,small,seedling,69.9,36.0,37.4,488.9,4.1,30.8,3,0,77.4
Fern,sandy,medium,seedling,42.8,18.6,70.43285434195508,312.4,4.3,45.1,4,1,94.4
Monstera,clay,small,young,68.0,23.3,88.5,273.4,3.7,65.7,3,0,97.0
Jade Plant,sandy,medium,young,10.8,34.9,51.2,714.1,7.8,51.9,1,1,80.4
Peace Lily,clay,large,young,76.9,19.4,95.0,596.7,6.0,15.2,3,0,100.0
Snake Plant,loamy,small,mature,50.9,17.9,72.7,441.4,6.7,66.9,1,0,94.7
Fern,sandy,small,young,62.3,32.0,79.8,420.9,4.3,55.8,5,0,99.5
Money Plant,loamy,medium,young,53.7,36.7,60.7,581.4,6.5,31.2,2,0,85.3
Fern,sandy,small,mature,48.9,16.5,81.22274477865254,268.9,2.2,19.4,4,1,88.6
Aloe Vera,loamy,small,young,20.8,23.7,68.5,993.8,7.1,37.1,1,0,97.8
Jade Plant,clay,small,young,18.5,19.1,50.7,574.2,6.4,55.5,1,0,100.0
Peace Lily,loamy,medium,mature,43.1,24.5,89.39781258152671,102.2,2.1,65.7,3,1,86.1
Spider Plant,loamy,large,young,23.1,16.4,32.7,409.3,5.6,25.5,2,0,88.5
Fern,sandy,large,young,81.1,34.5,89.8,183.9,3.5,21.3,3,0,97.3
Areca Palm,clay,large,seedling,61.9,34.0,69.1,312.1,4.0,45.5,2,0,86.8
Spider Plant,clay,large,seedling,37.5,19.7,47.5,1198.4,8.2,42.7,2,0,100.0
Monstera,sandy,medium,seedling,44.4,26.3,86.39417041425553,302.0,5.7,55.9,4,1,84.4
Peace Lily,clay,medium,young,52.8,20.2,66.70220479134336,210.7,3.2,5.3,4,1,95.6
Money Plant,sandy,small,young,37.7,19.1,89.0,412.7,5.3,2.0,2,1,100.0
Tulsi,clay,large,mature,55.5,23.5,78.1,329.1,4.9,52.7,3,0,98.1
Monstera,sandy,small,young,70.2,37.4,86.92829669646828,344.6,6.0,70.7,4,0,91.2
Money Plant,loamy,large,young,63.6,37.6,58.1,429.8,4.3,8.0,4,0,85.7
Spider Plant,loamy,medium,mature,44.1,30.4,60.3,830.3,7.2,17.0,1,0,100.0
Tulsi,clay,large,young,70.1,17.0,49.5,439.7,4.0,62.9,3,0,87.1
Money Plant,loamy,large,young,53.9,16.1,84.8,351.0,4.8,42.7,4,0,88.6
Tulsi,clay,small,young,43.2,29.1,68.9,583.2,6.7,28.1,3,0,97.1
Monstera,clay,medium,young,56.9,20.9,68.72909615524759,114.1,2.3,56.0,3,0,96.3
Tulsi,loamy,small,mature,64.5,27.2,49.6,459.8,6.8,11.8,3,0,99.3
Fern,loamy,medium,young,83.3,15.8,71.0,330.3,5.8,17.7,3,0,90.9
Tulsi,sandy,medium,mature,44.3,21.1,72.8,324.0,4.1,29.0,3,0,100.0
Money Plant,sandy,large,seedling,35.9,34.1,44.5,453.3,4.6,21.1,3,1,87.8
Aloe Vera,clay,medium,young,23.6,36.8,74.6,1055.1,10.0,62.2,1,1,56.2
Areca Palm,sandy,large,seedling,61.3,15.1,53.5,436.7,6.5,26.6,3,0,80.3
Peace Lily,loamy,large,seedling,82.5,24.7,90.2,327.9,4.7,31.6,4,0,100.0
Spider Plant,clay,small,seedling,49.4,32.7,55.4,782.4,8.3,34.8,2,0,93.4
Tulsi,loamy,small,mature,65.2,37.1,80.7,329.6,4.6,29.2,3,0,93.1
Snake Plant,clay,medium,young,40.4,35.2,31.9,303.1,5.3,37.4,2,1,92.3
Fern,loamy,small,mature,48.7,30.3,86.63263992633861,121.4,3.6,44.2,4,1,95.4
Jade Plant,clay,large,mature,27.0,33.3,54.8,735.7,8.8,7.6,1,1,100.0
Money Plant,loamy,large,young,52.6,26.9,30.4,579.2,6.1,8.7,3,0,100.0
Snake Plant,clay,medium,young,34.9,25.9,72.3,543.6,6.2,39.4,2,0,98.3
Spider Plant,loamy,small,seedling,50.2,19.6,64.0,454.8,4.7,33.7,2,0,98.0
Money Plant,sandy,medium,young,46.7,36.5,30.8,535.5,5.2,40.1,2,0,85.9
Fern,loamy,large,seedling,74.3,16.9,94.44611388848469,359.9,4.1,36.8,4,0,75.6
Peace Lily,sandy,large,young,59.0,29.1,76.03085173711051,290.4,2.4,41.1,4,0,97.9
Tulsi,sandy,small,seedling,37.3,32.5,45.1,483.9,5.7,56.1,3,1,73.8
Jade Plant,clay,medium,seedling,24.0,37.2,81.9,811.9,8.4,1.6,1,1,61.1
Fern,clay,medium,seedling,54.9,29.4,92.96757438906013,203.8,2.7,32.0,5,1,94.3
Jade Plant,loamy,small,seedling,13.6,19.7,33.1,1168.5,7.9,3.7,1,0,95.0
Spider Plant,loamy,small,mature,35.1,36.0,35.1,534.2,4.8,40.9,1,1,95.0
Peace Lily,sandy,medium,young,73.3,18.9,89.97608149490074,243.1,2.8,9.3,5,0,100.0
Money Plant,clay,medium,young,57.8,23.5,44.2,473.2,5.1,15.4,2,0,95.2
Areca Palm,clay,large,seedling,73.0,25.9,42.9,584.5,6.7,55.3,4,0,100.0
Money Plant,loamy,medium,mature,52.3,33.9,64.5,315.5,6.8,67.9,3,0,100.0
Areca Palm,sandy,large,young,61.5,18.1,75.4,428.7,6.8,68.2,4,0,100.0
Areca Palm,loamy,large,mature,43.7,33.0,27.1,350.0,4.4,52.5,3,0,100.0
Fern,loamy,small,seedling,77.5,28.3,64.4,562.7,4.2,34.3,4,0,100.0
Peace Lily,loamy,small,mature,53.2,21.9,63.054405387901,337.9,5.7,41.3,3,1,100.0
Snake Plant,sandy,small,young,45.5,25.9,84.7,599.7,6.9,24.5,1,0,100.0
Monstera,sandy,medium,seedling,45.1,33.2,89.89017873457281,318.2,5.8,55.9,5,1,71.9
Areca Palm,sandy,medium,mature,70.1,33.0,70.0,392.2,6.2,1.8,3,0,100.0
Fern,sandy,medium,mature,63.6,23.2,87.2,210.9,3.5,42.8,5,0,99.9
Fern,loamy,large,mature,61.0,33.2,90.80214679590372,134.2,2.7,38.7,5,0,100.0
Monstera,sandy,medium,seedling,61.9,22.0,94.869948845483,534.6,5.0,21.1,5,0,98.9
Fern,loamy,medium,seedling,74.3,37.3,69.44613350237512,114.0,2.1,48.1,3,0,83.1
Tulsi,loamy,medium,mature,55.8,34.5,33.0,315.8,6.1,28.6,2,0,100.0
Money Plant,loamy,medium,mature,49.7,29.9,75.4,468.3,4.3,33.8,2,0,100.0
Tulsi,sandy,medium,seedling,66.2,16.6,46.8,377.1,4.4,13.1,4,0,78.6
Monstera,sandy,large,young,72.5,33.3,85.1,418.1,4.3,8.9,4,0,100.0
Tulsi,clay,medium,seedling,35.8,33.5,72.2,311.1,5.7,65.8,4,1,73.1
Spider Plant,sandy,small,seedling,39.9,25.2,90.2,487.4,4.4,48.0,2,0,100.0
Aloe Vera,clay,large,seedling,8.5,34.6,30.2,383.5,6.4,33.4,1,1,90.6
Snake Plant,sandy,medium,mature,15.9,23.7,46.9,357.5,6.5,58.5,1,1,88.5
Monstera,sandy,medium,seedling,52.0,34.6,77.13131745894633,279.9,3.7,47.9,4,1,90.7
Tulsi,sandy,medium,mature,38.7,25.2,82.0,314.9,6.7,2.0,4,1,100.0
Jade Plant,clay,small,young,11.6,17.7,40.5,1021.9,9.3,49.9,1,0,89.3
Spider Plant,clay,small,mature,15.7,26.1,82.0,576.1,4.7,27.8,1,1,97.4
Areca Palm,clay,large,mature,45.3,29.1,58.4,421.4,4.9,25.6,3,0,97.8
Spider Plant,clay,medium,young,53.3,36.5,81.3,510.8,5.1,7.4,1,0,94.2
Monstera,sandy,small,seedling,43.8,21.9,68.95483215154475,240.3,3.4,62.8,5,1,82.8
Monstera,loamy,large,seedling,45.4,17.8,80.02679491772672,288.9,2.8,3.1,4,1,75.5
Fern,sandy,large,mature,73.2,19.4,80.34397078309915,233.2,3.3,38.7,4,0,97.3
Spider Plant,clay,small,mature,15.8,25.5,77.6,730.0,9.0,18.4,2,1,95.2
Money Plant,clay,medium,seedling,35.3,37.3,66.3,381.7,7.0,69.3,2,1,61.1
Spider Plant,clay,small,seedling,25.2,31.7,67.5,626.2,7.4,48.8,1,0,88.3
Peace Lily,sandy,small,seedling,73.0,18.3,78.0,472.4,4.3,60.8,4,0,92.4
Jade Plant,sandy,medium,seedling,16.8,29.0,55.8,1145.6,7.4,15.6,1,0,100.0
Snake Plant,loamy,small,seedling,21.7,29.9,78.7,690.7,7.4,25.6,1,0,90.4
Spider Plant,sandy,medium,young,36.4,37.4,73.7,547.0,6.9,47.1,2,1,88.4
Monstera,loamy,small,seedling,56.3,17.3,91.4,413.8,5.8,8.5,4,0,77.3
Money Plant,sandy,small,young,68.3,19.8,83.3,361.2,4.1,23.5,3,0,100.0
Spider Plant,clay,small,seedling,19.2,19.6,32.5,1138.5,8.9,13.3,1,1,97.0
Spider Plant,clay,large,young,53.0,17.9,67.3,647.0,8.9,16.3,2,0,87.8
Monstera,sandy,medium,seedling,58.8,16.8,91.3,243.7,2.0,39.8,3,0,81.0
Monstera,clay,medium,young,79.5,20.1,76.78364940261862,576.4,4.1,61.2,3,0,96.9
Aloe Vera,sandy,large,seedling,11.1,36.9,88.6,810.1,9.5,36.1,1,1,66.7
Areca Palm,loamy,medium,young,71.8,23.5,34.9,371.6,5.5,30.7,3,0,100.0
Spider Plant,sandy,small,seedling,45.7,35.5,72.6,1153.5,7.0,0.3,2,0,83.1
Money Plant,loamy,large,mature,54.8,16.4,85.6,394.1,6.0,70.4,4,0,87.5
Spider Plant,clay,medium,seedling,44.4,17.2,89.6,1013.9,7.7,28.5,2,0,77.0
Jade Plant,clay,medium,young,5.8,26.3,33.3,359.1,6.3,51.2,1,1,86.1
Aloe Vera,loamy,small,mature,33.9,21.0,87.9,1047.2,8.0,10.7,1,0,87.9
Fern,sandy,medium,young,75.8,23.5,70.28561098040345,231.5,2.7,20.3,3,0,99.6
Money Plant,clay,medium,mature,54.6,16.8,41.8,476.7,5.9,11.2,2,0,93.7
Monstera,sandy,small,young,61.4,32.8,86.51992220966292,259.9,3.0,48.0,3,0,100.0
Jade Plant,clay,small,young,10.6,31.1,86.1,738.1,8.8,7.9,1,0,81.4
Monstera,clay,large,mature,54.8,26.6,88.16386075762212,236.0,3.7,58.0,4,1,88.6
Snake Plant,loamy,large,mature,27.9,24.5,87.8,547.9,6.4,63.1,1,0,100.0
Snake Plant,loamy,small,mature,53.3,29.7,45.6,596.4,6.6,9.4,2,0,100.0
Jade Plant,loamy,large,young,6.3,28.9,91.6,758.0,9.0,59.7,1,1,67.3
Monstera,clay,large,young,48.4,25.8,94.90897975800534,313.0,5.5,55.7,5,1,88.0
Areca Palm,loamy,small,mature,60.8,19.1,38.9,494.8,4.3,25.4,3,0,100.0
Tulsi,loamy,large,mature,62.9,20.9,43.4,491.7,6.9,36.5,3,0,95.3
Peace Lily,clay,large,seedling,78.3,37.5,89.8,121.8,2.5,59.6,5,0,84.9
Monstera,loamy,medium,young,74.2,36.4,92.1,270.5,3.4,15.7,5,0,92.8
Money Plant,clay,medium,seedling,53.1,31.3,38.5,348.9,6.0,1.6,2,0,92.9
Tulsi,sandy,large,seedling,69.9,15.2,90.0,534.2,5.5,70.1,3,0,84.3
Areca Palm,loamy,large,young,72.8,16.9,80.6,490.2,6.9,50.6,4,0,88.7
Monstera,sandy,medium,young,50.7,26.6,80.8373247624852,470.5,5.2,48.0,4,1,100.0
Fern,clay,medium,seedling,67.7,34.5,87.534812511242,226.1,2.7,57.1,4,0,87.8
Fern,clay,medium,young,57.5,18.1,94.20434841938066,435.7,4.9,12.8,5,0,100.0
Jade Plant,sandy,small,mature,21.3,26.6,73.2,743.0,7.6,46.9,1,0,86.8
Aloe Vera,clay,small,mature,11.0,24.9,40.1,322.3,6.0,6.2,1,0,100.0
Peace Lily,clay,medium,young,59.2,19.3,73.75445492474876,114.1,3.7,25.1,3,0,99.2
Areca Palm,clay,large,mature,66.9,23.7,59.8,304.9,4.7,29.8,2,0,97.4
Fern,clay,large,mature,63.9,16.2,83.82921733687277,200.5,3.3,65.4,3,0,85.2
Aloe Vera,sandy,large,mature,12.7,27.7,48.2,454.3,6.7,33.8,1,0,100.0
Areca Palm,sandy,medium,young,40.2,35.4,29.1,528.8,4.3,62.3,3,1,79.4
Fern,sandy,large,young,46.1,15.6,80.610500615754,249.9,3.1,40.7,3,1,87.6
Money Plant,sandy,large,young,59.4,16.1,43.7,589.6,4.2,34.0,3,0,94.9
Tulsi,loamy,medium,seedling,38.1,33.4,92.8,398.6,6.5,24.1,3,1,93.3
Monstera,loamy,small,seedling,71.2,36.8,64.2,112.8,3.4,16.5,3,0,75.3
Fern,loamy,small,mature,75.2,23.1,81.71782338108846,551.7,4.5,8.9,5,0,100.0
Tulsi,sandy,medium,young,62.5,33.2,28.8,506.2,5.3,67.2,4,0,100.0
Aloe Vera,clay,medium,young,31.2,33.6,25.8,830.4,9.5,0.7,1,1,95.5
Peace Lily,loamy,small,mature,45.2,24.7,68.01892758332076,382.6,4.2,59.6,5,1,87.5
Monstera,loamy,medium,seedling,51.9,25.4,94.742525702569,545.2,5.6,23.1,5,1,96.0
Aloe Vera,loamy,small,young,22.0,25.0,49.6,387.1,6.6,51.1,1,0,95.7
Monstera,sandy,medium,mature,58.7,33.9,79.82135891663702,415.4,5.5,38.8,5,0,97.2
Tulsi,clay,small,mature,60.2,19.7,92.4,450.2,5.2,23.3,4,0,95.3
Spider Plant,loamy,medium,young,48.1,32.4,60.8,482.1,4.3,15.5,2,0,95.8
Peace Lily,clay,large,mature,47.7,28.6,68.54418770077234,561.2,5.0,58.9,5,1,89.8
Jade Plant,clay,large,seedling,20.7,15.1,70.7,1114.5,7.3,36.2,1,0,62.5
Money Plant,loamy,small,seedling,50.0,16.3,82.2,547.3,6.0,66.3,3,0,75.3
Tulsi,loamy,medium,seedling,55.1,34.3,94.9,484.8,5.2,4.8,3,0,90.1
Fern,loamy,large,mature,53.8,17.2,70.4,157.0,2.4,0.2,5,1,91.5
Monstera,clay,large,young,52.5,20.9,85.0,126.8,3.6,70.1,5,1,89.1
Snake Plant,loamy,large,young,13.0,16.7,86.7,505.9,5.8,56.6,2,1,74.0
Fern,loamy,small,seedling,57.0,24.4,66.04181460153454,303.3,5.5,0.0,4,0,100.0
Fern,loamy,large,mature,68.1,30.0,89.3,148.0,2.4,64.6,4,0,96.7
Tulsi,loamy,medium,young,55.5,36.7,55.1,323.5,6.1,54.4,4,0,90.6
Peace Lily,clay,large,mature,81.0,16.7,65.00933122799091,284.9,3.7,51.2,3,0,85.7
Jade Plant,loamy,small,seedling,8.9,25.3,58.0,537.9,6.4,58.9,1,1,83.2
Aloe Vera,clay,large,young,10.1,34.7,65.6,788.2,9.8,50.0,1,1,83.5
Snake Plant,loamy,medium,mature,34.0,21.3,71.5,883.8,8.4,16.4,2,0,99.6
Jade Plant,loamy,large,seedling,9.2,17.4,92.8,1049.1,9.0,3.4,1,1,63.8
Money Plant,clay,large,mature,55.1,36.2,87.4,438.9,6.1,55.5,4,0,87.5
Peace Lily,sandy,large,young,69.8,35.9,76.7479114609528,268.0,3.0,63.9,4,0,90.9
Spider Plant,sandy,medium,seedling,23.4,19.0,69.4,725.6,8.2,2.0,2,0,99.6
Tulsi,sandy,medium,mature,49.6,37.3,88.0,569.1,5.2,37.6,4,0,92.7
Tulsi,clay,small,young,35.4,18.9,64.5,462.7,4.5,53.2,3,1,82.9
Spider Plant,sandy,large,mature,28.5,29.5,91.9,1183.0,8.7,43.8,2,0,100.0
Tulsi,sandy,large,seedling,43.6,30.4,81.9,383.4,4.1,9.1,4,0,89.8
Peace Lily,sandy,medium,mature,53.7,27.2,86.1825089938564,182.9,3.1,18.6,4,1,100.0
Monstera,loamy,large,young,81.2,37.9,74.86773424124021,516.1,4.6,27.8,3,0,92.5
Snake Plant,clay,small,seedling,37.8,16.4,40.3,1129.6,8.9,19.1,2,0,76.3
Tulsi,loamy,small,young,32.3,33.5,72.1,307.8,6.3,59.9,4,1,87.7
Spider Plant,loamy,small,seedling,16.7,31.7,71.7,564.1,4.3,36.1,2,1,89.4
Tulsi,clay,small,seedling,72.3,26.0,41.4,433.4,6.8,33.3,4,0,96.5
Jade Plant,clay,medium,young,30.8,20.2,68.3,1176.3,8.1,31.4,1,0,95.6
Peace Lily,loamy,small,seedling,56.4,27.2,80.2,506.9,4.8,25.2,4,0,99.4
Areca Palm,loamy,small,seedling,58.6,18.3,29.6,327.8,4.4,8.8,3,0,89.2
Money Plant,loamy,large,young,63.3,26.6,85.1,308.1,4.4,4.9,3,0,99.4
Fern,loamy,medium,young,49.6,25.6,79.38778704558308,511.4,4.8,15.0,4,1,100.0
Snake Plant,sandy,small,seedling,20.5,22.0,92.8,1187.1,8.4,46.2,2,0,98.9
Snake Plant,loamy,medium,seedling,35.7,36.9,70.0,467.0,4.0,68.6,1,1,69.4
Areca Palm,loamy,medium,seedling,71.8,36.1,25.2,551.8,4.3,2.5,3,0,84.7
Snake Plant,loamy,medium,mature,28.1,26.7,29.8,944.4,7.6,39.0,1,0,98.2
Spider Plant,clay,small,young,34.6,23.2,71.9,562.5,6.8,69.2,2,0,100.0
Monstera,loamy,small,young,43.8,29.9,86.52599556835074,515.0,4.6,63.0,3,1,89.6
Fern,loamy,large,seedling,75.8,18.0,62.33670551661139,230.5,2.3,45.0,3,0,87.4
Aloe Vera,loamy,medium,seedling,2.8,15.4,72.8,347.9,6.9,67.0,1,1,50.1
Areca Palm,loamy,large,young,62.6,36.8,40.9,585.0,5.1,53.6,3,0,94.3
Monstera,loamy,small,seedling,55.5,27.7,85.0,401.3,5.9,71.3,3,0,100.0
Aloe Vera,clay,medium,young,9.5,28.4,73.6,307.0,6.9,42.7,1,1,88.6
Monstera,loamy,medium,young,75.0,18.6,89.2,511.9,5.5,58.3,4,0,96.7
Peace Lily,sandy,medium,seedling,69.8,35.5,77.7,254.8,3.3,61.7,3,0,77.4
Aloe Vera,loamy,small,seedling,31.3,23.0,32.0,664.7,9.6,8.9,1,0,100.0
Aloe Vera,clay,small,seedling,16.3,31.0,85.8,972.3,8.9,36.8,1,0,77.4
Snake Plant,sandy,large,young,49.7,31.7,37.3,646.0,8.1,37.2,1,0,95.3
Jade Plant,loamy,small,mature,22.3,31.8,60.5,365.7,6.9,3.4,1,0,100.0
Snake Plant,sandy,large,mature,39.2,28.9,69.1,612.6,8.1,1.3,2,0,100.0
Fern,sandy,large,mature,71.0,24.4,89.4,147.2,2.5,55.0,5,0,100.0
Fern,clay,small,mature,63.2,20.7,91.0,457.4,5.9,55.7,5,0,99.9
Jade Plant,clay,large,seedling,21.6,25.5,64.0,385.1,6.7,18.8,1,0,96.6
Aloe Vera,loamy,medium,mature,24.2,27.2,94.0,764.0,7.1,49.7,1,0,89.5
Jade Plant,sandy,large,young,2.0,15.7,35.2,823.6,7.9,70.8,1,1,78.0
Tulsi,loamy,medium,mature,44.0,28.4,27.6,465.0,5.6,61.2,3,0,97.1
Spider Plant,sandy,large,mature,49.0,29.0,32.5,452.8,5.8,30.0,2,0,100.0
Snake Plant,clay,small,seedling,24.0,34.2,62.7,794.6,8.8,30.3,2,1,90.7
Aloe Vera,loamy,small,young,25.2,19.4,43.2,500.9,6.2,5.2,1,0,99.7
Jade Plant,clay,medium,seedling,24.2,36.9,45.4,911.7,7.6,19.3,1,1,80.9
Fern,loamy,large,mature,63.8,23.1,64.07260006932133,102.8,3.0,12.7,4,0,100.0
Peace Lily,loamy,medium,seedling,55.5,23.7,66.07682262526009,476.2,5.6,57.8,4,0,98.6
Jade Plant,loamy,medium,young,26.0,19.9,26.3,1087.1,8.1,20.7,1,0,100.0
Spider Plant,loamy,small,mature,32.0,17.5,44.9,457.0,6.2,9.4,2,0,91.5
Spider Plant,loamy,large,mature,33.4,15.3,27.5,1171.2,8.7,46.7,2,0,85.5
Spider Plant,clay,large,mature,33.4,34.8,27.5,585.0,6.2,15.5,2,1,98.0
Money Plant,loamy,large,mature,46.1,25.5,47.4,592.4,4.3,59.2,2,0,97.1
Monstera,sandy,large,seedling,47.4,37.6,77.03885472928974,288.3,3.2,50.1,5,1,61.0
Fern,clay,small,mature,59.3,20.9,88.91761849632888,166.3,2.2,37.5,3,0,98.2
Tulsi,clay,small,seedling,51.9,19.8,30.9,488.1,6.5,24.2,4,0,99.7
Fern,clay,medium,seedling,55.8,37.2,86.23947392698307,203.7,2.4,28.3,3,0,80.1
Areca Palm,sandy,medium,seedling,61.8,32.1,28.2,469.6,4.3,58.4,4,0,89.4
Monstera,sandy,large,seedling,46.2,33.9,82.63555316220038,537.4,5.8,63.7,3,1,77.7
Snake Plant,loamy,medium,mature,44.8,18.9,62.7,365.7,6.1,15.1,2,0,100.0
Spider Plant,sandy,medium,young,41.0,31.9,62.2,1055.4,7.2,22.8,2,0,97.8
Aloe Vera,clay,medium,young,25.2,25.6,46.8,711.0,9.2,19.0,1,0,100.0
Areca Palm,loamy,small,seedling,58.2,35.1,70.5,338.4,5.3,13.7,2,0,79.4
Snake Plant,loamy,small,mature,49.9,17.5,49.8,863.4,8.2,42.4,1,0,90.9
Areca Palm,loamy,large,seedling,65.7,21.2,32.2,462.2,6.8,65.1,3,0,95.8
Spider Plant,clay,small,seedling,49.0,20.6,64.4,338.3,6.0,36.4,1,0,99.5
Peace Lily,clay,large,mature,55.3,21.6,88.1869177157594,534.8,5.9,43.0,3,0,99.9
Fern,loamy,medium,young,69.7,24.4,85.07814783320467,591.6,5.7,49.5,4,0,100.0
Jade Plant,loamy,large,seedling,30.6,26.3,62.6,1028.8,7.6,62.5,1,0,100.0
Areca Palm,loamy,large,mature,52.7,16.0,84.5,584.2,6.8,45.3,4,0,93.1
Areca Palm,loamy,large,mature,73.7,26.8,41.4,563.9,5.6,7.8,2,0,100.0
Spider Plant,sandy,medium,seedling,38.0,26.7,38.4,1024.1,7.6,18.8,1,0,99.0
Monstera,clay,medium,young,73.9,30.9,65.05916038712826,520.5,4.6,1.6,3,0,98.1
Spider Plant,clay,large,mature,25.5,34.9,83.1,1136.7,7.8,41.6,1,1,97.6
Monstera,sandy,small,seedling,68.8,17.9,94.6,498.5,6.0,62.3,3,0,75.9
Monstera,sandy,large,young,64.8,19.4,68.6070456867068,559.8,4.9,12.8,3,0,97.7
Tulsi,loamy,large,young,65.3,34.0,79.8,425.8,5.8,35.4,3,0,100.0
Peace Lily,sandy,large,young,50.7,22.2,90.8,264.9,2.5,22.9,3,1,100.0
Fern,loamy,small,young,48.4,23.8,77.36043485118134,133.8,2.1,66.4,4,1,86.9
Aloe Vera,loamy,small,young,3.8,27.3,87.2,606.2,8.1,49.5,1,1,67.8
Tulsi,loamy,small,mature,46.3,37.0,50.3,356.7,5.9,56.2,3,0,93.7
Money Plant,sandy,large,mature,37.6,31.8,34.3,535.9,4.8,42.7,3,1,97.2
Spider Plant,sandy,small,mature,32.8,23.5,71.0,356.5,4.6,18.3,2,0,100.0
Spider Plant,clay,small,young,19.4,34.3,92.8,386.2,4.9,16.2,1,1,100.0
Tulsi,loamy,large,mature,38.0,23.6,30.5,521.8,4.6,51.9,2,1,87.5
Snake Plant,sandy,large,mature,39.8,29.7,34.5,1102.4,8.6,64.4,2,0,97.8
Tulsi,clay,small,young,63.4,15.8,34.6,554.4,4.3,3.8,4,0,92.6
Jade Plant,loamy,medium,seedling,3.9,30.7,92.5,901.4,8.4,21.4,1,1,76.6
Tulsi,loamy,large,seedling,67.7,33.4,90.3,336.2,5.0,47.0,4,0,91.5
Snake Plant,loamy,large,young,49.4,36.7,80.2,306.5,6.0,7.6,2,0,93.2
Snake Plant,sandy,medium,young,19.1,33.4,39.6,1199.7,7.5,5.6,2,1,97.9
Money Plant,clay,large,mature,50.1,27.0,82.1,585.7,5.0,46.6,4,0,95.3
Money Plant,loamy,large,seedling,41.0,29.5,74.4,506.9,4.4,40.5,3,0,87.0
Areca Palm,sandy,medium,mature,61.0,31.8,33.8,405.2,4.9,49.5,4,0,99.6
Snake Plant,clay,medium,seedling,47.5,35.6,35.0,1023.1,8.0,7.0,2,0,75.2
Jade Plant,clay,small,young,26.2,33.3,42.4,978.1,7.2,32.7,1,1,95.4
Aloe Vera,sandy,medium,mature,18.6,24.8,63.4,862.2,8.2,8.3,1,0,96.8
Money Plant,loamy,large,seedling,61.9,33.8,34.9,304.2,4.1,29.0,3,0,85.9
Spider Plant,loamy,large,young,26.8,22.4,29.3,678.0,7.7,24.7,2,0,100.0
Fern,sandy,large,seedling,77.9,24.4,81.34461756065323,187.8,2.7,4.7,5,0,100.0
Money Plant,clay,large,mature,53.2,25.0,67.9,343.7,6.5,8.9,2,0,99.0
Fern,sandy,medium,seedling,55.9,20.1,91.8,306.3,5.3,45.9,3,0,99.2
Areca Palm,loamy,large,mature,72.8,19.5,33.3,582.8,6.7,36.2,2,0,100.0
Money Plant,loamy,medium,young,33.5,21.0,68.0,315.5,4.8,38.7,2,1,98.6
Peace Lily,loamy,large,young,74.8,16.8,82.1,403.7,4.4,2.5,5,0,94.9
Monstera,loamy,large,mature,71.2,30.3,85.7,342.0,5.6,49.4,5,0,100.0
Monstera,clay,medium,young,73.7,36.6,62.532524125389195,190.5,2.4,50.2,3,0,93.5
Jade Plant,clay,medium,seedling,8.1,19.2,61.0,801.0,8.5,36.1,1,1,99.6
Monstera,sandy,medium,mature,53.7,34.0,81.52946468465183,229.3,3.3,1.7,4,1,100.0
Monstera,clay,large,mature,46.5,30.5,74.7,350.5,4.2,48.3,4,1,80.6
Peace Lily,loamy,large,seedling,49.1,23.0,80.68749282862625,414.3,5.5,17.6,5,1,96.1
Snake Plant,clay,medium,young,28.6,34.1,83.7,600.3,8.3,67.3,2,1,83.0
Aloe Vera,sandy,medium,mature,11.9,34.6,27.8,607.6,9.3,48.0,1,1,100.0
Peace Lily,loamy,medium,mature,78.8,21.6,91.8200254850557,402.1,6.0,68.8,5,0,96.5
Fern,sandy,large,mature,49.2,34.2,90.45410168172872,120.3,3.0,28.3,4,1,100.0
Spider Plant,clay,medium,mature,32.7,24.0,47.1,363.8,4.1,27.6,2,0,98.4
Spider Plant,sandy,medium,seedling,44.6,16.9,54.6,479.8,6.9,44.3,2,0,84.7
Monstera,loamy,large,young,56.1,36.4,81.02115163289965,281.7,2.7,6.0,4,0,89.2
Fern,sandy,medium,mature,68.0,32.7,77.49110114418164,239.9,2.9,29.9,3,0,100.0
Snake Plant,sandy,medium,mature,40.5,36.7,58.5,384.8,5.8,71.9,1,1,70.4
Peace Lily,loamy,large,seedling,69.7,24.8,92.22155489643701,566.0,4.4,45.2,4,0,100.0
Spider Plant,sandy,large,young,45.0,23.8,63.8,456.9,4.0,68.9,2,0,100.0
Spider Plant,clay,medium,seedling,48.5,19.7,51.3,678.2,8.4,56.2,1,0,99.0
Tulsi,clay,small,mature,50.7,37.3,34.9,584.3,5.2,70.6,3,0,89.2
Aloe Vera,loamy,small,young,3.4,36.0,79.3,695.3,8.0,49.0,1,1,62.6
Aloe Vera,clay,medium,mature,11.3,25.3,30.3,846.7,8.8,49.9,1,0,100.0
Areca Palm,loamy,small,young,37.1,20.9,87.9,497.8,6.8,69.5,2,1,88.2
Monstera,loamy,large,young,61.7,33.7,84.11950133137056,326.2,4.4,31.0,4,0,100.0
Tulsi,clay,small,young,34.4,33.4,69.5,402.1,6.7,46.5,4,1,100.0
Snake Plant,loamy,small,seedling,34.1,26.9,78.3,371.7,5.1,8.3,1,0,98.9
Spider Plant,clay,small,young,52.7,19.4,42.4,398.5,6.7,43.2,1,0,97.0
Spider Plant,sandy,medium,mature,54.4,24.3,37.8,471.6,6.1,4.6,2,0,100.0
Money Plant,loamy,large,young,42.8,35.1,62.0,308.5,6.0,18.6,4,1,93.1
Monstera,sandy,medium,seedling,82.9,24.1,69.5,140.2,2.0,20.5,3,0,98.5
Jade Plant,clay,small,mature,33.0,33.6,79.7,909.0,7.2,1.4,1,1,85.6
Money Plant,clay,large,young,61.3,35.6,94.7,445.4,6.1,38.2,4,0,94.9
Money Plant,sandy,medium,mature,65.6,20.6,57.2,527.5,5.8,33.0,4,0,100.0
Peace Lily,loamy,medium,young,79.0,30.8,90.75856884747498,402.6,4.5,52.9,5,0,100.0
Aloe Vera,loamy,small,seedling,7.4,28.6,67.0,383.2,6.3,25.4,1,1,100.0
Fern,sandy,medium,young,53.7,31.9,61.64501829113822,203.4,2.4,6.0,3,1,97.0
Areca Palm,loamy,large,young,50.9,20.3,31.2,359.6,6.3,62.8,2,0,100.0
Spider Plant,loamy,large,seedling,28.2,24.1,78.5,979.6,7.7,4.3,1,0,96.1
Money Plant,loamy,small,young,50.4,19.7,94.7,518.1,4.5,29.2,4,0,96.2
Aloe Vera,clay,small,seedling,27.4,23.5,56.3,566.9,6.7,23.2,1,0,98.1
Tulsi,sandy,small,mature,50.1,27.3,25.2,530.0,5.8,56.7,4,0,100.0
Areca Palm,sandy,small,young,62.2,23.5,46.7,502.7,6.7,3.6,2,0,99.0
Jade Plant,loamy,small,young,23.3,15.7,78.6,929.5,7.5,31.4,1,0,73.1
Aloe Vera,loamy,medium,mature,32.1,32.7,44.4,1152.0,9.7,29.3,1,0,100.0
Peace Lily,loamy,large,young,60.6,19.8,60.60501185254951,323.6,4.8,17.5,3,0,96.6
Snake Plant,sandy,small,seedling,21.1,20.2,52.9,599.5,6.2,2.8,2,0,95.9
Jade Plant,sandy,small,young,9.9,15.7,75.7,420.1,6.5,36.5,1,1,76.1
Fern,loamy,small,young,64.8,18.1,87.5,457.6,4.6,40.2,3,0,97.2
Tulsi,sandy,small,young,48.5,33.2,69.3,370.1,5.6,70.0,3,0,100.0
Monstera,clay,medium,young,65.8,24.9,76.5,522.0,6.0,15.0,5,0,95.1
Fern,clay,medium,young,55.4,34.5,84.4,203.6,2.1,12.0,5,0,100.0
Money Plant,clay,medium,mature,44.0,32.4,79.7,490.1,4.7,38.8,4,0,99.8
Monstera,sandy,small,seedling,61.6,28.4,87.16509424040026,436.6,4.7,57.7,4,0,100.0
Monstera,loamy,large,mature,47.7,26.8,88.78612959186461,308.6,5.6,51.5,4,1,83.7
Aloe Vera,loamy,small,mature,27.8,31.2,66.3,870.9,9.1,54.9,1,0,99.2
Money Plant,sandy,large,young,54.1,19.2,27.8,525.1,6.9,24.2,4,0,100.0
Fern,loamy,large,young,53.0,29.5,82.58724823364317,246.2,2.0,15.6,5,1,100.0
Aloe Vera,clay,medium,mature,14.9,16.8,94.9,754.6,8.0,58.7,1,0,79.3
Areca Palm,loamy,large,mature,65.4,16.4,69.1,536.2,4.8,42.2,3,0,88.7
Tulsi,clay,large,seedling,52.0,21.6,25.5,329.0,5.7,36.5,3,0,97.0
Money Plant,clay,large,young,66.4,23.9,61.4,414.0,4.8,39.6,4,0,97.8
Snake Plant,clay,medium,mature,39.8,26.5,43.2,1178.9,7.8,55.5,2,0,100.0
Money Plant,clay,medium,young,71.1,19.5,34.1,579.6,5.3,2.3,3,0,100.0
Peace Lily,loamy,large,mature,60.3,36.7,71.73257631673901,425.7,4.2,33.1,3,0,87.1
Money Plant,sandy,small,seedling,36.0,17.6,72.3,324.6,5.7,63.4,3,1,64.8
Jade Plant,loamy,medium,young,23.5,30.9,32.1,478.3,6.3,36.9,1,0,100.0
Areca Palm,loamy,medium,seedling,65.0,33.2,89.2,453.3,5.9,65.9,4,0,89.8
Money Plant,clay,large,young,42.8,15.3,36.5,382.9,5.5,51.0,4,0,87.5
Areca Palm,sandy,small,young,49.9,19.4,88.7,523.0,6.9,51.7,3,0,96.0
Tulsi,clay,large,young,64.7,36.1,68.0,451.1,6.8,5.1,3,0,87.7
Areca Palm,clay,medium,seedling,46.8,23.8,33.1,478.2,5.6,28.9,2,0,100.0
Areca Palm,loamy,medium,seedling,36.6,17.1,77.3,505.9,5.7,20.2,2,1,82.7
Monstera,sandy,small,young,66.9,29.7,82.5,519.8,4.2,53.7,3,0,99.6
Aloe Vera,clay,large,young,27.2,16.4,89.9,1065.0,9.2,39.5,1,0,71.6
Money Plant,clay,large,young,41.6,29.5,89.7,440.3,5.2,24.4,3,0,99.5
Aloe Vera,loamy,medium,young,32.0,27.9,30.3,727.5,10.0,42.6,1,0,96.3
Monstera,sandy,small,mature,49.2,35.4,93.72870124007792,551.8,4.6,37.5,3,1,91.0
Monstera,clay,medium,mature,82.8,28.1,78.23203452216477,193.5,2.6,25.7,3,0,100.0
Jade Plant,sandy,small,young,13.2,26.0,71.8,1022.8,9.7,51.2,1,0,88.3
Tulsi,loamy,medium,seedling,73.4,33.5,25.9,453.2,6.0,2.0,2,0,86.2
Money Plant,clay,small,young,38.8,24.8,77.7,535.7,5.9,62.8,2,1,83.5
Tulsi,clay,medium,seedling,67.6,25.6,81.0,575.4,6.2,30.5,2,0,100.0
Monstera,clay,medium,mature,63.0,36.4,75.41338603193685,109.4,2.2,59.4,3,0,90.7
Peace Lily,loamy,medium,young,78.8,32.9,93.32471777070953,168.5,2.5,50.4,5,0,100.0
Aloe Vera,clay,small,seedling,29.4,25.9,78.9,1172.7,8.8,25.2,1,0,89.3
Spider Plant,loamy,small,mature,47.3,16.4,75.4,446.3,6.5,23.7,1,0,93.0
Snake Plant,clay,large,mature,50.2,33.1,62.0,361.6,5.2,37.3,1,0,95.6
Areca Palm,sandy,large,young,50.9,26.0,49.1,302.9,6.3,3.5,2,0,95.2
Areca Palm,loamy,small,mature,61.1,32.4,28.1,541.1,5.5,2.8,3,0,95.6
Areca Palm,sandy,large,young,71.7,37.9,86.3,361.6,5.3,5.9,3,0,86.4
Areca Palm,loamy,medium,seedling,52.0,20.0,80.7,427.1,7.0,64.9,3,0,96.1
Monstera,clay,small,seedling,43.2,37.3,90.91140519262379,510.5,5.6,70.7,4,1,70.0
Tulsi,clay,medium,mature,40.1,18.7,41.4,369.6,7.0,10.2,2,0,96.0
Fern,clay,medium,seedling,64.6,15.7,94.81181105657758,210.2,2.4,14.6,3,0,80.9
Fern,loamy,medium,seedling,71.4,23.4,66.53396147173223,199.6,3.7,63.8,5,0,97.8
Fern,loamy,large,mature,71.8,35.7,81.27432300318145,122.6,4.0,15.6,3,0,90.7
Areca Palm,sandy,small,seedling,62.5,27.7,36.0,509.9,4.5,32.9,4,0,98.1
Aloe Vera,loamy,medium,seedling,26.7,23.6,47.3,577.9,6.1,49.6,1,0,99.9
Peace Lily,sandy,small,young,60.8,37.5,89.5,259.3,3.9,11.4,5,0,91.4
Jade Plant,loamy,small,young,17.1,30.5,25.9,545.5,6.4,33.1,1,0,100.0
Areca Palm,clay,large,seedling,34.2,30.8,89.1,391.1,6.3,35.9,3,1,87.8
Areca Palm,clay,small,young,69.9,19.9,39.5,403.6,5.7,32.5,4,0,97.6
Monstera,loamy,medium,mature,49.1,36.9,71.00646356306635,229.8,2.3,45.9,5,1,87.4
Jade Plant,sandy,small,seedling,33.2,28.3,79.4,906.6,8.9,17.0,1,0,83.1
Money Plant,sandy,large,young,55.4,36.0,60.6,535.3,5.5,43.9,2,0,85.2
Spider Plant,loamy,medium,seedling,34.3,16.8,94.3,934.0,8.2,9.4,2,0,83.4
Areca Palm,clay,large,seedling,48.0,21.0,29.8,493.9,5.9,8.0,4,0,100.0
Monstera,loamy,medium,young,56.0,29.0,94.6023392611769,120.7,3.3,42.2,5,0,100.0
Spider Plant,sandy,small,young,17.2,24.7,79.9,645.3,8.5,47.3,1,1,95.4
Jade Plant,sandy,medium,seedling,15.4,37.4,68.4,933.6,7.8,6.9,1,1,79.8
Monstera,sandy,large,mature,67.6,27.8,82.9875651555316,236.1,2.3,8.5,4,0,100.0
Monstera,clay,large,seedling,54.1,24.7,80.62915245820002,206.9,2.5,27.8,5,1,100.0
Areca Palm,sandy,small,mature,68.1,25.5,84.4,465.4,5.6,9.9,4,0,100.0
Areca Palm,loamy,medium,young,72.2,36.3,66.1,356.1,5.4,55.7,4,0,86.9
Areca Palm,clay,large,young,50.3,34.1,83.0,395.0,4.3,39.9,4,0,96.0
Aloe Vera,sandy,small,mature,8.7,34.5,39.3,387.7,6.1,12.8,1,1,99.2
Spider Plant,clay,small,mature,46.1,37.4,41.8,1034.1,7.6,2.1,2,0,93.6
Tulsi,loamy,medium,seedling,32.8,31.6,60.8,478.9,4.9,47.1,3,1,86.5
Fern,sandy,small,seedling,46.9,23.0,75.07905927329924,457.9,4.6,50.4,5,1,84.4
Tulsi,loamy,large,mature,42.5,19.2,57.8,459.4,6.9,9.2,2,0,95.2
Aloe Vera,sandy,medium,seedling,23.1,24.8,27.9,664.2,8.2,13.3,1,0,100.0
Money Plant,clay,small,mature,57.1,27.1,82.7,322.9,6.8,10.2,2,0,95.9
Monstera,loamy,small,mature,77.2,32.8,93.04782230010196,328.5,5.8,5.6,4,0,99.4
Monstera,clay,small,seedling,46.1,31.7,74.3,517.1,4.4,8.4,5,1,90.0
Fern,clay,large,seedling,77.1,16.9,73.6,332.2,4.8,59.5,4,0,82.3
Peace Lily,sandy,small,seedling,58.0,37.5,88.4,418.6,4.1,57.8,4,0,77.0
Money Plant,loamy,medium,seedling,55.3,27.8,55.7,372.2,5.8,65.6,3,0,100.0
Jade Plant,sandy,small,young,6.2,23.5,46.2,901.0,8.8,72.0,1,1,87.9
Peace Lily,clay,small,seedling,76.6,28.0,78.88064839167689,286.2,3.0,4.7,4,0,96.6
Peace Lily,sandy,medium,mature,60.2,19.3,89.7,253.0,3.4,49.2,5,0,100.0
Monstera,clay,medium,seedling,67.2,33.5,91.28026092008446,406.8,4.2,30.4,3,0,94.2
Spider Plant,clay,small,mature,34.7,36.5,71.9,321.9,6.5,39.3,2,1,88.5
Areca Palm,sandy,medium,seedling,51.4,25.2,56.6,595.9,6.7,33.3,3,0,95.6
Spider Plant,sandy,small,young,22.7,19.0,78.3,511.2,5.0,25.1,2,0,100.0
Fern,sandy,large,seedling,60.0,22.4,83.1,272.6,3.9,61.4,3,0,98.8
Snake Plant,clay,large,seedling,24.1,16.4,61.5,318.2,5.6,31.6,2,0,84.6
Snake Plant,clay,medium,young,24.6,20.5,66.4,352.4,6.0,55.5,1,0,100.0
Peace Lily,sandy,large,mature,51.3,27.0,75.0,562.0,5.7,46.4,3,1,100.0
Peace Lily,clay,small,mature,50.4,32.0,84.6,326.7,4.7,26.6,4,1,100.0
Spider Plant,sandy,medium,seedling,14.6,16.3,39.4,320.2,6.5,67.9,2,1,64.7
Jade Plant,clay,large,mature,9.9,27.1,84.3,635.1,9.4,4.1,1,1,87.8
Areca Palm,sandy,medium,mature,36.1,21.9,82.1,424.4,4.0,13.5,4,1,98.3
Jade Plant,clay,medium,mature,13.9,23.8,52.6,601.1,9.7,37.2,1,0,95.3
Tulsi,clay,large,young,54.9,31.9,85.3,438.0,5.4,40.2,4,0,95.3
Money Plant,clay,small,mature,67.6,15.6,95.0,533.0,6.9,7.5,3,0,89.5
Tulsi,sandy,medium,mature,31.7,29.6,78.3,367.3,5.0,60.5,2,1,87.6
Snake Plant,loamy,large,seedling,34.6,22.6,84.4,305.9,5.4,38.0,2,0,100.0
Peace Lily,sandy,small,seedling,78.3,16.9,79.6,197.7,3.1,61.6,5,0,84.1
Peace Lily,sandy,small,young,67.5,17.3,92.6,203.0,3.0,64.2,3,0,86.5
Fern,sandy,small,seedling,78.6,18.3,91.86182432737048,421.4,5.2,61.6,3,0,85.5
Spider Plant,loamy,medium,mature,26.0,23.4,81.7,526.9,4.5,31.2,2,0,100.0
Areca Palm,sandy,medium,seedling,56.0,33.6,55.5,581.5,5.3,37.1,2,0,93.0
Jade Plant,clay,large,mature,11.3,18.4,87.2,665.0,8.5,0.6,1,0,89.2
Fern,sandy,medium,mature,57.1,19.6,94.7,477.3,4.5,14.2,4,0,100.0
Spider Plant,loamy,small,young,50.6,37.7,50.2,453.0,6.6,57.4,1,0,87.4
Areca Palm,clay,small,young,36.9,16.6,74.2,316.6,5.0,32.5,3,1,90.4
Jade Plant,sandy,large,seedling,19.9,33.5,58.5,1135.3,9.3,19.2,1,1,85.6
Fern,sandy,medium,mature,44.3,21.3,78.26771677822646,555.3,4.8,42.7,5,1,100.0
Money Plant,loamy,medium,young,50.4,17.5,47.0,394.0,6.0,41.9,4,0,93.4
Fern,sandy,large,young,45.7,32.5,93.65758873946359,246.8,2.8,28.3,4,1,100.0
Aloe Vera,clay,small,seedling,28.2,17.8,92.5,915.0,8.3,33.0,1,0,61.4
Monstera,loamy,medium,young,70.8,17.1,88.555083302582,228.7,4.0,27.5,4,0,86.0
Snake Plant,sandy,large,mature,24.1,27.3,54.9,337.0,4.4,22.6,1,0,99.9
Fern,sandy,medium,young,45.0,18.1,85.6,184.6,3.0,62.4,3,1,84.4
Spider Plant,clay,large,young,42.8,15.7,37.9,729.0,7.2,31.9,1,0,90.8
Areca Palm,sandy,medium,young,35.0,23.4,59.7,389.8,6.1,39.8,2,1,100.0
Spider Plant,loamy,medium,seedling,46.4,22.4,58.2,374.4,4.6,66.5,1,0,95.7
Jade Plant,sandy,small,mature,11.9,37.6,61.8,1020.8,8.4,3.4,1,1,92.9
Fern,sandy,large,young,49.4,25.0,77.33658379574344,531.0,5.8,46.3,3,1,97.2
Peace Lily,sandy,large,mature,63.6,20.2,70.0581096758708,481.4,4.4,35.6,5,0,97.1
Areca Palm,clay,medium,young,44.6,26.3,36.8,578.4,4.3,65.4,3,0,100.0
Peace Lily,clay,large,young,84.3,27.4,74.06539046381978,284.0,3.0,12.5,5,0,100.0
Areca Palm,clay,small,young,56.1,17.1,93.7,355.6,4.8,68.1,3,0,86.9
Spider Plant,sandy,small,young,22.7,26.3,88.2,1163.7,8.8,52.1,2,0,97.7
Areca Palm,sandy,small,seedling,71.0,15.8,41.2,461.0,5.7,27.4,3,0,80.6
Monstera,sandy,small,mature,58.5,29.6,76.86560734263087,125.4,3.3,44.9,5,0,100.0
Aloe Vera,loamy,small,mature,21.9,26.0,93.6,450.6,6.2,21.6,1,0,81.2
Monstera,loamy,small,young,80.6,24.6,62.33588714419578,301.2,4.1,16.7,3,0,97.7
Areca Palm,sandy,large,seedling,56.9,24.7,77.6,447.1,6.4,36.8,4,0,95.3
Spider Plant,sandy,medium,seedling,15.7,36.4,55.7,338.3,4.2,28.3,2,1,79.0
Monstera,sandy,medium,young,83.0,24.0,67.8,169.4,2.4,12.3,5,0,98.1
Money Plant,sandy,medium,young,61.1,23.3,45.5,334.5,5.3,6.7,3,0,100.0
Areca Palm,sandy,small,mature,66.6,23.3,38.5,340.5,5.8,38.8,3,0,100.0
Tulsi,loamy,small,seedling,38.8,33.9,60.2,587.4,6.0,20.0,2,1,91.5
Money Plant,sandy,medium,young,36.4,20.1,35.0,363.6,5.9,69.1,4,1,86.6
Spider Plant,sandy,large,mature,33.3,34.6,47.4,382.0,7.0,10.5,1,1,100.0
Tulsi,sandy,small,young,50.2,21.6,58.5,365.8,5.9,53.8,2,0,96.6
Spider Plant,sandy,large,mature,37.5,20.0,34.5,449.7,5.9,64.1,2,0,100.0
Peace Lily,loamy,small,young,44.4,30.7,72.0,541.5,4.5,57.7,4,1,87.0
Fern,sandy,large,mature,47.2,28.2,94.8,384.0,4.6,58.5,5,1,81.7
Spider Plant,sandy,medium,mature,34.3,26.3,36.3,528.2,4.7,15.9,1,0,99.9
Monstera,loamy,large,seedling,66.9,33.8,82.5,206.7,3.8,59.8,5,0,87.8
Peace Lily,clay,medium,mature,72.3,28.7,87.47740756610517,493.8,4.4,66.3,3,0,99.9
Spider Plant,loamy,small,seedling,45.4,33.2,39.3,502.0,5.0,26.8,1,0,91.9
Aloe Vera,clay,large,young,9.3,17.1,92.8,664.3,9.6,65.4,1,1,58.9
Aloe Vera,sandy,small,young,23.6,20.8,90.7,866.9,8.5,25.3,1,0,84.4
Peace Lily,clay,small,young,47.9,17.2,68.5,280.6,2.9,16.7,5,1,89.0
Peace Lily,clay,small,seedling,57.0,19.7,84.74489909084247,152.1,3.0,5.6,3,0,97.3
Aloe Vera,loamy,small,seedling,6.9,36.5,69.5,592.9,6.1,32.8,1,1,84.6
Fern,sandy,small,mature,79.9,24.9,92.9,561.4,4.5,40.1,4,0,100.0
Spider Plant,clay,small,seedling,38.5,32.3,26.2,926.4,8.0,38.9,2,0,93.0
Jade Plant,loamy,large,mature,16.1,34.7,46.9,945.7,9.8,45.0,1,1,100.0
Jade Plant,sandy,small,seedling,12.9,18.0,90.5,915.6,8.6,13.7,1,0,70.1
Jade Plant,sandy,small,young,21.7,23.5,34.0,1108.9,8.4,53.6,1,0,96.9
Tulsi,sandy,large,seedling,64.4,34.4,75.8,534.1,6.5,14.5,3,0,87.4
Spider Plant,loamy,small,seedling,23.1,30.2,51.4,803.4,8.9,71.6,1,0,88.9
Monstera,clay,medium,mature,60.7,35.1,92.44903804895485,468.4,4.4,31.1,4,0,85.2
Fern,sandy,small,young,45.8,25.5,86.00015256888204,451.2,5.3,62.0,3,1,83.1
Aloe Vera,loamy,small,seedling,18.7,31.0,43.7,565.7,6.5,1.5,1,0,88.7
Fern,loamy,large,mature,74.7,30.2,84.62005902294372,275.7,3.2,19.6,5,0,100.0
Tulsi,sandy,large,young,37.8,17.9,27.3,572.0,6.9,10.7,4,1,94.9
Fern,loamy,large,seedling,49.0,31.4,88.61529963017568,119.5,2.4,26.1,5,1,86.0
Spider Plant,sandy,large,mature,36.9,26.3,61.0,502.2,5.4,11.1,1,0,95.3
Areca Palm,loamy,medium,mature,59.7,24.3,88.6,309.9,4.3,43.4,2,0,98.1
Aloe Vera,sandy,large,mature,22.3,34.7,88.4,574.4,6.6,27.6,1,1,87.4
Aloe Vera,sandy,medium,seedling,28.2,20.9,85.4,503.5,6.7,0.9,1,0,89.4
Tulsi,sandy,small,seedling,71.6,37.4,57.1,382.0,5.7,22.2,2,0,83.8
Monstera,loamy,small,seedling,75.8,26.4,94.31936059167177,563.1,5.0,15.4,5,0,99.2
Snake Plant,clay,small,young,43.6,31.4,58.2,309.3,5.1,34.9,2,0,99.7
Tulsi,loamy,medium,young,44.5,23.6,43.3,433.2,5.8,2.4,2,0,100.0
Fern,loamy,large,mature,57.3,17.3,79.43156032402659,297.9,2.5,15.0,4,0,94.8
Peace Lily,loamy,medium,seedling,50.1,19.9,93.7,252.3,3.2,10.4,3,1,98.0
Money Plant,sandy,medium,mature,38.5,21.3,81.0,546.7,5.1,56.5,2,1,87.5
Areca Palm,clay,small,mature,59.9,32.6,32.6,445.8,7.0,17.1,3,0,96.7
Money Plant,loamy,medium,seedling,53.4,37.9,62.6,509.4,6.7,40.8,4,0,77.5
Snake Plant,clay,large,young,34.2,21.0,55.2,835.4,8.1,62.3,1,0,100.0
Monstera,loamy,large,young,62.5,17.6,83.2206460337099,510.3,6.0,8.2,4,0,87.8
Spider Plant,loamy,large,young,27.5,33.1,66.0,938.2,7.9,66.2,2,1,83.7
Money Plant,sandy,large,seedling,58.6,25.9,90.9,525.8,5.8,71.5,3,0,100.0
Peace Lily,loamy,medium,young,56.4,25.8,83.38069945236496,312.3,6.0,7.9,4,0,99.9
Spider Plant,loamy,small,young,52.7,36.3,85.4,338.7,5.2,19.0,1,0,93.8
Money Plant,clay,medium,mature,45.4,23.4,91.8,490.9,6.0,70.6,2,0,100.0
Areca Palm,sandy,medium,young,69.5,25.5,63.5,524.1,4.4,13.8,2,0,97.7
Aloe Vera,sandy,medium,young,1.3,28.0,26.2,573.3,6.4,60.5,1,1,88.8
Tulsi,sandy,large,mature,57.6,22.1,84.9,578.6,5.0,30.9,3,0,96.6
Snake Plant,loamy,small,seedling,34.5,23.8,30.0,463.0,5.4,31.1,2,0,99.5
Spider Plant,clay,large,young,41.1,18.2,67.8,1185.7,7.3,51.3,1,0,98.2
Spider Plant,clay,small,seedling,49.0,37.9,47.3,889.5,8.2,19.6,2,0,82.8
Snake Plant,clay,small,young,32.5,18.3,63.8,1060.3,8.0,0.4,2,0,100.0
Monstera,clay,small,young,56.9,29.7,73.9465350539003,454.5,4.7,47.2,4,0,96.9
Peace Lily,clay,large,seedling,62.1,37.3,70.7,295.4,2.8,4.0,4,0,81.4
Money Plant,loamy,medium,seedling,70.7,25.3,57.9,313.0,6.5,6.5,3,0,100.0
Areca Palm,clay,small,young,70.0,31.4,26.0,313.3,5.3,24.1,4,0,100.0
Snake Plant,loamy,large,young,24.9,28.2,38.2,833.3,7.3,26.2,1,0,95.4
Fern,clay,large,mature,69.7,27.9,93.05443235751,166.6,3.3,64.0,3,0,100.0
Snake Plant,loamy,medium,mature,47.4,22.9,69.3,307.5,6.2,29.9,1,0,97.7
Jade Plant,loamy,small,mature,6.3,32.4,86.4,730.9,7.7,17.7,1,1,89.0
Aloe Vera,sandy,medium,seedling,9.2,21.7,80.6,499.8,6.1,13.6,1,1,87.4
Spider Plant,clay,medium,young,16.8,33.7,79.9,382.0,6.9,65.6,2,1,87.9
Tulsi,loamy,large,young,70.5,27.7,47.9,439.9,5.1,46.9,2,0,95.2
Areca Palm,loamy,large,young,62.7,28.1,55.7,308.8,6.9,1.2,4,0,100.0
Fern,sandy,small,young,44.5,25.1,81.58354575622275,585.2,4.9,19.1,5,1,100.0
Areca Palm,sandy,medium,young,44.8,16.2,53.7,309.9,6.4,56.3,3,0,85.2
Money Plant,sandy,small,mature,49.9,28.1,56.6,538.9,5.3,32.0,4,0,100.0
Fern,clay,large,seedling,46.8,16.9,75.27470927246243,182.4,2.5,41.9,4,1,75.6
Peace Lily,sandy,medium,seedling,47.0,26.5,87.53588995451942,382.4,5.3,66.1,3,1,88.1
Monstera,clay,medium,young,78.5,28.5,74.77842881245562,482.1,4.1,64.8,3,0,100.0
Monstera,clay,large,young,65.4,20.3,88.65322434522217,494.7,5.0,67.1,3,0,99.5
Tulsi,loamy,small,young,38.9,17.3,33.7,593.4,5.8,25.0,2,1,90.0
Fern,clay,small,mature,68.5,38.0,92.43055497030917,271.0,3.5,50.1,5,0,85.9
Aloe Vera,loamy,medium,mature,19.1,20.9,26.9,696.1,8.9,24.3,1,0,100.0
Tulsi,sandy,large,mature,37.4,20.4,91.9,365.5,6.8,68.5,2,1,83.1
Tulsi,sandy,small,seedling,48.7,23.3,93.8,489.0,6.1,62.7,4,0,95.1
Jade Plant,loamy,large,mature,18.0,28.1,62.3,736.6,8.6,56.9,1,0,100.0
Tulsi,sandy,medium,mature,53.4,15.8,82.8,512.6,4.7,65.1,3,0,87.8
Snake Plant,sandy,large,mature,32.1,32.4,39.6,301.0,5.0,21.1,2,0,100.0
Monstera,loamy,medium,young,51.8,34.2,80.47346309453371,250.6,2.2,38.4,3,1,100.0
Money Plant,clay,large,mature,40.8,32.2,63.1,381.5,4.4,5.7,4,0,98.8
Fern,sandy,small,young,76.5,27.4,93.6960493476106,331.4,5.7,41.3,3,0,100.0
Money Plant,clay,medium,seedling,56.5,16.7,90.5,572.0,5.3,25.2,2,0,75.6
Peace Lily,clay,medium,young,81.9,20.4,93.3,277.9,3.7,5.9,3,0,95.7
Tulsi,clay,medium,young,57.4,20.4,67.7,363.0,4.8,6.7,3,0,100.0
Spider Plant,sandy,small,mature,48.0,24.4,61.2,669.3,7.3,26.6,1,0,96.8
Aloe Vera,sandy,small,young,4.2,30.5,44.2,759.9,9.6,57.4,1,1,85.5
Areca Palm,clay,large,seedling,39.9,24.4,53.8,310.9,5.1,3.6,4,1,100.0
Jade Plant,sandy,small,young,20.1,20.3,63.6,815.4,7.6,64.8,1,0,99.7
Snake Plant,loamy,medium,young,19.7,26.1,64.7,927.8,7.3,58.5,1,1,80.7
Spider Plant,clay,large,mature,40.3,36.8,90.6,689.2,7.2,34.9,1,1,88.4
Jade Plant,loamy,small,young,22.8,36.7,49.1,531.5,6.5,50.2,1,1,70.7
Money Plant,sandy,large,mature,56.5,37.3,32.6,595.1,5.6,58.7,4,0,90.2
Spider Plant,sandy,small,mature,49.8,16.9,25.0,560.3,6.3,6.2,1,0,93.9
Snake Plant,sandy,small,mature,37.9,20.8,48.9,482.3,6.6,43.9,1,0,100.0
Aloe Vera,loamy,large,young,11.5,22.4,47.8,1157.1,7.6,44.6,1,0,98.8
Aloe Vera,loamy,large,seedling,10.0,15.2,85.7,533.9,6.8,49.1,1,0,68.4
Areca Palm,sandy,large,seedling,66.2,22.6,73.6,519.2,4.0,32.8,4,0,100.0
Fern,sandy,small,young,54.3,27.1,70.59993370531771,255.0,3.1,25.6,5,1,98.6
Peace Lily,sandy,small,seedling,79.2,35.5,93.4202092107714,433.0,4.4,61.1,4,0,76.8
Peace Lily,clay,small,young,51.1,27.0,92.4,503.8,4.5,24.8,4,1,100.0
Areca Palm,loamy,medium,young,60.2,25.4,25.7,465.4,6.6,29.7,4,0,100.0
Fern,clay,large,seedling,53.8,25.2,90.51865956590365,262.5,2.8,62.1,3,1,81.5
Money Plant,sandy,small,seedling,64.9,37.5,76.4,348.6,4.2,69.8,4,0,80.8
Aloe Vera,loamy,medium,seedling,31.3,37.3,94.5,344.6,6.4,63.8,1,1,47.5
Monstera,sandy,medium,mature,42.8,18.0,73.3,265.4,2.5,59.5,5,1,82.6
Snake Plant,loamy,small,mature,28.0,19.7,45.7,477.2,4.6,30.7,1,0,100.0
Areca Palm,sandy,large,seedling,34.5,35.4,68.6,482.7,5.7,57.2,3,1,67.2
Fern,clay,medium,young,54.0,18.3,91.9,100.4,2.8,64.1,4,1,81.5
Areca Palm,loamy,small,seedling,69.2,29.9,74.1,308.4,5.8,57.9,3,0,89.0
Fern,loamy,medium,young,80.6,21.7,72.80126138141551,177.4,3.8,48.7,4,0,98.7
Areca Palm,sandy,small,seedling,43.5,17.0,40.1,468.5,4.5,33.8,4,0,78.2
Monstera,clay,small,seedling,48.1,19.7,88.6,140.6,3.5,36.0,5,1,97.2
Aloe Vera,loamy,large,seedling,11.0,29.3,27.4,1112.9,7.7,69.9,1,0,88.9
Areca Palm,clay,small,young,54.9,18.1,81.9,332.6,6.3,34.4,2,0,100.0
Areca Palm,sandy,medium,mature,44.3,36.1,62.8,509.7,5.0,11.5,2,1,89.5
Snake Plant,sandy,medium,mature,37.9,35.9,59.5,1174.8,7.2,69.7,2,1,74.3
Aloe Vera,sandy,small,young,15.8,16.3,85.9,348.9,7.0,12.3,1,0,73.9
Fern,sandy,large,mature,74.3,31.9,81.80496333364411,539.9,5.5,56.8,5,0,97.1
Areca Palm,sandy,medium,young,56.6,17.1,77.7,332.9,5.4,31.7,3,0,94.6
Spider Plant,loamy,medium,mature,27.3,16.5,37.1,638.5,7.8,57.2,1,0,86.7
Peace Lily,loamy,medium,seedling,48.8,16.2,94.95033598197001,114.6,2.6,52.3,3,1,61.4
Peace Lily,sandy,large,young,67.4,35.5,92.1,121.9,3.8,30.9,4,0,87.0
Monstera,loamy,large,seedling,59.8,27.7,74.49525487216665,189.5,2.4,60.8,5,0,95.1
Monstera,loamy,medium,mature,47.5,17.6,73.21416428635384,562.9,5.3,33.8,5,1,86.1
Monstera,loamy,large,mature,70.6,25.5,78.42267805847102,482.4,5.4,60.7,4,0,100.0
Areca Palm,loamy,small,mature,52.8,18.3,50.0,469.0,6.2,40.5,2,0,100.0
Jade Plant,sandy,medium,mature,5.8,24.7,82.4,648.4,7.3,52.5,1,1,72.1
Spider Plant,sandy,small,mature,31.8,31.8,75.7,394.6,6.4,47.4,1,0,98.5
Jade Plant,loamy,large,mature,24.2,19.9,59.4,737.0,8.5,57.7,1,0,99.2
Monstera,sandy,medium,mature,49.9,24.5,69.1739767965274,140.4,2.5,47.4,3,1,99.9
Jade Plant,loamy,medium,seedling,17.3,21.5,94.8,1139.9,8.8,29.2,1,0,87.7
Areca Palm,clay,medium,young,62.1,26.1,75.0,492.2,5.3,27.6,4,0,100.0
Snake Plant,sandy,small,mature,45.9,15.5,53.1,967.8,7.6,62.0,1,0,86.4
Monstera,clay,small,seedling,60.1,37.6,80.72131717073678,152.1,2.3,37.5,5,0,79.0
Snake Plant,sandy,medium,mature,40.3,22.8,66.6,984.9,8.8,60.3,1,0,100.0
Tulsi,clay,small,seedling,74.4,25.9,26.5,346.2,4.9,13.3,4,0,99.2
Tulsi,clay,large,young,70.7,35.7,91.1,412.7,6.6,49.6,3,0,87.0
Areca Palm,clay,large,mature,54.7,37.6,75.2,343.3,4.2,54.1,4,0,89.7
Snake Plant,sandy,large,young,13.6,23.7,27.9,663.6,8.7,37.8,2,1,100.0
Peace Lily,loamy,small,young,60.6,31.7,89.27227536950417,270.7,3.3,69.8,4,0,100.0
Money Plant,clay,medium,young,57.7,37.4,43.1,532.8,4.7,13.2,4,0,88.0
Snake Plant,loamy,medium,young,49.6,18.8,44.3,840.3,7.8,20.9,2,0,98.2
Jade Plant,sandy,large,young,22.1,16.2,69.8,504.4,6.6,70.0,1,0,94.1
Spider Plant,clay,large,mature,26.9,18.6,51.3,1037.3,8.5,7.0,2,0,99.6
Fern,loamy,small,young,62.5,27.0,93.13366821873205,245.7,3.4,66.7,5,0,98.8
Monstera,clay,large,seedling,81.0,30.1,92.7,545.5,4.3,27.5,5,0,89.6
Peace Lily,clay,medium,seedling,63.3,18.9,76.99876267771653,380.1,4.7,66.7,4,0,93.0
Fern,clay,large,young,68.9,30.2,61.28632093887446,283.2,2.2,10.1,4,0,100.0
Aloe Vera,clay,large,mature,11.9,22.5,58.7,952.0,7.9,66.5,1,0,100.0
Tulsi,loamy,small,seedling,67.0,22.7,70.9,364.3,6.8,9.7,2,0,100.0
Snake Plant,sandy,medium,young,39.1,24.3,37.4,398.0,6.8,29.7,2,0,100.0
Money Plant,loamy,small,mature,66.3,18.5,63.4,323.1,4.2,8.6,2,0,96.3
Snake Plant,clay,small,seedling,47.6,33.0,86.4,538.2,5.8,51.9,2,0,89.6
Areca Palm,loamy,small,mature,45.4,21.3,87.5,456.4,4.4,34.0,3,0,97.9
Spider Plant,loamy,large,seedling,15.6,33.5,85.3,1016.1,8.6,11.2,2,1,85.3
Snake Plant,loamy,large,mature,43.8,37.0,83.2,328.1,5.4,14.5,2,1,86.5
Fern,sandy,small,seedling,55.3,18.9,74.21075372471063,184.7,2.9,2.4,5,0,91.1
Peace Lily,clay,large,young,72.6,32.4,94.66271047982724,478.9,4.5,23.7,5,0,100.0
Tulsi,clay,medium,young,49.4,15.9,29.0,385.1,6.1,69.0,4,0,93.8
Tulsi,loamy,large,seedling,36.8,31.3,87.9,513.9,5.3,42.9,2,1,89.1
Jade Plant,loamy,small,mature,29.9,31.7,76.0,654.9,8.5,27.5,1,0,83.2
Snake Plant,sandy,small,seedling,49.0,26.4,68.9,345.0,4.6,0.6,1,0,99.2
Jade Plant,loamy,medium,seedling,18.7,16.1,75.1,868.3,8.7,6.7,1,0,63.6
Peace Lily,clay,small,mature,64.7,19.3,91.28361518903783,511.2,5.4,4.5,4,0,97.8
Peace Lily,clay,large,young,83.8,29.2,73.9,220.5,3.3,39.7,5,0,100.0
Jade Plant,clay,large,mature,15.6,32.8,29.3,1092.9,9.4,28.1,1,0,100.0
Spider Plant,sandy,large,mature,22.3,22.8,31.8,615.1,8.3,33.7,2,0,95.3
Aloe Vera,sandy,small,young,13.3,24.4,89.7,852.0,8.5,47.0,1,0,89.2
Areca Palm,loamy,small,young,53.3,36.6,31.3,319.9,6.0,33.8,4,0,86.6
Jade Plant,loamy,large,young,27.1,26.4,37.3,810.8,8.1,24.6,1,0,100.0
Money Plant,sandy,medium,seedling,35.2,37.7,80.5,315.9,6.0,47.0,2,1,84.5
Areca Palm,loamy,small,young,39.6,35.3,40.9,551.3,6.4,70.3,4,1,72.4
Areca Palm,clay,medium,young,69.0,16.4,39.6,487.1,4.6,65.0,3,0,94.4
Fern,clay,large,seedling,71.0,23.6,68.81237547392297,591.4,4.7,58.1,3,0,96.4
Spider Plant,clay,small,mature,29.8,24.2,90.7,368.2,5.1,69.1,2,0,98.5
Money Plant,loamy,medium,mature,53.8,24.8,32.0,467.4,6.6,32.8,3,0,98.4
Aloe Vera,loamy,small,seedling,6.1,16.4,81.5,767.1,8.7,55.8,1,1,45.9
Areca Palm,sandy,medium,young,49.5,31.2,55.0,538.1,6.1,68.1,2,0,100.0
Snake Plant,clay,small,seedling,35.9,32.6,80.5,1047.5,8.1,63.7,1,0,89.2
Jade Plant,loamy,medium,seedling,23.5,25.8,85.6,739.6,7.5,1.7,1,0,82.4
Jade Plant,loamy,medium,mature,10.0,27.0,78.9,660.2,8.4,16.2,1,0,86.7
Areca Palm,clay,medium,young,70.8,21.9,42.4,418.6,4.1,71.7,3,0,96.4
Spider Plant,sandy,large,young,22.6,16.6,27.0,485.7,4.3,5.8,1,0,87.6
Aloe Vera,loamy,small,young,10.9,22.6,44.3,763.1,7.9,24.7,1,0,99.3
Tulsi,sandy,medium,young,52.4,28.1,86.0,489.0,4.5,33.9,4,0,97.7
Snake Plant,clay,large,mature,41.6,23.9,67.6,356.7,6.5,9.4,2,0,100.0
Monstera,clay,small,mature,65.7,17.7,91.70733911520873,261.5,3.7,61.8,3,0,92.0
Money Plant,loamy,large,mature,51.5,28.4,40.8,319.9,5.3,10.4,4,0,100.0
Snake Plant,loamy,medium,mature,33.4,33.3,88.1,312.5,5.3,4.4,2,1,97.5
Aloe Vera,loamy,small,mature,28.8,18.7,36.4,1181.0,7.2,16.0,1,0,99.4
Monstera,loamy,medium,mature,44.8,29.6,77.6281640695794,391.4,5.6,30.6,3,1,97.8
Jade Plant,loamy,medium,seedling,28.1,31.3,38.1,441.9,6.8,46.5,1,0,92.8
Tulsi,loamy,medium,young,44.2,16.5,45.2,407.8,4.4,20.6,3,0,91.7
Tulsi,clay,small,young,47.0,22.9,60.2,450.1,5.0,70.9,3,0,100.0
Fern,loamy,small,seedling,68.6,36.4,69.57269535268433,404.8,4.5,62.3,4,0,80.5
Aloe Vera,loamy,large,seedling,28.6,17.8,85.5,316.4,6.9,38.4,1,0,62.1
Snake Plant,sandy,small,young,44.9,17.3,89.3,406.9,6.1,6.6,2,0,92.9
Areca Palm,sandy,large,seedling,59.6,29.7,35.4,544.5,5.6,15.7,4,0,85.9
Spider Plant,clay,small,mature,14.9,26.5,25.1,556.0,5.4,63.0,2,1,85.5
Fern,clay,small,seedling,46.3,23.2,90.53640482941061,563.7,5.2,4.1,3,1,100.0
Spider Plant,clay,medium,mature,48.6,37.0,30.4,826.8,8.8,10.5,1,0,93.8
Aloe Vera,loamy,small,young,11.5,21.3,55.1,786.5,8.3,66.7,1,0,100.0
Jade Plant,sandy,small,young,13.5,21.9,64.0,727.4,7.9,26.5,1,0,100.0
Spider Plant,sandy,large,mature,32.7,29.2,29.0,481.8,4.8,26.2,2,0,97.1
Tulsi,sandy,large,mature,53.0,30.0,54.3,310.1,5.0,0.8,2,0,96.4
Money Plant,sandy,large,young,70.8,16.1,50.6,343.7,4.5,9.1,4,0,88.1
Peace Lily,loamy,large,seedling,79.5,35.3,76.47501500456838,579.0,5.3,14.8,5,0,75.5
Peace Lily,sandy,large,young,57.3,35.9,94.3,562.5,4.7,64.0,4,0,93.2
Areca Palm,loamy,medium,young,33.2,33.9,63.9,336.8,5.3,67.5,3,1,89.3
Jade Plant,clay,large,young,6.7,32.1,82.8,401.0,6.8,37.9,1,1,89.6
Aloe Vera,loamy,large,young,17.9,37.4,67.8,462.6,6.1,22.0,1,1,89.3
Spider Plant,sandy,large,young,25.2,30.5,52.8,442.1,6.7,35.3,2,0,100.0
Monstera,clay,large,mature,65.0,28.0,78.0388851948986,462.5,4.9,59.2,4,0,100.0
Fern,loamy,large,seedling,43.3,28.5,73.65016542359781,205.4,3.2,62.5,5,1,84.8
Peace Lily,clay,small,young,83.3,34.2,66.38678924547924,405.4,5.9,10.0,5,0,98.2
Money Plant,sandy,small,mature,67.6,28.2,80.7,422.9,5.4,47.7,4,0,99.7
Fern,clay,small,seedling,78.3,37.1,89.33805456415706,283.9,3.4,55.7,3,0,81.3
Aloe Vera,sandy,small,mature,26.7,34.9,33.8,1119.2,8.1,33.5,1,1,97.7
Spider Plant,sandy,medium,mature,20.9,30.8,62.2,464.6,4.7,46.7,2,0,100.0
Areca Palm,loamy,medium,seedling,59.1,25.0,84.8,439.4,6.1,68.5,3,0,100.0
Fern,loamy,small,mature,70.1,30.4,72.1,325.3,5.9,8.8,4,0,100.0
Tulsi,loamy,medium,young,51.5,37.9,79.5,464.5,6.4,28.0,3,0,87.0
Spider Plant,clay,medium,seedling,31.9,16.4,92.9,437.1,4.9,43.3,1,0,81.2
Areca Palm,clay,medium,young,56.2,37.0,87.4,479.8,4.7,29.5,2,0,86.4
Money Plant,clay,large,seedling,55.5,21.5,69.9,338.4,5.2,17.1,3,0,97.1
Aloe Vera,sandy,medium,young,10.4,19.1,28.3,546.0,6.6,22.1,1,0,99.9
Money Plant,loamy,large,mature,58.1,30.2,33.3,358.7,6.9,35.2,3,0,98.3
Tulsi,loamy,small,mature,67.7,15.2,49.5,410.0,4.1,34.4,4,0,93.7
Money Plant,loamy,small,mature,37.0,30.7,82.8,300.7,6.4,69.7,2,1,80.5
Fern,sandy,large,young,76.0,16.5,85.45864124765379,246.1,3.1,7.3,3,0,91.3
Peace Lily,loamy,medium,mature,47.4,35.2,71.5,265.2,2.8,49.3,5,1,79.8
Aloe Vera,sandy,large,mature,24.7,29.1,37.9,744.3,7.5,48.7,1,0,100.0
Monstera,sandy,small,mature,44.0,17.2,88.21332253900282,316.6,5.2,33.0,5,1,89.1
Areca Palm,clay,large,seedling,53.9,18.9,73.4,365.8,4.7,67.5,2,0,87.6
Tulsi,loamy,small,mature,58.8,30.2,77.3,416.5,4.3,57.6,4,0,100.0
Tulsi,clay,medium,young,67.7,30.0,48.7,320.3,5.3,18.3,3,0,96.2
Aloe Vera,clay,small,mature,7.2,18.2,44.9,495.3,6.1,8.8,1,1,97.6
Snake Plant,sandy,large,young,51.9,37.0,47.5,504.9,4.0,18.3,1,0,85.6
Tulsi,clay,medium,young,58.9,17.9,31.8,534.9,5.0,0.2,3,0,86.5
Fern,loamy,medium,mature,76.3,33.6,82.5,247.1,2.7,17.6,3,0,98.8
Areca Palm,clay,small,mature,41.1,27.7,82.4,406.2,7.0,55.7,3,0,100.0
Snake Plant,sandy,large,young,38.1,26.5,84.8,576.5,5.9,66.6,1,0,100.0
Monstera,loamy,large,mature,74.8,20.7,64.31238935993969,120.4,2.1,6.6,4,0,100.0
Money Plant,clay,small,seedling,68.1,31.2,37.7,336.8,4.4,42.5,4,0,92.0
Money Plant,clay,large,seedling,62.5,16.1,80.1,582.1,5.4,61.9,3,0,80.9
Areca Palm,loamy,small,seedling,36.2,21.5,79.8,593.0,6.2,50.1,2,1,83.0
Aloe Vera,clay,medium,young,15.1,22.2,27.1,1132.7,7.2,6.0,1,0,99.4
Peace Lily,clay,medium,young,54.3,27.0,73.3,178.4,3.0,27.8,3,1,96.1
Fern,loamy,small,young,61.1,36.2,81.57880017078888,493.6,4.8,11.5,5,0,87.0
Aloe Vera,sandy,large,seedling,10.0,24.9,26.4,306.0,6.5,58.0,1,0,98.5
Snake Plant,clay,small,mature,34.3,17.5,29.7,361.7,5.2,45.0,2,0,87.8
Areca Palm,sandy,medium,mature,69.0,18.7,64.0,574.9,5.8,50.4,4,0,99.0
Areca Palm,sandy,large,seedling,55.4,19.4,77.9,330.7,6.5,38.8,2,0,100.0
Peace Lily,loamy,large,young,77.4,15.9,62.902527935861954,286.2,2.1,49.1,3,0,88.5
Areca Palm,loamy,small,young,63.3,24.1,92.8,430.6,6.6,33.2,4,0,100.0
Jade Plant,clay,small,seedling,26.5,37.6,75.1,1133.7,9.7,9.6,1,1,66.6
Areca Palm,sandy,large,mature,49.4,34.7,51.2,347.0,6.4,63.8,4,0,100.0
Peace Lily,loamy,small,young,72.5,32.9,81.7,382.0,4.3,22.6,5,0,100.0
Aloe Vera,loamy,small,seedling,14.0,17.4,57.8,698.2,8.8,56.5,1,0,77.7
Monstera,loamy,small,seedling,81.8,23.5,69.2,111.3,4.0,32.0,3,0,100.0
Spider Plant,sandy,small,young,18.1,29.8,78.8,566.9,5.3,32.7,1,1,95.1
Jade Plant,loamy,medium,young,3.7,21.0,25.9,477.3,6.6,64.4,1,1,83.6
Spider Plant,loamy,medium,mature,37.9,33.6,48.3,844.7,8.7,47.9,2,1,96.2
Tulsi,sandy,small,young,47.5,24.6,47.4,499.2,4.1,1.5,2,0,100.0
Monstera,sandy,large,mature,77.8,19.7,90.02923395736244,280.8,3.9,43.6,4,0,97.1
Peace Lily,loamy,large,seedling,55.4,21.6,91.56556673016445,237.7,2.5,39.2,5,0,95.1
Areca Palm,sandy,small,young,34.2,19.6,61.8,456.6,5.6,42.3,2,1,97.4
Aloe Vera,loamy,large,mature,25.4,34.4,76.0,488.2,6.8,67.8,1,1,70.0
Snake Plant,sandy,large,young,33.0,16.3,40.3,931.6,8.3,38.1,1,0,92.8
Monstera,loamy,large,seedling,66.6,28.1,81.8,138.4,2.9,7.3,4,0,100.0
Money Plant,loamy,medium,seedling,43.3,19.3,42.2,557.7,5.1,52.4,4,0,100.0
Aloe Vera,loamy,large,mature,10.3,27.5,42.0,912.8,7.8,14.7,1,0,100.0
Peace Lily,loamy,large,seedling,49.5,22.5,89.09411596737384,459.3,4.3,49.7,5,1,85.7
Fern,sandy,medium,mature,68.0,27.3,72.24972528947316,154.8,3.6,21.7,3,0,100.0
Tulsi,clay,small,seedling,46.6,15.9,41.8,457.2,4.8,4.3,2,0,83.3
Fern,loamy,small,young,82.7,36.3,81.1323931808145,571.1,4.5,19.4,3,0,89.2
Aloe Vera,loamy,large,young,29.2,26.2,67.2,1157.9,8.0,56.1,1,0,100.0
Snake Plant,sandy,small,seedling,14.8,37.8,55.1,475.9,7.0,7.1,2,1,79.9
Jade Plant,clay,small,young,25.1,25.5,87.7,306.1,6.9,3.8,1,0,81.7
Snake Plant,sandy,medium,seedling,24.7,33.9,37.7,321.6,6.6,40.6,2,1,87.5
Tulsi,sandy,small,seedling,51.7,20.1,73.8,523.8,5.9,40.0,4,0,99.3
Money Plant,clay,small,mature,63.2,33.3,30.6,448.8,7.0,55.3,3,0,95.9
Spider Plant,loamy,medium,mature,23.4,26.7,71.3,939.9,7.6,36.6,1,0,100.0
Money Plant,clay,small,mature,41.6,35.1,25.7,471.0,6.5,64.6,3,1,76.4
Aloe Vera,sandy,large,mature,25.8,16.5,28.5,1073.9,8.3,16.7,1,0,88.5
Peace Lily,sandy,small,mature,78.1,30.3,83.7,555.9,5.3,60.4,3,0,100.0
Aloe Vera,loamy,medium,seedling,21.8,22.3,65.2,930.1,7.8,2.1,1,0,100.0
Tulsi,clay,small,young,43.3,19.3,34.7,341.8,4.5,29.8,4,0,100.0
Fern,clay,small,young,51.4,17.5,89.19823565804882,120.7,3.4,35.4,5,1,85.9
Peace Lily,sandy,medium,mature,53.5,37.6,78.73163470928702,135.6,3.5,54.1,5,1,79.3
Aloe Vera,loamy,large,young,7.6,25.9,80.5,778.1,9.8,4.4,1,1,84.6
Jade Plant,clay,large,mature,14.2,22.0,30.8,513.3,6.7,44.8,1,0,96.1
Areca Palm,clay,medium,young,47.9,22.8,27.8,496.3,4.0,62.4,2,0,95.3
Fern,loamy,medium,young,43.8,30.0,89.17253122311564,347.9,4.6,63.8,3,1,84.6
Money Plant,clay,small,mature,54.0,36.6,94.6,322.6,4.1,29.1,3,0,86.4
Peace Lily,sandy,large,mature,75.3,20.5,75.6,465.0,5.0,59.3,5,0,99.4
Tulsi,sandy,large,seedling,45.5,18.7,67.4,329.7,4.9,9.1,3,0,86.2
Tulsi,sandy,large,young,52.8,25.0,48.9,334.2,5.1,50.5,4,0,100.0
Areca Palm,loamy,medium,seedling,41.0,15.3,76.8,484.8,5.7,18.1,4,0,77.1
Jade Plant,clay,large,seedling,20.0,26.3,34.8,434.2,6.0,4.4,1,0,99.7
Peace Lily,clay,medium,young,84.1,15.7,88.17796591148833,454.5,5.4,25.8,5,0,86.9
Spider Plant,clay,large,seedling,31.3,30.4,67.6,307.8,4.6,15.1,1,0,85.2
Fern,loamy,small,mature,68.1,28.7,76.0,399.7,5.8,62.9,4,0,97.9
Money Plant,loamy,large,mature,41.2,26.5,86.9,575.0,4.5,41.3,3,0,95.3
Snake Plant,loamy,small,mature,36.6,30.0,64.0,513.4,4.1,30.2,2,0,95.6
Fern,clay,small,mature,46.4,22.0,68.07190192954708,568.1,5.9,70.7,4,1,88.8
Areca Palm,clay,large,seedling,44.2,29.5,34.0,384.5,5.0,22.1,2,0,87.1
Tulsi,loamy,large,mature,52.2,23.2,47.8,552.7,4.7,16.5,3,0,95.3
Peace Lily,loamy,medium,seedling,45.7,19.3,82.3996208183391,150.3,3.1,9.2,4,1,99.8
Tulsi,loamy,small,seedling,69.2,35.6,93.0,370.5,6.3,53.6,2,0,83.9
Money Plant,loamy,small,seedling,38.5,29.6,70.5,482.3,6.9,34.1,4,1,85.6
Tulsi,loamy,large,young,38.4,15.7,69.5,334.4,6.5,54.3,3,1,75.2
Snake Plant,sandy,medium,mature,32.6,35.9,73.4,568.1,5.7,17.4,2,1,88.9
Areca Palm,clay,small,young,51.0,31.8,35.2,561.9,6.1,47.6,3,0,96.6
Tulsi,loamy,large,mature,44.4,36.6,81.9,480.6,4.7,31.6,4,1,92.4
Tulsi,loamy,small,mature,56.7,35.9,78.1,326.6,5.8,71.2,3,0,90.2
Jade Plant,loamy,small,young,8.1,21.9,48.0,792.0,7.8,14.3,1,1,100.0
Money Plant,clay,small,seedling,68.6,19.0,39.0,385.9,5.7,5.7,2,0,98.9
Jade Plant,sandy,medium,young,17.9,30.0,42.1,516.3,6.9,48.3,1,0,100.0
Spider Plant,loamy,medium,mature,41.3,15.5,42.1,458.3,4.4,43.0,2,0,86.5
Aloe Vera,sandy,large,seedling,19.6,16.7,89.0,762.9,9.8,27.0,1,0,64.8
Monstera,clay,large,young,80.4,35.0,86.7,196.7,4.0,19.3,3,0,97.9
Money Plant,clay,large,seedling,43.1,20.6,61.8,343.9,4.7,1.8,3,0,98.3
Areca Palm,clay,small,mature,41.3,16.2,84.2,481.0,6.5,8.8,3,0,90.3
Peace Lily,loamy,medium,seedling,81.2,36.9,70.6,171.6,2.9,28.1,4,0,80.8
Fern,clay,medium,seedling,56.1,18.1,80.65217229830421,360.3,5.8,18.3,3,0,88.9
Jade Plant,sandy,medium,seedling,9.1,35.2,46.5,375.3,6.8,65.3,1,1,68.5
Monstera,clay,large,mature,68.2,29.1,75.8715212878719,350.7,5.1,28.0,5,0,100.0
Spider Plant,clay,large,mature,22.0,38.0,80.3,1047.0,7.5,33.1,2,1,86.2
Areca Palm,sandy,medium,mature,47.2,15.5,94.7,391.0,4.5,9.7,2,0,87.0
Monstera,clay,large,young,43.9,33.2,73.80866764143958,472.1,6.0,68.9,4,1,87.6
Peace Lily,loamy,small,mature,55.2,19.8,76.22401116659236,550.4,5.4,27.4,4,0,96.7
Spider Plant,loamy,large,mature,32.8,23.9,72.1,589.4,4.6,0.4,2,0,97.6
Peace Lily,loamy,medium,young,73.7,32.8,61.995738698837606,574.5,4.5,2.2,4,0,100.0
Jade Plant,sandy,medium,seedling,23.0,32.2,67.3,404.1,6.5,26.9,1,0,88.4
Tulsi,loamy,small,young,39.2,30.4,33.7,464.7,4.8,55.6,2,1,82.7
Areca Palm,clay,large,seedling,57.5,35.7,63.9,487.6,4.2,33.4,4,0,78.9
Tulsi,loamy,medium,seedling,45.4,34.5,85.8,523.0,4.7,2.5,2,0,91.9
Jade Plant,clay,large,young,9.0,16.9,82.3,640.1,9.4,55.1,1,1,55.2
Areca Palm,clay,small,young,43.2,27.5,37.2,578.2,6.9,33.4,4,0,96.2
Peace Lily,clay,large,mature,75.2,21.5,92.0,100.6,3.2,8.0,3,0,100.0
Peace Lily,sandy,small,seedling,63.5,21.1,74.4332699616603,510.4,4.1,7.3,5,0,100.0
Spider Plant,clay,medium,seedling,22.7,20.6,39.0,431.7,4.2,45.3,1,0,98.0
Spider Plant,sandy,small,seedling,20.9,15.9,56.0,473.4,5.2,19.0,2,0,77.7
Monstera,sandy,small,young,76.7,33.2,78.75639050698153,191.5,2.1,10.1,5,0,100.0
Aloe Vera,clay,small,young,22.7,16.7,25.1,1098.6,7.8,24.5,1,0,94.3
Spider Plant,clay,large,seedling,40.6,15.2,58.2,590.6,4.2,71.6,2,0,82.9
Fern,sandy,large,young,81.7,15.7,73.71605814893091,322.2,4.2,6.6,3,0,90.3
Money Plant,sandy,medium,seedling,56.0,22.9,90.2,306.6,6.9,58.1,3,0,98.3
Money Plant,loamy,large,young,61.0,19.4,64.0,587.7,4.3,10.1,3,0,100.0
Snake Plant,loamy,medium,young,15.6,25.1,52.2,349.9,6.5,12.1,2,1,100.0
Fern,sandy,large,young,78.9,26.1,74.3,356.9,4.4,27.0,4,0,100.0
Snake Plant,loamy,medium,seedling,30.4,25.7,78.5,474.7,6.7,12.9,1,0,100.0
Jade Plant,loamy,large,young,28.7,24.5,57.8,1016.3,7.5,50.5,1,0,99.7
Jade Plant,loamy,large,young,4.0,23.8,61.4,793.4,9.8,49.5,1,1,86.6
Spider Plant,clay,medium,seedling,49.1,17.7,51.7,465.7,6.6,58.9,2,0,82.5
Fern,sandy,small,seedling,46.3,22.6,88.00326758920015,249.0,2.6,27.0,4,1,98.0
Money Plant,sandy,small,seedling,54.7,23.4,41.8,531.5,5.9,37.7,3,0,100.0
Aloe Vera,clay,small,young,17.0,34.7,75.8,998.6,9.8,38.8,1,1,84.4
Money Plant,clay,large,mature,48.5,25.5,52.9,324.2,6.8,48.3,2,0,100.0
Jade Plant,sandy,medium,seedling,19.4,17.2,91.7,965.4,9.8,23.5,1,0,64.4
Money Plant,clay,large,mature,43.2,29.0,75.7,447.1,4.6,66.4,4,0,99.0
Peace Lily,loamy,medium,mature,74.4,36.9,76.6813674382199,118.0,2.5,12.3,5,0,93.4
Tulsi,clay,small,seedling,36.1,17.6,41.9,487.9,6.0,44.5,3,1,83.5
Fern,loamy,small,mature,54.8,25.4,81.21358860221487,179.0,3.3,23.1,3,1,99.4
Tulsi,sandy,small,young,34.9,33.0,86.1,477.9,5.7,62.8,2,1,84.2
Spider Plant,sandy,large,seedling,16.3,35.0,56.4,363.3,6.1,66.7,2,1,76.2
Tulsi,sandy,large,seedling,57.8,15.2,82.7,548.2,5.9,48.9,2,0,83.7
Money Plant,loamy,large,seedling,61.3,16.6,29.6,416.9,6.6,11.5,4,0,80.9
Aloe Vera,loamy,small,mature,19.9,28.6,49.0,1139.4,8.7,67.0,1,0,98.5
Snake Plant,loamy,large,young,40.0,18.6,79.1,306.3,4.8,57.0,2,0,100.0
Areca Palm,loamy,small,seedling,61.2,18.3,85.7,511.2,6.5,69.2,3,0,90.8
Aloe Vera,sandy,small,young,30.3,36.4,46.9,1021.5,8.4,23.7,1,1,93.5
Aloe Vera,loamy,medium,mature,9.4,20.2,93.1,499.3,6.5,26.0,1,1,88.2
Money Plant,sandy,small,mature,64.3,16.6,46.6,416.2,4.7,24.0,4,0,93.7
Money Plant,sandy,large,seedling,68.4,32.6,52.1,495.8,5.8,63.3,4,0,87.8
Fern,loamy,small,young,57.5,29.4,65.06572532599752,447.9,4.7,22.4,3,0,96.4
Spider Plant,clay,small,seedling,30.1,22.0,27.7,444.4,6.5,63.1,2,0,100.0
Aloe Vera,loamy,medium,young,23.6,27.6,73.3,724.9,9.9,52.5,1,0,86.5
Tulsi,sandy,large,seedling,59.6,31.7,60.7,576.4,4.3,43.6,2,0,86.3
Aloe Vera,loamy,medium,mature,13.7,36.8,66.5,780.9,9.9,49.0,1,1,79.2
Peace Lily,clay,medium,mature,79.6,15.5,73.85989651654613,177.7,3.3,63.4,3,0,91.2
Fern,sandy,medium,seedling,73.6,30.0,90.0,567.7,5.3,45.1,4,0,94.4
Money Plant,loamy,medium,seedling,68.7,15.0,26.6,301.0,5.9,45.0,4,0,83.0
Areca Palm,sandy,medium,young,39.0,35.1,35.0,339.0,5.1,0.7,3,1,90.7
Peace Lily,clay,small,young,53.7,34.4,76.2,192.7,3.0,20.4,4,1,100.0
Fern,loamy,small,mature,67.1,34.7,86.3951401474146,165.2,3.7,41.4,4,0,98.0
Peace Lily,clay,small,mature,74.4,17.5,82.50326547489277,453.4,4.6,64.9,3,0,91.7
Jade Plant,clay,large,mature,31.2,22.0,73.6,529.5,6.5,49.8,1,0,83.6
Fern,loamy,small,mature,48.3,15.2,73.0,232.4,2.8,51.5,3,1,76.6
Tulsi,clay,small,seedling,72.4,15.3,33.9,487.1,6.5,20.9,4,0,81.7
Jade Plant,loamy,large,seedling,29.7,27.5,63.0,413.1,6.9,47.3,1,0,100.0
Areca Palm,loamy,large,mature,52.0,22.6,27.6,335.3,4.2,10.9,3,0,96.2
Fern,loamy,large,mature,69.2,33.9,75.3,417.7,4.6,67.5,5,0,100.0
Areca Palm,clay,small,seedling,68.4,35.2,86.4,592.0,6.8,21.9,4,0,78.1
Snake Plant,sandy,medium,mature,26.7,31.8,92.1,875.0,8.6,4.8,2,0,100.0
Snake Plant,clay,small,young,40.5,29.2,42.9,357.7,5.8,71.8,1,0,97.6
Snake Plant,loamy,large,mature,49.8,35.6,85.9,548.5,4.4,10.9,1,0,93.4
Fern,sandy,large,young,57.0,33.5,81.6,267.0,3.4,0.8,5,0,95.6
Areca Palm,sandy,medium,seedling,60.7,25.7,51.7,563.2,4.2,21.0,3,0,100.0
Money Plant,loamy,medium,young,47.4,15.8,86.5,386.4,6.9,21.2,4,0,86.0
Tulsi,loamy,small,young,45.1,33.0,34.8,486.3,6.7,5.4,2,0,100.0
Spider Plant,clay,large,young,44.0,18.7,43.9,480.3,5.6,35.7,1,0,100.0
Peace Lily,loamy,small,seedling,64.9,19.7,67.82564959635948,210.4,3.5,56.1,3,0,97.1
Fern,sandy,large,young,57.7,17.6,86.81165633394087,277.3,3.7,44.2,4,0,92.5
Jade Plant,loamy,small,young,17.7,29.9,56.9,797.9,7.9,47.7,1,0,99.4
Snake Plant,sandy,small,young,27.5,32.2,54.3,662.4,8.8,49.4,2,0,100.0
Spider Plant,sandy,large,young,50.2,33.9,66.3,709.9,7.1,35.9,2,0,98.1
Peace Lily,loamy,medium,young,73.7,28.8,70.93908002493305,157.0,2.4,42.6,4,0,97.5
Aloe Vera,loamy,small,young,23.4,32.3,85.8,859.0,9.3,2.2,1,0,80.7
Monstera,clay,small,young,65.5,36.9,77.34993650049678,472.6,5.3,66.7,4,0,87.7
Jade Plant,clay,large,mature,29.9,24.0,43.4,872.6,9.6,58.9,1,0,95.8
Fern,clay,small,seedling,44.0,36.1,93.72614933304949,219.6,2.5,60.7,3,1,61.3
Areca Palm,clay,large,mature,36.9,26.2,73.7,453.0,4.5,20.1,3,1,100.0
Aloe Vera,sandy,large,young,4.9,17.1,53.1,754.6,9.9,40.7,1,1,91.4
Jade Plant,clay,medium,mature,33.5,18.7,56.3,910.4,9.2,0.8,1,0,98.1
Monstera,clay,small,seedling,84.3,31.3,78.52208653064932,540.8,5.8,0.3,5,0,86.4
Jade Plant,clay,large,seedling,15.8,15.6,49.2,575.9,7.0,61.7,1,0,75.5
Jade Plant,clay,medium,seedling,16.6,32.3,85.9,695.6,9.7,57.1,1,0,75.5
Spider Plant,sandy,small,seedling,36.5,31.8,53.4,598.4,5.9,3.3,1,0,89.9
Monstera,loamy,large,mature,79.6,32.4,90.23843707717708,102.1,2.6,15.5,4,0,100.0
Snake Plant,sandy,medium,young,40.5,20.0,77.9,1091.3,7.4,62.5,2,0,100.0
Fern,loamy,large,young,67.1,19.4,69.44989036656806,200.2,3.8,5.8,3,0,95.3
Spider Plant,clay,small,mature,43.1,22.6,25.6,428.3,5.1,21.4,2,0,95.5
Jade Plant,loamy,medium,mature,17.2,33.2,85.3,381.1,6.8,34.8,1,1,86.3
Aloe Vera,sandy,large,mature,20.7,21.8,51.3,741.1,8.7,10.0,1,0,100.0
Snake Plant,loamy,medium,seedling,36.5,34.3,91.7,1100.5,8.7,8.6,1,1,87.7
Aloe Vera,sandy,medium,mature,33.3,31.1,57.0,1075.5,8.5,17.8,1,0,98.8
Fern,sandy,medium,mature,53.1,27.7,83.54263025553243,226.7,3.6,37.8,3,1,97.1
Tulsi,sandy,large,mature,35.9,17.4,74.3,449.9,6.4,51.2,3,1,76.7
Areca Palm,clay,large,mature,69.6,32.0,94.5,373.9,5.1,37.1,3,0,100.0
Tulsi,loamy,small,seedling,70.3,25.3,94.6,441.6,5.7,32.8,4,0,97.4
Fern,clay,small,mature,47.2,33.1,61.36462246829453,186.5,2.6,6.4,4,1,95.5
Monstera,clay,small,young,45.1,30.4,88.4806254913797,126.1,3.5,18.4,4,1,100.0
Snake Plant,loamy,small,mature,39.3,19.2,94.8,499.1,4.9,18.7,2,0,96.2
Jade Plant,clay,large,seedling,24.6,29.8,89.5,670.9,8.7,23.8,1,0,79.4
Fern,sandy,small,seedling,54.4,19.2,65.82403576785921,522.6,4.7,39.3,5,1,100.0
Spider Plant,sandy,small,young,48.4,36.3,35.8,794.7,7.7,51.8,2,0,89.7
Aloe Vera,sandy,large,mature,8.9,16.2,47.4,911.8,9.5,7.4,1,1,92.0
Fern,clay,medium,young,78.4,19.5,86.01103320897718,367.9,5.0,0.1,4,0,98.3
Fern,sandy,medium,young,64.8,29.4,83.95015679685592,240.7,2.4,13.1,4,0,100.0
Spider Plant,sandy,small,mature,24.6,19.3,75.6,461.8,6.4,19.6,2,0,95.7
Areca Palm,sandy,small,young,50.3,21.8,26.8,498.3,6.0,27.6,4,0,100.0
Monstera,loamy,small,seedling,78.5,17.3,76.24753391723151,494.2,4.7,65.6,4,0,80.9
Peace Lily,sandy,medium,mature,43.1,23.6,91.59405796019624,316.0,5.6,71.4,4,1,86.7
Spider Plant,clay,large,seedling,28.1,35.2,78.7,389.4,4.9,32.7,1,1,80.3
Aloe Vera,loamy,large,mature,29.9,34.0,81.4,743.6,8.5,7.4,1,1,89.0
Peace Lily,loamy,large,seedling,72.5,23.7,85.46845790683867,191.9,3.3,55.8,3,0,99.5
Tulsi,sandy,small,young,51.0,26.6,53.9,321.1,6.6,41.6,3,0,97.0
Snake Plant,clay,small,mature,48.3,30.4,80.0,553.1,4.6,30.6,2,0,100.0
Aloe Vera,sandy,medium,seedling,29.4,27.6,66.0,1137.9,7.3,64.4,1,0,100.0
Peace Lily,clay,small,young,66.8,18.3,85.3681862551433,376.7,5.2,8.2,5,0,98.0
Areca Palm,clay,small,mature,50.0,20.5,27.6,555.2,4.2,20.8,3,0,95.7
Spider Plant,clay,large,young,48.7,17.0,77.0,337.1,4.4,66.2,2,0,85.5
Jade Plant,loamy,small,seedling,15.6,28.5,88.6,343.5,6.8,37.3,1,0,89.0
Tulsi,loamy,medium,mature,72.1,33.5,25.3,389.2,4.6,10.9,2,0,100.0
Jade Plant,clay,medium,seedling,15.8,27.4,89.7,974.2,7.4,27.0,1,0,84.4
Spider Plant,clay,small,seedling,51.6,35.1,85.7,586.6,5.5,6.2,2,0,77.3
Fern,sandy,large,young,55.1,30.5,82.3,357.6,5.7,59.5,3,0,100.0
Money Plant,sandy,medium,young,68.8,37.6,83.4,587.2,4.2,38.9,3,0,90.6
Fern,loamy,small,young,78.1,16.2,85.27102453783588,371.0,4.4,2.8,4,0,93.9
Areca Palm,clay,medium,young,66.0,25.3,52.7,557.9,4.7,1.3,4,0,95.9
Tulsi,clay,medium,mature,55.2,33.1,44.2,410.7,5.5,21.8,2,0,100.0
Jade Plant,sandy,small,young,5.1,30.4,81.1,753.0,8.4,27.0,1,1,83.6
Peace Lily,clay,large,mature,49.0,23.8,62.498316995969155,123.7,2.8,33.4,5,1,100.0
Areca Palm,sandy,medium,young,37.0,16.2,81.4,504.1,4.6,31.6,2,1,85.7
Peace Lily,sandy,medium,seedling,66.8,27.7,71.53263843365922,512.9,5.2,18.6,4,0,98.4
Tulsi,loamy,large,mature,58.8,25.7,44.5,360.8,5.0,44.6,3,0,100.0
Areca Palm,loamy,large,mature,33.5,30.8,34.3,455.4,6.7,71.7,3,1,86.1
Aloe Vera,clay,large,seedling,29.6,23.4,65.1,920.2,8.4,69.9,1,0,98.2
Spider Plant,clay,small,seedling,26.3,34.7,31.0,324.5,5.8,70.2,2,1,70.3
Peace Lily,clay,medium,mature,71.2,17.4,93.53257934741842,315.4,4.7,28.8,5,0,85.3
Spider Plant,loamy,medium,young,18.2,30.1,38.0,461.3,4.1,19.7,2,1,100.0
Aloe Vera,loamy,small,seedling,10.2,35.8,54.8,1137.2,8.4,35.6,1,1,76.4
Aloe Vera,clay,large,mature,24.5,36.9,25.9,899.7,8.9,38.0,1,1,86.7
Snake Plant,loamy,small,young,39.1,19.6,25.5,327.4,6.2,39.1,1,0,95.3
Areca Palm,sandy,small,young,58.7,19.6,58.0,399.1,5.8,32.4,2,0,95.8
Money Plant,sandy,small,seedling,47.4,30.2,49.6,495.8,5.1,7.8,4,0,90.4
Fern,loamy,small,seedling,67.4,30.0,90.1,169.2,2.5,19.1,4,0,93.0
Aloe Vera,clay,large,seedling,23.8,30.8,39.7,351.9,6.3,21.8,1,0,93.0
Tulsi,clay,large,mature,62.5,29.6,39.2,321.9,5.2,9.7,2,0,100.0
Spider Plant,loamy,large,seedling,40.5,35.5,82.6,758.2,8.7,35.7,2,1,81.5
Aloe Vera,sandy,large,mature,27.4,31.6,32.1,866.9,9.4,46.1,1,0,100.0
Fern,clay,medium,young,52.5,26.1,70.15866605436574,518.7,4.6,25.2,3,1,100.0
Fern,clay,small,young,45.7,15.9,61.60644093135148,296.7,2.8,62.5,5,1,72.0
Aloe Vera,clay,large,young,6.2,15.6,26.5,516.5,7.0,26.9,1,1,94.0
Snake Plant,clay,small,mature,42.8,30.2,58.5,812.3,8.9,66.2,2,0,100.0
Aloe Vera,clay,small,young,11.2,35.4,41.9,675.4,8.6,31.2,1,1,93.7
Tulsi,clay,small,seedling,58.0,36.3,53.1,435.1,6.8,45.8,2,0,79.6
Tulsi,sandy,large,young,63.6,32.1,26.1,568.6,4.2,0.3,3,0,96.9
Aloe Vera,loamy,large,mature,27.0,21.1,25.8,811.2,8.3,33.7,1,0,100.0
Jade Plant,clay,large,young,23.0,21.3,76.8,914.4,8.7,6.6,1,0,88.3
Snake Plant,sandy,small,seedling,45.7,18.7,66.5,516.0,5.5,7.7,2,0,90.4
Aloe Vera,sandy,small,seedling,11.6,32.7,86.5,318.4,6.1,3.6,1,0,77.3
Tulsi,loamy,medium,young,37.0,15.0,27.0,474.4,6.0,62.7,2,1,74.9
Tulsi,sandy,small,seedling,33.2,32.7,49.9,407.2,4.5,42.8,4,1,85.8
Spider Plant,sandy,medium,mature,44.9,18.7,82.1,444.0,5.2,21.7,2,0,99.9
Aloe Vera,sandy,medium,seedling,8.8,37.4,68.1,741.7,8.0,2.5,1,1,80.9
Areca Palm,clay,small,mature,58.7,19.3,34.6,415.7,5.3,70.2,4,0,97.6
Fern,sandy,small,mature,44.9,17.2,72.68502773453821,289.1,3.6,4.5,4,1,88.1
Snake Plant,clay,small,seedling,33.2,20.4,62.0,483.7,4.8,17.3,2,0,100.0
Areca Palm,sandy,large,mature,39.8,20.9,92.3,461.1,4.0,45.2,3,1,100.0
Fern,clay,medium,mature,69.6,20.1,65.20010834496814,110.2,2.6,59.4,4,0,100.0
Spider Plant,clay,large,mature,50.2,23.3,31.5,421.6,6.8,38.9,2,0,99.8
Money Plant,sandy,small,seedling,54.5,26.9,26.0,500.0,4.1,56.3,4,0,100.0
Fern,clay,small,seedling,53.8,30.4,85.68065854180648,215.1,2.3,50.0,3,1,79.1
Fern,sandy,small,young,70.7,29.4,90.11931657881506,237.0,2.6,31.2,4,0,96.8
Spider Plant,clay,medium,young,40.5,17.8,71.6,1135.7,8.1,24.3,1,0,88.4
Snake Plant,clay,small,young,25.4,21.5,73.2,566.6,6.3,41.7,1,0,97.7
Monstera,clay,small,young,45.5,20.1,77.51283362540427,449.5,5.8,49.0,5,1,84.2
Areca Palm,clay,small,mature,48.8,32.0,72.9,436.6,5.9,45.9,2,0,95.2
Areca Palm,sandy,small,seedling,34.8,24.9,45.7,343.5,6.3,25.7,2,1,100.0
Spider Plant,loamy,large,mature,15.6,35.8,90.6,390.2,5.4,45.8,1,1,88.1
Peace Lily,clay,small,mature,71.7,16.6,80.94909727119628,317.7,6.0,55.1,3,0,85.8
Fern,sandy,large,seedling,74.1,25.9,88.81171535736968,467.5,4.8,31.0,4,0,100.0
Tulsi,sandy,large,mature,60.8,24.4,47.6,475.4,6.1,49.3,3,0,100.0
Aloe Vera,clay,large,young,15.3,33.9,71.2,866.8,8.4,7.9,1,1,88.1
Snake Plant,loamy,large,young,33.1,31.0,44.8,433.1,6.7,66.8,1,0,97.0
Areca Palm,loamy,large,young,62.2,21.0,56.1,349.2,6.2,27.7,3,0,100.0
Aloe Vera,clay,small,young,10.7,37.0,76.2,889.9,7.2,28.2,1,1,70.5
Tulsi,loamy,large,seedling,53.3,36.8,74.9,596.4,7.0,23.2,4,0,81.2
Tulsi,loamy,medium,seedling,38.1,29.7,89.5,519.9,5.8,52.2,3,1,72.4
Snake Plant,clay,large,mature,45.8,16.9,36.9,556.4,5.7,68.9,1,0,88.4
Snake Plant,clay,small,young,26.4,20.0,90.3,518.1,6.6,68.2,1,0,100.0
Jade Plant,sandy,small,young,20.9,16.6,38.5,477.7,6.3,54.1,1,0,91.2
Tulsi,loamy,large,seedling,52.9,21.5,44.8,591.7,6.5,70.4,3,0,99.4
Spider Plant,sandy,medium,young,23.9,29.9,70.4,342.8,6.0,28.5,2,0,100.0
Areca Palm,loamy,small,seedling,37.8,33.0,34.2,596.8,4.8,68.5,2,1,74.6
Tulsi,loamy,large,seedling,35.6,37.0,32.4,394.3,4.5,44.8,3,1,75.1
Money Plant,sandy,small,young,68.5,34.6,58.7,386.5,6.0,1.2,4,0,99.4
Money Plant,loamy,large,young,39.6,19.5,31.4,482.4,6.3,54.4,2,1,88.3
Snake Plant,clay,large,young,40.4,31.6,49.2,654.3,7.5,29.3,2,0,99.2
Fern,clay,medium,mature,69.2,23.9,86.57814798012551,177.4,3.5,55.1,4,0,99.1
Tulsi,loamy,medium,seedling,59.7,23.9,82.3,392.8,5.5,12.3,4,0,100.0
Snake Plant,loamy,medium,seedling,42.1,33.6,30.2,531.1,5.2,13.8,2,1,86.2
Aloe Vera,sandy,small,mature,25.3,18.3,90.2,1074.2,7.7,23.0,1,0,84.8
Fern,sandy,large,mature,56.0,30.1,83.7,305.4,4.9,2.9,5,0,97.1
Areca Palm,loamy,large,seedling,47.1,24.3,93.1,438.8,4.5,31.6,2,0,100.0
Monstera,clay,small,mature,74.4,19.8,75.40394391789086,494.6,5.4,21.0,4,0,95.1
Jade Plant,loamy,small,young,7.5,15.5,49.1,808.6,7.7,35.2,1,1,85.4
Fern,loamy,large,young,54.5,17.5,68.52259132608773,579.2,5.0,60.4,3,1,73.2
Tulsi,loamy,small,mature,39.8,23.1,35.1,529.7,4.7,71.3,2,1,83.8
Snake Plant,clay,medium,mature,26.2,28.8,64.5,325.9,6.7,3.8,1,0,99.0
Snake Plant,sandy,medium,mature,29.0,29.5,82.0,674.7,7.9,0.3,2,0,97.6
Spider Plant,loamy,medium,seedling,16.8,34.8,55.4,735.2,9.0,10.5,1,1,86.1
Jade Plant,sandy,small,seedling,18.6,29.3,33.2,682.7,8.1,49.4,1,0,90.5
Money Plant,loamy,large,mature,56.8,21.4,68.5,415.5,4.7,70.0,4,0,100.0
Jade Plant,sandy,large,young,14.7,29.6,26.0,370.2,6.9,52.3,1,0,100.0
Tulsi,loamy,small,mature,42.4,29.5,36.6,397.8,5.4,35.8,2,0,96.4
Money Plant,clay,large,seedling,60.1,32.4,47.2,488.9,6.6,38.5,4,0,86.5
Spider Plant,loamy,medium,young,29.5,34.9,82.9,518.3,6.4,63.9,2,1,85.5
Fern,clay,small,seedling,55.1,34.6,67.3817346327289,100.3,4.0,2.8,5,0,92.0
Aloe Vera,sandy,large,young,30.8,24.8,64.4,786.0,7.4,67.8,1,0,100.0
Aloe Vera,clay,medium,mature,21.2,15.4,77.5,896.6,9.4,25.8,1,0,70.0
Fern,sandy,large,young,78.5,29.9,60.0855021781542,140.9,3.4,25.4,5,0,100.0
Money Plant,clay,large,mature,46.6,19.8,71.9,567.6,5.0,21.1,4,0,96.8
Peace Lily,clay,small,young,82.7,36.1,93.12702486830379,276.6,3.2,62.2,4,0,89.5
Money Plant,sandy,large,mature,45.2,37.4,38.1,590.9,5.7,69.5,4,0,88.8
Peace Lily,loamy,large,seedling,53.5,29.8,74.24590786260687,357.0,5.3,49.5,5,1,70.5
Tulsi,clay,large,mature,61.8,15.5,76.9,484.3,4.0,17.4,4,0,90.7
Peace Lily,loamy,large,mature,64.5,26.7,74.5,263.1,2.7,22.1,4,0,100.0
Areca Palm,loamy,medium,seedling,56.6,22.2,37.8,582.2,4.2,40.1,4,0,100.0
Peace Lily,sandy,large,mature,80.2,20.1,77.54340682637644,109.8,2.4,11.1,5,0,98.8
Peace Lily,sandy,small,mature,49.8,16.0,74.2,246.5,2.8,46.0,5,1,93.5
Areca Palm,sandy,large,young,65.9,21.6,84.9,383.8,4.4,15.1,4,0,100.0
Tulsi,clay,large,young,68.7,26.6,64.1,362.7,6.7,60.9,3,0,100.0
Monstera,sandy,large,young,43.1,15.2,73.76485295974105,412.4,5.0,61.1,5,1,76.1
Monstera,loamy,small,young,57.4,20.0,88.09772782884714,268.1,3.6,33.5,5,0,96.6
Money Plant,clay,small,seedling,56.8,25.0,59.0,361.0,5.8,14.0,4,0,97.2
Money Plant,sandy,medium,mature,69.2,19.2,89.2,462.7,4.8,64.7,3,0,96.2
Monstera,clay,large,young,58.3,27.3,84.6,386.8,5.4,41.0,5,0,95.6
Tulsi,clay,medium,mature,69.6,25.5,35.7,595.5,6.9,1.6,2,0,96.6
Money Plant,sandy,medium,seedling,33.0,36.4,49.2,360.3,5.9,49.0,3,1,67.8
Money Plant,sandy,medium,young,58.0,37.4,83.6,499.3,6.2,59.0,4,0,89.2
Money Plant,loamy,large,seedling,56.4,19.6,29.8,395.9,5.5,1.5,3,0,100.0
Snake Plant,loamy,medium,young,16.1,22.4,62.6,542.9,4.9,62.9,1,1,80.2
Spider Plant,sandy,medium,seedling,15.4,30.7,85.2,480.6,6.2,36.7,1,1,89.4
Peace Lily,sandy,medium,young,79.2,29.7,66.42065349902559,267.8,3.3,3.2,4,0,100.0
Areca Palm,clay,large,seedling,56.5,25.7,44.7,480.0,4.1,12.8,4,0,100.0
Aloe Vera,clay,small,mature,5.5,22.1,44.6,1051.5,9.9,1.4,1,1,99.3
Peace Lily,clay,large,young,52.0,35.6,68.62181990511354,119.1,2.3,52.7,5,1,73.3
Fern,sandy,small,seedling,58.5,26.9,66.8,505.0,5.8,49.3,3,0,97.7
Snake Plant,clay,large,young,23.7,16.9,59.2,1001.5,8.1,43.6,1,0,90.2
Aloe Vera,sandy,medium,mature,32.9,16.0,86.1,981.7,8.5,17.4,1,0,72.4
Jade Plant,loamy,small,mature,13.2,17.3,76.8,768.6,7.3,38.9,1,0,74.1
Money Plant,loamy,large,young,53.6,33.4,76.6,490.2,5.5,28.4,3,0,99.5
Peace Lily,sandy,large,seedling,72.7,19.4,94.6,531.1,5.2,13.4,3,0,96.4
Peace Lily,sandy,large,young,47.5,22.7,80.05295616681856,546.9,4.1,32.2,4,1,98.2
Tulsi,sandy,small,young,42.3,23.7,93.3,457.3,4.3,12.5,2,0,100.0
Money Plant,loamy,small,young,43.0,33.2,47.3,476.0,6.3,28.2,4,1,96.7
Monstera,sandy,large,young,74.8,21.7,76.62278403129004,167.6,2.9,12.6,3,0,98.6
Peace Lily,sandy,medium,young,56.6,18.5,84.7,197.0,3.4,58.9,3,0,100.0
Monstera,sandy,large,mature,53.4,31.8,61.71823166472423,243.8,3.3,35.8,5,1,100.0
Tulsi,loamy,small,young,53.1,16.3,68.0,578.3,5.2,47.5,3,0,93.7
Areca Palm,sandy,small,young,56.9,21.2,79.1,327.4,4.0,2.8,2,0,100.0
Aloe Vera,sandy,medium,young,26.1,24.9,57.5,669.1,7.3,63.3,1,0,97.0
Jade Plant,sandy,large,young,26.5,31.9,46.1,617.3,9.6,31.3,1,0,98.2
Areca Palm,loamy,large,mature,48.4,17.2,47.2,475.5,5.9,35.4,2,0,88.6
Snake Plant,clay,small,young,34.9,36.3,60.0,334.3,4.7,0.1,2,1,86.9
Areca Palm,loamy,small,young,45.2,15.3,32.4,339.3,4.5,44.9,2,0,92.6
Tulsi,loamy,small,young,42.7,32.3,59.1,453.3,5.0,13.8,4,0,100.0
Snake Plant,loamy,large,young,15.9,24.4,25.8,380.8,4.6,3.7,2,1,97.1
Aloe Vera,sandy,small,mature,5.1,19.5,51.7,1018.6,9.2,10.7,1,1,100.0
Areca Palm,sandy,small,seedling,62.6,23.3,72.1,423.8,6.6,12.6,3,0,97.4
Spider Plant,clay,large,seedling,46.2,24.3,91.3,902.3,8.3,13.6,2,0,100.0
Aloe Vera,loamy,medium,mature,14.3,32.5,44.2,769.6,8.7,52.7,1,0,97.9
Areca Palm,clay,medium,seedling,50.7,22.7,78.0,581.2,4.7,13.5,4,0,100.0
Snake Plant,loamy,large,seedling,15.0,18.7,86.3,938.1,8.0,6.1,1,1,89.7
Money Plant,sandy,large,mature,51.4,27.1,83.6,400.8,5.4,35.7,2,0,98.3
Fern,clay,medium,young,62.3,17.8,85.76660112251407,245.5,3.1,22.4,5,0,88.5
Spider Plant,clay,medium,young,44.8,19.9,87.2,801.5,8.5,69.7,2,0,100.0
Tulsi,clay,large,seedling,66.4,20.0,89.8,304.2,5.5,6.8,2,0,96.8
Peace Lily,clay,large,young,81.9,30.4,65.81069248667752,260.5,3.1,7.8,4,0,100.0
Monstera,loamy,large,seedling,60.2,19.5,73.00696156925385,111.1,4.0,52.4,5,0,98.6
Monstera,clay,medium,seedling,45.6,16.5,88.47823732478261,119.8,3.7,54.5,5,1,62.6
Tulsi,loamy,large,seedling,52.0,24.3,40.7,310.0,6.9,25.1,4,0,95.7
Jade Plant,sandy,large,seedling,24.2,34.3,35.9,659.3,10.0,39.8,1,1,92.8
Peace Lily,loamy,small,seedling,77.4,35.9,70.35925796286114,147.7,2.7,40.3,5,0,80.1
Snake Plant,loamy,small,seedling,14.1,29.3,49.5,617.3,8.6,31.9,2,1,86.2
Fern,sandy,medium,mature,56.5,23.5,87.109795588174,380.0,5.8,60.8,5,0,100.0
Fern,clay,small,seedling,73.3,26.0,80.73651262944719,132.5,3.7,66.6,3,0,97.5
Spider Plant,loamy,medium,seedling,33.1,28.6,53.2,1088.1,7.4,28.7,2,0,100.0
Areca Palm,loamy,large,young,67.0,18.7,67.8,555.2,4.7,28.2,2,0,95.4
Fern,sandy,small,seedling,50.6,36.7,84.89735615500356,231.2,4.0,71.5,4,1,64.7
Areca Palm,clay,large,seedling,60.9,23.6,33.3,313.9,4.0,66.0,4,0,100.0
Areca Palm,sandy,large,seedling,39.7,24.6,40.9,454.3,5.7,4.7,2,1,95.5
Areca Palm,clay,small,mature,51.3,24.1,89.2,319.9,6.8,29.0,4,0,100.0
Money Plant,clay,medium,mature,61.6,22.8,63.5,462.3,6.3,20.7,4,0,100.0
Monstera,clay,large,seedling,55.3,21.6,86.13385068437438,387.4,4.0,25.5,5,0,100.0
Fern,loamy,medium,young,77.0,17.5,91.21164127844239,292.7,3.7,67.7,4,0,87.4
Snake Plant,clay,medium,seedling,42.5,22.3,43.9,653.2,8.5,10.9,1,0,100.0
Snake Plant,loamy,medium,mature,28.2,23.5,84.3,588.2,5.6,48.6,2,0,99.2
Jade Plant,clay,medium,seedling,32.2,15.0,50.7,1102.3,8.0,63.5,1,0,76.8
Aloe Vera,clay,small,young,10.5,19.2,50.2,983.2,9.5,0.8,1,0,95.2
Tulsi,clay,small,seedling,72.5,24.1,58.3,583.4,5.0,29.0,2,0,100.0
Snake Plant,sandy,large,young,52.1,15.2,63.4,423.9,5.3,25.0,2,0,92.8
Areca Palm,sandy,small,seedling,34.2,32.7,51.3,357.5,5.4,65.0,3,1,71.8
Money Plant,sandy,medium,seedling,54.5,17.6,70.2,482.9,5.3,67.3,2,0,81.1
Areca Palm,clay,large,seedling,43.3,18.9,75.3,395.7,4.5,37.2,3,0,87.5
Peace Lily,loamy,medium,seedling,68.1,33.4,70.78060164075217,157.7,2.2,69.9,5,0,88.9
Jade Plant,loamy,small,young,10.6,22.5,55.5,1051.6,8.4,3.7,1,0,100.0
Areca Palm,loamy,medium,seedling,41.0,34.6,25.5,466.9,5.0,28.3,2,1,90.2
Jade Plant,loamy,small,seedling,15.9,20.6,81.0,859.6,7.8,56.4,1,0,83.6
Fern,clay,large,mature,73.4,33.3,85.94035544118138,129.5,3.9,44.2,4,0,99.5
Fern,sandy,large,seedling,82.5,26.4,60.01503262434343,271.8,2.1,20.5,4,0,98.8
Monstera,sandy,large,young,62.0,28.8,63.84703932563494,457.5,5.9,32.4,4,0,98.4
Monstera,clay,small,seedling,70.8,24.0,93.99547438229324,247.0,2.4,3.6,5,0,96.7
Jade Plant,clay,medium,mature,7.6,27.9,70.4,1149.3,8.9,46.8,1,1,81.1
Peace Lily,loamy,medium,young,48.8,20.7,76.55547476478091,460.6,4.3,10.6,5,1,100.0
Jade Plant,sandy,small,young,17.6,25.7,87.1,539.6,6.2,67.5,1,0,89.1
Areca Palm,sandy,large,seedling,41.1,28.8,41.5,541.9,5.8,49.8,4,0,100.0
Snake Plant,clay,large,seedling,37.4,24.4,55.1,515.4,5.7,13.0,1,0,100.0
Jade Plant,sandy,medium,young,19.5,17.9,92.5,764.9,9.3,21.2,1,0,74.9
Money Plant,loamy,large,seedling,43.5,33.6,26.9,304.6,5.3,35.1,3,1,89.6
Monstera,sandy,large,young,58.4,33.1,69.44212439685835,478.3,5.3,10.9,4,0,100.0
Jade Plant,sandy,small,young,22.0,27.2,60.3,927.9,7.2,0.4,1,0,96.8
Money Plant,loamy,large,young,42.0,24.7,52.3,569.6,6.2,26.9,4,0,100.0
Peace Lily,loamy,medium,seedling,52.5,30.8,69.1,336.6,5.8,60.7,3,1,75.5
Aloe Vera,clay,small,mature,16.7,35.0,26.6,560.2,6.7,58.3,1,1,85.1
Areca Palm,clay,small,mature,37.6,16.5,70.0,465.3,4.8,43.9,4,1,87.4
Areca Palm,clay,medium,seedling,54.7,23.7,40.2,336.1,4.3,10.9,4,0,100.0
Peace Lily,sandy,small,young,77.0,26.1,66.2856916022886,110.4,3.7,27.1,3,0,97.3
Fern,sandy,large,mature,52.8,15.1,87.08873054909601,225.4,2.0,51.4,3,1,76.1
Spider Plant,sandy,small,mature,22.7,26.2,65.1,590.8,5.7,28.9,1,0,100.0
Areca Palm,sandy,small,mature,35.7,18.1,56.9,532.5,4.9,24.4,2,1,99.5
Spider Plant,loamy,large,seedling,18.5,15.3,38.0,446.0,4.0,48.9,2,1,65.6
Peace Lily,loamy,large,mature,57.3,36.0,78.1,446.6,4.5,0.7,3,0,85.0
Jade Plant,clay,small,young,29.7,20.6,63.4,475.2,6.3,38.1,1,0,100.0
Aloe Vera,clay,small,young,10.5,31.1,93.7,1084.4,7.5,67.1,1,0,88.9
Money Plant,sandy,medium,young,42.3,19.3,64.6,334.2,6.9,12.3,3,0,97.2
Snake Plant,clay,medium,seedling,48.6,24.6,34.6,1040.9,8.9,50.2,2,0,95.7
Areca Palm,clay,medium,mature,65.9,37.3,45.1,365.9,6.1,58.6,4,0,94.1
Snake Plant,clay,medium,seedling,52.8,18.2,72.0,1156.4,8.4,60.1,2,0,92.8
Monstera,clay,large,young,64.7,37.3,72.2543122425801,369.0,4.9,3.9,5,0,92.0
Jade Plant,clay,large,young,25.9,34.9,63.0,448.3,6.1,45.7,1,1,97.9
Areca Palm,loamy,medium,young,58.6,29.2,79.8,366.1,5.3,21.7,2,0,100.0
Jade Plant,loamy,large,young,8.6,33.6,38.0,394.9,6.8,8.7,1,1,98.0
Snake Plant,sandy,medium,young,48.0,27.2,31.2,363.5,5.2,31.0,1,0,100.0
Monstera,loamy,small,seedling,69.2,33.2,86.0509027150072,446.3,4.4,57.9,3,0,85.4
Monstera,sandy,medium,young,80.4,19.3,91.17747137739707,562.2,5.9,18.0,5,0,95.1
Snake Plant,clay,medium,seedling,54.1,32.0,26.8,994.5,7.8,9.3,2,0,86.1
Fern,sandy,medium,mature,81.2,15.9,62.797092897991064,202.5,3.2,5.0,5,0,94.0
Snake Plant,sandy,small,young,51.8,18.4,92.2,525.2,6.6,5.0,1,0,100.0
Spider Plant,loamy,medium,mature,12.5,16.8,82.5,1045.2,8.7,65.5,2,1,73.9
Snake Plant,sandy,large,seedling,22.8,20.8,30.4,1106.1,7.0,18.7,1,0,97.3
Tulsi,loamy,large,mature,47.1,18.6,35.9,372.7,6.5,64.2,4,0,99.8
Tulsi,clay,small,mature,70.0,21.2,56.1,328.4,4.7,22.9,4,0,100.0
Areca Palm,loamy,medium,mature,53.2,36.4,25.4,563.3,6.0,16.8,2,0,87.9
Money Plant,sandy,large,seedling,70.4,30.3,49.9,512.8,4.0,65.0,3,0,92.4
Spider Plant,loamy,medium,young,20.0,23.4,29.5,788.0,8.6,15.8,2,0,100.0
Tulsi,sandy,large,young,46.6,22.5,48.2,358.8,4.8,2.2,2,0,100.0
Peace Lily,loamy,small,seedling,80.8,36.3,61.651773083580636,292.1,2.7,36.5,3,0,82.8
Aloe Vera,clay,medium,young,5.6,23.5,54.7,1119.2,9.2,3.2,1,1,99.3
Peace Lily,loamy,small,mature,44.0,21.6,93.69721948527115,390.4,5.4,29.4,4,1,98.7
Peace Lily,clay,small,young,51.8,30.3,60.442615110254735,200.7,2.5,67.7,3,1,82.8
Tulsi,loamy,medium,young,69.4,22.6,77.8,493.5,4.9,12.3,3,0,100.0
Fern,sandy,large,seedling,68.2,19.5,69.37990845035246,303.0,6.0,0.3,4,0,100.0
Spider Plant,loamy,large,young,50.8,25.9,28.5,1142.4,8.2,43.9,2,0,98.0
Tulsi,loamy,small,seedling,66.1,33.9,65.8,351.0,5.8,36.0,4,0,90.6
Jade Plant,clay,large,seedling,32.8,34.3,60.0,1180.5,8.5,13.5,1,1,88.6
Tulsi,sandy,large,seedling,61.6,31.7,47.1,408.0,5.2,71.5,4,0,90.9
Fern,sandy,medium,young,45.6,22.3,86.15650663460045,191.9,3.2,4.6,3,1,97.6
Peace Lily,clay,small,young,54.0,30.6,84.63961889591617,100.8,2.6,49.2,3,1,81.7
Fern,clay,large,seedling,66.8,25.2,85.00604813825451,244.8,3.9,54.7,4,0,100.0
Tulsi,clay,large,seedling,48.1,28.8,32.3,347.6,5.4,67.8,3,0,96.8
Tulsi,clay,small,seedling,39.4,25.4,50.1,512.8,6.9,37.5,4,1,100.0
Tulsi,sandy,large,mature,43.2,34.0,30.6,356.5,4.9,44.7,2,1,100.0
Money Plant,loamy,medium,seedling,46.4,31.2,43.9,343.1,6.1,36.8,4,0,89.8
Money Plant,sandy,large,mature,67.7,19.8,77.1,509.2,4.9,5.7,4,0,98.9
Aloe Vera,sandy,large,mature,9.1,31.7,28.4,432.7,7.0,8.1,1,1,97.1
Tulsi,clay,medium,seedling,72.4,35.9,81.2,491.6,5.8,53.1,3,0,83.0
Aloe Vera,clay,small,mature,26.5,27.2,92.2,868.0,9.5,30.9,1,0,86.8
Peace Lily,sandy,medium,seedling,82.2,18.3,81.28624543254095,215.0,2.6,8.4,4,0,85.8
Spider Plant,sandy,large,young,12.6,17.0,70.8,302.3,5.5,57.3,2,1,78.9
Aloe Vera,sandy,medium,seedling,22.1,23.5,48.1,958.5,7.4,13.0,1,0,100.0
Peace Lily,clay,small,seedling,82.5,29.6,74.6,128.4,2.7,26.1,3,0,89.9
Aloe Vera,loamy,medium,young,29.3,33.5,56.2,625.6,9.6,50.8,1,1,80.2
Snake Plant,loamy,small,mature,22.9,20.3,81.7,499.8,5.1,18.0,1,0,100.0
Aloe Vera,sandy,large,young,9.5,31.6,43.2,1107.9,7.7,28.7,1,1,100.0
Spider Plant,clay,large,young,17.8,35.3,84.8,452.5,5.1,18.1,2,1,90.8
Spider Plant,sandy,small,seedling,16.0,36.0,69.5,428.3,5.1,53.0,2,1,67.2
Jade Plant,loamy,medium,mature,7.3,16.2,57.1,602.4,9.5,68.5,1,1,73.5
Money Plant,loamy,medium,seedling,72.3,29.4,29.2,548.1,5.2,26.7,2,0,91.9
Peace Lily,loamy,large,mature,47.3,27.3,82.51807680611918,270.5,2.8,4.5,4,1,100.0
Fern,sandy,large,young,51.8,20.5,71.60289120163438,395.8,4.8,69.5,5,1,87.2
Fern,sandy,small,mature,63.1,33.7,64.27562980576877,434.1,4.5,32.9,4,0,100.0
Aloe Vera,loamy,small,young,12.9,24.3,68.5,1117.4,7.1,68.3,1,0,100.0
Spider Plant,sandy,large,mature,32.9,30.0,65.4,426.4,4.9,41.1,1,0,100.0
Money Plant,sandy,medium,young,69.5,25.3,44.6,485.4,6.2,22.1,2,0,100.0
Tulsi,loamy,small,mature,46.4,35.5,35.8,537.3,5.1,52.7,2,0,90.9
Areca Palm,loamy,large,seedling,51.4,34.4,36.0,430.1,4.3,49.7,2,0,90.6
Spider Plant,sandy,small,seedling,26.0,28.5,41.0,354.2,4.6,59.7,1,0,98.0
Money Plant,loamy,large,seedling,69.1,22.2,87.9,501.9,4.0,35.1,3,0,97.0
Areca Palm,clay,medium,mature,33.9,20.0,51.5,381.5,6.5,66.6,3,1,80.4
Fern,clay,medium,mature,60.2,21.8,84.45721306483725,374.8,4.7,50.6,4,0,95.8
Tulsi,sandy,medium,mature,58.8,21.9,47.7,336.5,6.4,33.9,3,0,100.0
Peace Lily,sandy,large,mature,43.9,33.8,90.26778772366086,572.7,4.9,62.4,4,1,81.7
Tulsi,clay,small,mature,54.5,32.9,82.3,566.8,5.9,35.9,3,0,100.0
Fern,sandy,medium,seedling,77.4,24.4,86.6,453.0,5.0,19.9,3,0,100.0
Money Plant,sandy,large,seedling,38.5,36.8,39.8,558.4,6.6,42.2,3,1,76.8
Snake Plant,loamy,small,young,14.3,33.4,60.0,1143.6,8.7,36.9,2,1,100.0
Snake Plant,sandy,large,mature,22.2,26.7,53.2,309.1,6.6,36.6,1,0,97.4
Money Plant,loamy,medium,young,45.1,28.4,80.0,394.8,4.6,35.9,3,0,97.3
Snake Plant,loamy,large,young,31.8,35.4,41.5,405.4,5.2,48.2,2,1,72.6
Money Plant,loamy,medium,mature,68.9,35.8,42.1,493.5,6.7,48.9,2,0,92.4
Aloe Vera,loamy,medium,seedling,25.6,24.0,77.6,745.9,9.5,52.7,1,0,86.2
Tulsi,clay,medium,young,41.2,32.2,71.5,535.6,4.0,27.2,4,0,100.0
Fern,clay,large,young,71.7,33.6,80.4,249.8,2.7,36.0,4,0,100.0
Snake Plant,sandy,medium,seedling,38.4,32.0,32.2,596.3,4.3,69.4,2,0,93.0
Areca Palm,sandy,large,mature,46.1,36.3,47.4,331.2,6.1,19.6,3,0,85.9
Monstera,sandy,small,mature,79.7,37.2,60.750933671553085,145.0,3.2,47.0,4,0,86.7
Peace Lily,loamy,small,young,42.5,31.4,83.49547583049566,403.3,4.3,47.8,3,1,100.0
Tulsi,loamy,large,seedling,53.6,24.7,91.7,494.6,6.9,38.0,4,0,95.3
Spider Plant,loamy,small,young,44.7,23.2,65.5,512.7,5.0,25.7,2,0,99.2
Fern,sandy,medium,young,71.1,24.6,92.72451727618417,407.1,5.4,35.9,4,0,96.5
Peace Lily,sandy,small,mature,81.9,17.0,78.14377993763526,430.9,4.7,33.0,4,0,89.9
Snake Plant,loamy,small,seedling,29.5,18.1,82.2,404.2,6.2,26.0,2,0,92.8
Jade Plant,clay,large,seedling,9.2,17.4,72.9,829.2,7.5,63.3,1,1,45.9
Tulsi,clay,small,young,66.4,19.1,93.8,558.7,5.2,41.4,4,0,95.8
Areca Palm,loamy,large,seedling,59.5,35.3,76.9,531.5,5.0,71.0,3,0,79.5
Tulsi,clay,medium,seedling,66.2,20.0,79.6,342.8,6.2,1.7,4,0,95.7
Aloe Vera,loamy,large,young,24.9,25.9,57.6,981.9,7.3,3.7,1,0,100.0
Peace Lily,sandy,large,seedling,79.5,21.3,70.49203670621978,136.2,3.6,58.9,4,0,98.2
Spider Plant,loamy,medium,young,14.0,30.8,75.4,301.6,6.3,24.5,2,1,100.0
Aloe Vera,clay,medium,seedling,17.2,17.9,88.6,893.6,7.3,3.1,1,0,68.5
Fern,clay,large,seedling,63.3,36.0,66.17304566842488,147.4,3.9,35.2,5,0,83.3
Fern,clay,medium,young,52.8,18.5,89.92217119998561,318.4,4.6,22.5,5,1,99.7
Areca Palm,loamy,medium,young,54.0,35.2,31.7,383.3,4.8,40.7,3,0,88.9
Peace Lily,sandy,large,mature,41.7,24.9,93.1939702639568,207.1,3.5,62.1,4,1,87.2
Snake Plant,sandy,small,young,40.8,30.4,58.0,614.7,7.1,65.0,2,0,100.0
Peace Lily,sandy,small,seedling,66.2,30.1,73.9,155.3,2.6,47.8,4,0,92.4
Tulsi,loamy,small,seedling,72.9,19.6,29.1,457.7,6.4,8.6,2,0,100.0
Money Plant,loamy,medium,mature,72.4,23.1,38.2,352.2,6.6,30.1,2,0,95.2
Tulsi,clay,large,mature,64.0,25.1,49.0,456.6,4.2,45.7,3,0,100.0
Tulsi,sandy,medium,seedling,56.2,34.9,45.6,500.4,4.4,2.2,4,0,86.6
Fern,sandy,medium,seedling,75.3,32.9,65.42635944308144,262.1,3.3,20.7,3,0,90.2
Aloe Vera,sandy,small,young,4.6,17.4,57.6,1073.4,9.3,43.4,1,1,92.1
Spider Plant,clay,small,seedling,50.1,28.7,78.3,410.1,4.5,2.7,2,0,95.7
Snake Plant,sandy,large,seedling,15.7,34.3,71.9,387.2,5.2,33.2,2,1,88.7
Monstera,loamy,large,mature,57.9,31.9,86.97351734912876,422.7,4.9,0.1,4,0,100.0
Aloe Vera,loamy,large,young,31.1,32.9,86.4,305.1,6.8,48.9,1,0,81.1
Jade Plant,clay,medium,seedling,9.0,26.0,43.2,1032.3,7.7,6.0,1,1,96.6
Tulsi,clay,medium,seedling,70.6,21.7,63.7,462.8,4.1,42.1,3,0,100.0
Money Plant,loamy,small,seedling,46.2,36.4,28.9,303.9,6.0,66.4,4,0,76.0
Jade Plant,sandy,medium,mature,17.2,20.4,91.5,783.2,8.2,62.1,1,0,86.0
Spider Plant,loamy,small,young,46.8,30.1,83.5,563.8,4.9,35.0,2,0,96.9
Peace Lily,sandy,large,young,66.3,27.5,84.1,150.0,2.2,65.3,5,0,100.0
Jade Plant,clay,large,seedling,26.9,29.1,78.2,689.3,7.2,35.3,1,0,75.9
Fern,sandy,small,young,54.9,34.7,77.78611697709411,359.1,5.7,12.1,3,1,97.2
Money Plant,sandy,large,seedling,71.9,27.6,51.9,341.0,6.3,33.6,4,0,96.7
Peace Lily,clay,small,seedling,60.3,28.7,77.17265366373896,127.6,3.3,32.2,4,0,100.0
Aloe Vera,clay,medium,seedling,32.4,37.1,89.8,980.5,8.6,21.1,1,1,63.1
Spider Plant,loamy,small,young,28.8,26.8,39.1,544.1,6.4,31.0,2,0,100.0
Money Plant,sandy,medium,young,62.3,17.0,92.3,378.1,5.2,28.5,4,0,94.3
Money Plant,sandy,small,young,36.7,24.3,46.2,333.0,5.4,18.2,2,1,96.4
Money Plant,clay,medium,seedling,37.9,22.6,80.5,370.2,4.3,18.8,3,1,100.0
Jade Plant,loamy,medium,mature,7.6,28.4,35.5,515.6,6.4,39.4,1,1,95.4
Areca Palm,loamy,medium,mature,47.3,26.7,79.4,503.5,5.8,12.5,4,0,100.0
Tulsi,sandy,medium,young,65.9,37.9,94.9,368.2,6.8,38.3,2,0,87.4
Areca Palm,loamy,medium,seedling,38.2,24.4,54.5,495.6,4.4,3.8,3,1,100.0
Money Plant,clay,small,seedling,66.0,22.5,27.4,303.9,6.3,47.2,4,0,100.0
Spider Plant,sandy,small,mature,36.2,37.1,42.9,369.4,6.3,69.1,2,1,74.6
Money Plant,loamy,small,young,46.4,37.7,58.8,412.5,6.4,9.8,3,0,94.7
Money Plant,loamy,medium,young,55.6,25.5,36.7,582.7,6.2,39.1,4,0,97.2
Peace Lily,loamy,small,seedling,53.6,16.7,62.14622669258045,217.4,2.3,26.0,4,1,78.3
Snake Plant,clay,small,young,49.1,21.8,73.4,544.3,4.9,23.0,2,0,100.0
Areca Palm,sandy,large,seedling,39.2,31.8,78.6,577.1,5.2,13.1,3,1,91.1
Tulsi,clay,small,young,55.3,21.4,91.3,480.6,5.1,6.0,4,0,97.3
Aloe Vera,clay,large,seedling,14.0,16.3,42.0,1061.2,7.4,13.6,1,0,81.4
Monstera,loamy,small,seedling,64.9,17.1,62.97113107620591,533.7,4.9,55.9,3,0,82.6
Snake Plant,sandy,medium,mature,38.8,25.2,93.5,554.3,5.2,31.9,2,0,96.5
Fern,sandy,medium,seedling,62.2,29.2,78.27051894817694,251.0,4.0,60.9,4,0,86.9
Areca Palm,sandy,small,seedling,50.4,17.1,47.9,461.6,5.0,57.5,2,0,77.8
Tulsi,sandy,large,seedling,53.5,37.4,31.6,457.5,4.5,56.4,4,0,80.9
Monstera,clay,medium,young,81.2,16.0,91.96429531046672,118.7,2.8,23.1,4,0,92.0
Monstera,sandy,small,mature,70.4,21.4,74.6,454.3,6.0,46.9,3,0,96.1
Money Plant,clay,large,seedling,62.6,34.3,65.9,519.3,6.1,3.8,4,0,90.4
Snake Plant,clay,large,young,52.9,18.7,90.3,411.7,6.9,53.1,2,0,95.4
Aloe Vera,loamy,medium,seedling,10.5,22.3,94.3,427.3,6.8,64.0,1,0,85.9
Snake Plant,clay,medium,mature,31.3,15.1,68.1,395.7,5.4,14.1,2,0,89.9
Money Plant,sandy,large,young,38.4,37.3,75.3,356.7,4.0,2.6,2,1,89.2
Snake Plant,sandy,large,mature,44.8,36.8,36.5,832.4,7.8,39.1,1,1,86.1
Areca Palm,loamy,medium,young,40.1,24.4,45.1,450.5,5.6,2.7,3,0,100.0
Money Plant,loamy,large,young,40.9,25.6,49.4,550.6,6.3,49.8,2,0,98.1
Money Plant,sandy,small,seedling,31.8,18.8,25.4,511.6,6.3,58.1,2,1,76.1
Monstera,sandy,large,young,78.7,30.8,88.7,116.8,2.7,71.2,3,0,95.8
Money Plant,loamy,large,seedling,47.0,31.1,63.0,540.5,5.2,43.3,2,0,92.0
Aloe Vera,clay,medium,seedling,5.0,31.3,85.7,780.8,8.9,25.2,1,1,78.9
Fern,clay,small,young,47.3,27.3,70.74257112423555,103.3,4.0,34.6,5,1,100.0
Peace Lily,sandy,small,young,67.7,29.0,79.10827789667098,278.1,3.8,41.0,5,0,98.8
Money Plant,clay,medium,mature,47.9,21.6,73.5,524.5,5.4,5.3,4,0,96.3
Jade Plant,clay,small,young,11.8,20.6,85.4,1196.4,8.5,59.4,1,0,89.7
Areca Palm,loamy,large,young,46.6,20.1,44.4,566.8,6.3,24.8,3,0,100.0
Snake Plant,loamy,large,young,24.3,20.6,34.5,791.2,8.9,69.1,1,0,100.0
Peace Lily,sandy,small,seedling,60.4,35.8,84.90814792739175,184.1,3.5,56.3,5,0,80.3
Tulsi,sandy,medium,young,62.0,30.3,25.5,521.3,5.7,10.5,4,0,100.0
Snake Plant,loamy,medium,young,22.7,24.2,93.4,479.7,5.9,11.3,1,0,100.0
Spider Plant,sandy,large,mature,43.0,25.1,75.0,469.1,5.1,62.2,1,0,100.0
Money Plant,sandy,large,seedling,34.5,27.5,75.1,369.7,5.8,30.2,4,1,100.0
Money Plant,sandy,large,mature,33.7,36.5,93.3,437.0,5.6,65.0,2,1,75.6
Peace Lily,loamy,medium,seedling,67.6,19.2,64.41430194824825,199.7,2.2,60.1,4,0,100.0
Money Plant,sandy,medium,young,51.9,35.6,58.3,507.2,4.3,45.4,2,0,95.0
Money Plant,loamy,large,young,40.5,18.4,55.9,552.7,5.1,35.4,4,0,99.6
Areca Palm,clay,large,young,48.4,32.2,25.0,325.9,5.6,43.3,2,0,96.3
Tulsi,clay,small,young,40.2,22.8,55.4,480.4,5.9,31.4,4,0,96.5
Tulsi,clay,small,mature,53.3,31.1,94.9,451.9,6.5,3.1,4,0,96.7
Fern,clay,large,mature,67.6,28.7,91.07818790077201,508.1,4.8,8.8,4,0,100.0
Monstera,sandy,large,young,47.5,25.9,73.31368622330524,542.0,5.4,71.5,5,1,81.4
Areca Palm,clay,medium,young,45.4,34.7,88.4,451.7,5.8,4.7,3,0,97.0
Money Plant,loamy,large,young,57.0,20.3,32.2,494.0,4.3,26.1,2,0,100.0
Money Plant,clay,large,mature,65.7,31.6,51.6,543.8,5.6,48.1,3,0,100.0
Spider Plant,clay,small,mature,27.9,17.4,44.9,497.7,6.6,44.9,1,0,92.5
Spider Plant,clay,large,young,31.6,17.3,86.9,675.1,8.3,61.6,2,0,91.7
Jade Plant,clay,large,young,27.3,26.9,32.6,1068.4,8.6,65.8,1,0,97.3
Areca Palm,clay,large,mature,35.8,28.4,82.4,559.0,4.9,38.8,2,1,98.6
Money Plant,sandy,large,young,53.9,15.8,25.6,455.8,6.1,17.2,4,0,88.8
Monstera,loamy,medium,seedling,66.7,22.4,81.07725377776829,387.6,5.2,2.2,4,0,100.0
Fern,clay,large,mature,46.4,20.7,74.7,308.6,4.1,62.2,4,1,81.9
Money Plant,sandy,medium,seedling,48.4,17.6,35.5,313.0,5.3,28.0,2,0,76.7
Snake Plant,clay,large,young,51.9,35.6,44.1,532.2,6.5,24.7,2,0,90.0
Monstera,sandy,small,young,43.8,15.8,93.49997715110567,230.8,2.3,30.1,3,1,85.0
Spider Plant,sandy,small,seedling,42.7,17.8,67.2,1050.0,8.4,43.7,2,0,80.8
Monstera,sandy,small,seedling,78.6,36.9,84.64130718129809,161.7,3.4,2.6,3,0,81.3
Money Plant,loamy,medium,mature,60.5,30.6,81.3,304.6,4.4,4.5,4,0,97.3
Peace Lily,sandy,small,young,77.1,33.9,88.1,173.1,2.9,66.9,3,0,100.0
Fern,sandy,large,young,59.3,15.9,79.9,184.4,2.3,63.7,4,0,86.5
Monstera,loamy,medium,mature,70.9,28.0,81.92207972766111,444.0,5.6,5.7,5,0,100.0
Jade Plant,loamy,small,young,22.4,37.2,31.9,1191.8,7.5,48.4,1,1,76.4
Fern,sandy,medium,mature,71.3,17.7,82.22130123778867,191.1,3.3,0.9,3,0,91.7
Snake Plant,clay,small,mature,51.8,20.2,48.4,916.3,7.2,30.3,1,0,95.8
Snake Plant,loamy,large,seedling,14.5,29.0,48.1,428.1,4.1,47.6,2,1,100.0
Peace Lily,loamy,medium,seedling,75.0,23.0,68.29503231303924,160.1,2.1,2.1,4,0,100.0
Peace Lily,loamy,large,mature,54.5,35.7,70.6,519.3,6.0,41.9,4,1,90.6
Tulsi,loamy,large,mature,45.5,18.2,33.1,473.7,6.6,71.0,3,0,100.0
Spider Plant,sandy,small,mature,33.4,20.4,73.8,546.6,4.7,8.2,2,0,100.0
Fern,sandy,small,mature,52.2,37.0,94.44776097499472,353.5,6.0,28.0,5,1,91.0
Spider Plant,clay,large,seedling,39.2,23.5,43.1,401.7,4.1,23.0,2,0,98.6
Fern,loamy,small,seedling,43.8,20.5,75.9,593.6,5.1,40.8,3,1,100.0
Areca Palm,clay,small,mature,39.6,18.3,59.8,474.2,5.3,37.4,2,1,99.5
Fern,sandy,medium,mature,74.1,27.8,84.25148344104213,187.4,2.4,58.5,3,0,100.0
Jade Plant,sandy,small,mature,10.1,26.5,77.0,891.3,7.4,16.1,1,0,87.9
Spider Plant,sandy,large,young,47.1,32.2,60.2,491.9,4.5,60.7,1,0,99.9
Fern,loamy,medium,seedling,81.4,35.6,86.9,191.7,2.2,22.5,5,0,76.2
Tulsi,clay,medium,seedling,64.5,37.3,76.8,307.3,6.0,14.3,2,0,84.0
Aloe Vera,clay,large,seedling,33.5,34.7,58.2,703.7,7.9,28.3,1,1,86.3
Jade Plant,clay,large,young,33.4,35.2,73.8,854.5,9.6,54.6,1,1,55.4
Money Plant,sandy,large,mature,47.6,22.0,70.1,355.1,6.2,36.3,3,0,98.0
Spider Plant,loamy,small,young,48.1,35.1,76.5,466.7,4.2,8.4,2,0,90.1
Areca Palm,sandy,small,young,39.3,30.5,73.0,414.0,5.3,61.1,2,1,89.9
Monstera,clay,large,young,47.0,28.5,67.7,105.8,2.5,61.2,3,1,82.8
Fern,sandy,medium,seedling,54.1,35.1,83.75458171753161,142.3,3.5,57.3,5,1,61.3
Areca Palm,loamy,medium,mature,46.0,20.7,93.4,399.2,6.9,11.7,2,0,95.6
Jade Plant,sandy,medium,seedling,29.5,27.9,39.8,808.7,8.8,14.1,1,0,100.0
Aloe Vera,clay,small,mature,14.7,19.1,86.6,703.5,9.1,50.2,1,0,86.9
Tulsi,clay,small,young,42.9,23.5,50.7,495.3,6.8,63.7,4,0,96.8
Fern,clay,small,seedling,61.7,18.3,85.4,470.4,4.4,12.3,5,0,86.5
Aloe Vera,loamy,large,mature,12.5,31.4,83.2,986.6,9.9,23.6,1,0,89.3
Tulsi,sandy,medium,young,73.6,30.0,71.2,425.7,6.4,0.5,3,0,99.5
Spider Plant,clay,medium,mature,49.5,30.4,78.3,330.9,6.5,67.6,1,0,98.7
Jade Plant,loamy,small,mature,9.7,20.4,42.3,900.2,8.5,8.4,1,1,100.0
Spider Plant,loamy,large,seedling,54.5,23.0,33.9,826.3,7.3,10.1,1,0,100.0
Monstera,loamy,large,young,55.3,24.1,74.4,190.3,2.1,47.3,5,0,100.0
Aloe Vera,clay,small,young,12.6,21.4,34.9,460.7,6.0,53.4,1,0,100.0
Snake Plant,clay,medium,mature,46.7,36.1,56.5,1137.9,8.3,49.4,2,0,89.2
Peace Lily,sandy,medium,seedling,82.0,22.8,79.65575487027124,511.8,4.6,30.3,5,0,96.7
Areca Palm,loamy,large,mature,64.8,32.2,88.2,436.8,6.4,30.5,2,0,100.0
Fern,clay,large,seedling,51.4,36.4,78.18908102268102,418.4,4.4,6.5,3,1,75.5
Jade Plant,clay,medium,seedling,18.4,37.8,36.4,854.8,9.8,70.9,1,1,68.3
Peace Lily,sandy,medium,mature,75.8,30.2,88.9535346197833,269.4,3.4,33.5,5,0,100.0
Areca Palm,sandy,small,young,39.3,27.0,64.0,537.3,5.7,24.8,2,1,100.0
Snake Plant,sandy,large,mature,27.9,20.6,42.7,544.0,4.2,67.8,1,0,97.6
Money Plant,loamy,small,seedling,40.0,31.8,79.0,429.2,6.1,3.0,3,1,92.5
Snake Plant,clay,medium,young,52.9,20.4,69.2,572.0,4.1,36.7,1,0,100.0
Peace Lily,clay,large,mature,68.7,29.9,89.17058843498572,564.2,4.1,18.0,3,0,96.0
Monstera,clay,medium,young,66.7,28.4,63.0471684336024,121.2,3.3,8.2,4,0,98.2
Jade Plant,clay,large,seedling,3.6,25.5,39.2,576.4,6.8,66.9,1,1,88.8
Aloe Vera,loamy,medium,young,4.0,15.2,64.5,423.2,6.0,63.6,1,1,71.0
Areca Palm,sandy,medium,mature,58.8,22.9,88.9,443.2,6.6,11.3,2,0,96.1
Spider Plant,clay,small,seedling,27.1,33.6,93.0,376.6,5.0,19.4,2,1,91.1
Areca Palm,sandy,large,mature,57.4,30.5,60.1,396.2,5.5,25.0,2,0,100.0
Snake Plant,clay,large,mature,22.5,28.8,82.9,610.5,7.3,22.0,2,0,100.0
Money Plant,sandy,medium,seedling,67.4,32.3,41.7,596.3,5.2,34.3,4,0,85.7
Money Plant,clay,small,young,54.1,19.0,72.8,358.9,4.9,23.4,3,0,99.7
Fern,loamy,small,seedling,70.3,22.3,70.38690811895317,242.9,3.5,15.5,4,0,100.0
Fern,sandy,large,young,61.2,31.5,94.64134352611019,421.1,4.8,28.8,3,0,98.2
Snake Plant,clay,medium,young,23.0,23.1,85.0,378.9,4.6,36.7,1,0,100.0
Jade Plant,sandy,medium,seedling,21.2,26.2,34.0,661.7,8.0,56.5,1,0,98.8
Monstera,clay,large,mature,52.3,18.5,66.45710055396185,187.2,3.0,58.0,5,1,82.0
Monstera,sandy,medium,seedling,43.6,27.0,80.54206934069508,177.5,2.2,28.4,5,1,95.1
Fern,loamy,medium,young,62.0,37.5,79.58451090399129,364.7,5.8,66.7,3,0,85.3
Jade Plant,sandy,medium,seedling,20.0,20.3,47.5,706.9,8.4,22.8,1,0,95.2
Tulsi,loamy,medium,mature,40.4,26.4,29.7,322.6,6.7,25.9,3,0,99.9
Snake Plant,clay,medium,seedling,31.9,33.3,40.9,625.7,7.3,28.3,2,1,93.1
Fern,clay,small,mature,49.9,31.6,78.03143626393808,141.5,2.8,42.0,5,1,100.0
Areca Palm,sandy,medium,mature,35.4,36.8,39.5,410.4,4.1,22.2,2,1,85.8
Fern,loamy,medium,mature,75.6,28.3,73.1,436.0,5.3,65.2,5,0,100.0
Aloe Vera,loamy,large,seedling,19.6,37.9,31.8,746.4,9.3,44.5,1,1,82.5
Tulsi,sandy,medium,mature,69.8,26.3,81.9,362.7,5.6,29.6,2,0,96.0
Spider Plant,loamy,small,seedling,31.3,26.6,66.3,1115.5,8.9,42.7,1,0,100.0
Money Plant,clay,large,seedling,43.7,24.3,29.4,506.0,5.7,53.0,2,0,98.7
Money Plant,sandy,medium,mature,64.5,32.2,67.3,424.7,4.3,11.5,3,0,99.3
Aloe Vera,loamy,small,seedling,34.0,30.4,53.5,627.8,8.5,14.7,1,0,91.4
Areca Palm,loamy,small,mature,62.8,32.1,89.9,472.7,5.2,41.6,3,0,97.0
Monstera,sandy,small,mature,78.8,33.3,82.98571687540696,260.6,3.4,35.0,3,0,100.0
Peace Lily,sandy,large,mature,44.4,19.0,73.6,506.3,4.6,15.9,5,1,96.0
Tulsi,clay,large,mature,72.5,15.6,56.3,329.7,4.5,39.4,4,0,87.1
Aloe Vera,clay,medium,young,30.9,18.4,58.2,493.6,6.3,1.3,1,0,97.7
Areca Palm,sandy,large,young,40.3,32.1,34.8,471.1,4.1,26.5,2,0,100.0
Jade Plant,sandy,large,seedling,15.5,23.3,88.6,924.0,7.1,57.3,1,0,85.0
Tulsi,sandy,small,young,43.1,27.3,54.4,460.3,4.7,19.1,3,0,100.0
Tulsi,sandy,medium,mature,71.2,27.0,91.9,596.6,6.6,41.2,2,0,95.4
Spider Plant,loamy,medium,young,30.8,35.4,50.4,597.4,6.2,54.5,2,1,72.4
Monstera,sandy,large,young,58.6,24.0,82.9993315237332,489.8,4.6,65.4,5,0,100.0
Money Plant,sandy,small,young,64.0,15.4,51.8,550.6,6.1,23.1,2,0,86.3
Spider Plant,clay,small,mature,15.4,33.4,27.4,900.7,8.4,29.4,2,1,100.0
Aloe Vera,loamy,large,mature,32.7,24.5,41.3,703.9,9.3,45.0,1,0,96.2
Monstera,loamy,large,young,53.0,30.9,88.0,216.3,3.0,35.8,4,1,96.7
Spider Plant,sandy,small,young,46.8,17.7,40.7,637.0,7.2,8.6,2,0,90.0
Areca Palm,loamy,large,seedling,55.1,36.5,69.9,564.2,4.2,47.1,4,0,84.8
Aloe Vera,clay,large,seedling,14.8,16.3,84.7,1006.2,7.9,19.0,1,0,69.7
Monstera,sandy,small,mature,77.0,30.0,91.56290747483382,192.5,2.7,54.9,5,0,100.0
Snake Plant,sandy,medium,young,26.6,35.3,53.0,1047.8,8.1,8.1,2,1,93.3
Spider Plant,clay,large,mature,16.7,35.4,84.1,576.5,5.6,67.8,2,1,78.8
Fern,loamy,medium,mature,77.6,37.3,63.77072213140981,578.8,4.1,40.2,4,0,93.7
Spider Plant,sandy,small,young,26.4,36.0,41.5,703.0,8.8,2.4,1,1,87.2
Tulsi,sandy,medium,seedling,39.6,29.5,65.1,483.4,6.6,13.6,4,1,85.0
Jade Plant,loamy,large,young,9.5,36.3,90.2,358.7,6.6,70.0,1,1,61.6
Money Plant,sandy,small,seedling,36.1,18.9,73.7,312.2,4.8,60.4,2,1,71.3
Snake Plant,clay,medium,mature,29.7,27.1,28.1,507.2,5.3,43.9,1,0,100.0
Tulsi,loamy,small,mature,62.1,19.0,53.1,536.8,4.1,19.3,4,0,98.2
Fern,sandy,small,mature,74.6,36.0,90.54461050693286,437.2,4.5,11.9,5,0,91.8
Areca Palm,sandy,large,young,61.8,19.9,61.8,367.7,4.9,19.2,3,0,95.8
Tulsi,clay,large,young,71.9,32.3,27.5,387.8,5.0,10.3,4,0,95.1
Peace Lily,loamy,small,seedling,54.3,18.4,91.12667149140164,189.8,2.7,3.6,5,1,91.3
Peace Lily,clay,medium,young,73.7,20.5,72.0,340.7,5.4,31.4,4,0,100.0
Snake Plant,clay,small,young,39.7,19.2,27.2,438.4,7.0,49.3,1,0,96.9
Monstera,loamy,medium,young,58.6,18.3,69.80832569372417,317.8,4.6,12.0,3,0,100.0
Aloe Vera,loamy,large,mature,18.2,29.1,25.9,668.2,7.5,8.7,1,0,100.0
Areca Palm,loamy,medium,seedling,55.8,30.2,71.5,307.3,6.2,70.8,3,0,86.7
Tulsi,sandy,large,seedling,63.3,35.2,85.9,538.6,7.0,42.1,4,0,76.0
Areca Palm,loamy,small,young,53.3,26.2,74.8,504.0,4.1,16.7,4,0,100.0
Money Plant,sandy,small,mature,65.0,15.9,66.1,314.7,4.2,40.8,2,0,86.7
Fern,sandy,small,seedling,76.9,19.5,92.1,122.9,2.4,20.9,5,0,99.7
Jade Plant,sandy,medium,young,3.4,21.6,28.9,836.4,9.2,53.0,1,1,88.7
Jade Plant,clay,large,young,19.3,23.5,40.5,1170.7,8.3,6.4,1,0,100.0
Tulsi,sandy,large,mature,61.2,34.8,50.2,368.0,6.1,4.5,2,0,98.7
Fern,clay,medium,young,52.7,20.9,89.54399962178604,577.0,6.0,28.2,4,1,95.6
Areca Palm,sandy,large,young,69.6,26.7,35.8,332.0,4.1,21.0,4,0,100.0
Snake Plant,sandy,small,young,39.4,29.7,67.2,313.5,6.3,51.8,2,0,95.1
Monstera,sandy,large,seedling,69.9,36.3,72.98457264403521,361.5,5.4,55.8,3,0,80.0
Snake Plant,clay,small,mature,19.5,32.4,93.2,750.2,8.7,12.7,1,1,100.0
Fern,sandy,medium,seedling,77.3,30.1,85.73674243490466,397.7,4.3,33.4,5,0,94.1
Jade Plant,loamy,small,mature,28.1,23.0,87.7,514.8,6.6,27.9,1,0,83.0
Snake Plant,loamy,small,young,29.5,17.9,63.9,685.5,8.3,16.8,1,0,87.9
Snake Plant,loamy,small,young,21.4,38.0,71.9,345.6,6.8,26.0,2,1,88.1
Money Plant,clay,large,young,44.4,21.2,69.2,354.6,4.3,1.5,2,0,100.0
Spider Plant,loamy,small,young,44.4,27.7,54.5,441.6,5.5,69.5,2,0,100.0
Areca Palm,loamy,large,mature,61.5,37.3,64.4,449.5,5.6,21.0,2,0,87.3
Jade Plant,loamy,large,mature,28.1,28.9,92.5,1064.2,9.3,23.1,1,0,88.0
Fern,sandy,medium,mature,54.5,30.1,94.96009581041588,211.4,3.3,62.9,4,1,87.0
Peace Lily,sandy,large,mature,82.8,22.7,62.58358357417124,126.0,3.4,21.8,3,0,100.0
Areca Palm,clay,small,young,71.2,21.2,78.9,578.9,6.5,45.4,4,0,96.3
Jade Plant,clay,large,seedling,9.9,17.4,50.4,781.0,8.6,23.3,1,1,80.1
Spider Plant,loamy,medium,seedling,51.5,33.8,64.9,1138.6,8.9,7.4,2,0,89.2
Fern,sandy,small,young,50.6,21.9,82.37661722625344,579.4,4.2,8.5,4,1,100.0
Peace Lily,sandy,large,young,77.7,22.5,92.16794644015084,358.4,5.5,28.9,5,0,96.2
Monstera,clay,small,seedling,63.3,37.5,68.67327266884112,141.1,3.8,8.0,3,0,84.1
Jade Plant,clay,large,seedling,17.3,35.9,91.1,359.3,6.2,59.0,1,1,54.8
Money Plant,clay,small,seedling,59.1,27.8,77.4,405.4,4.2,19.6,4,0,100.0
Peace Lily,clay,large,seedling,58.4,24.1,82.73763447772232,470.5,4.9,7.7,4,0,96.8
Monstera,sandy,medium,mature,42.8,22.2,88.15973283594049,139.4,2.4,45.1,4,1,100.0
Spider Plant,clay,medium,seedling,23.2,32.6,51.7,603.8,8.2,22.2,1,0,88.5
Tulsi,sandy,large,seedling,66.0,19.7,25.2,586.5,5.5,36.9,3,0,100.0
Aloe Vera,sandy,small,young,14.4,28.6,38.9,925.1,8.0,65.6,1,0,97.7
Snake Plant,loamy,small,seedling,31.6,35.1,80.4,561.2,5.9,45.0,1,1,80.0
Jade Plant,clay,small,young,3.7,31.9,38.8,1134.8,9.0,47.7,1,1,95.2
Jade Plant,sandy,medium,young,22.2,18.1,67.6,1065.0,8.0,50.3,1,0,96.0
Tulsi,sandy,small,young,69.2,28.6,86.2,378.3,4.6,20.2,2,0,96.5
Aloe Vera,clay,small,mature,10.5,18.3,54.1,1018.4,9.6,43.0,1,0,99.5
Tulsi,sandy,large,seedling,74.7,16.2,87.7,565.4,6.5,0.1,3,0,77.0
Aloe Vera,clay,large,mature,17.1,29.7,62.8,465.1,6.4,15.5,1,0,98.9
Spider Plant,clay,medium,mature,15.4,28.3,26.4,502.2,5.2,23.0,1,1,98.3
Areca Palm,clay,small,seedling,42.1,21.1,64.0,381.0,6.5,59.1,3,0,100.0
Areca Palm,sandy,medium,seedling,30.2,26.2,75.9,357.9,6.2,70.8,2,1,82.9
Snake Plant,clay,large,seedling,40.5,32.4,94.8,458.4,4.4,10.6,1,0,94.2
Spider Plant,loamy,small,mature,22.8,24.1,37.1,1046.6,7.2,30.1,1,0,98.7
Aloe Vera,clay,medium,seedling,23.0,25.9,94.5,814.5,7.4,0.8,1,0,85.1
Fern,sandy,small,seedling,57.5,20.0,67.53667274125235,384.6,5.7,42.8,4,0,100.0
Tulsi,sandy,large,young,52.0,32.8,70.2,450.3,5.4,51.2,2,0,100.0
Money Plant,sandy,large,seedling,54.0,18.4,86.7,482.4,6.8,60.8,2,0,89.2
Jade Plant,clay,medium,seedling,4.9,15.6,37.1,426.6,6.8,24.3,1,1,79.9
Snake Plant,sandy,large,young,50.9,23.1,39.5,495.1,6.5,55.7,2,0,100.0
Snake Plant,sandy,medium,seedling,33.2,33.8,46.6,535.4,5.3,58.3,2,1,71.3
Monstera,sandy,medium,young,64.9,32.0,82.3,467.0,5.1,21.2,4,0,99.6
Spider Plant,loamy,small,seedling,45.2,28.0,35.9,1161.0,7.8,70.5,2,0,99.8
Tulsi,sandy,medium,young,61.7,33.7,90.4,409.1,6.1,4.1,4,0,97.3
Monstera,clay,small,seedling,54.8,29.8,73.75929648911979,538.4,5.8,60.7,3,1,73.6
Money Plant,clay,small,seedling,36.9,29.4,90.3,584.4,4.7,15.7,2,1,95.0
Money Plant,loamy,small,mature,35.7,19.6,39.7,552.7,6.1,48.1,3,1,85.2
Peace Lily,loamy,small,young,79.3,30.9,93.64060346193706,369.4,4.9,4.8,4,0,100.0
Money Plant,sandy,large,seedling,51.5,26.5,25.0,328.4,4.5,42.6,4,0,100.0
Peace Lily,sandy,medium,mature,69.0,36.0,91.45154486920528,309.6,4.1,49.2,4,0,85.9
Areca Palm,clay,medium,young,59.1,32.8,26.3,418.7,6.8,47.4,3,0,100.0
Monstera,clay,medium,mature,74.5,37.6,65.1,357.0,5.9,56.9,3,0,90.3
Jade Plant,clay,large,mature,31.3,25.6,30.0,750.0,9.6,13.5,1,0,96.2
Areca Palm,sandy,large,young,45.9,28.4,45.6,543.9,4.3,68.4,3,0,99.7
Areca Palm,loamy,large,seedling,49.9,35.2,65.7,367.8,5.6,17.8,3,0,78.7
Tulsi,loamy,large,young,59.4,32.0,82.4,404.9,6.0,20.9,4,0,97.3
Monstera,sandy,small,young,74.2,31.6,92.2191438425136,404.7,5.0,40.2,5,0,100.0
Jade Plant,loamy,medium,seedling,27.7,19.6,71.3,627.0,8.9,41.7,1,0,88.3
Spider Plant,loamy,medium,mature,27.1,29.7,39.9,367.5,4.1,61.8,1,0,98.4
Jade Plant,clay,medium,seedling,14.9,28.0,83.6,704.0,7.3,42.4,1,0,87.6
Spider Plant,loamy,small,seedling,14.2,36.0,26.9,419.4,4.7,67.5,2,1,64.8
Snake Plant,sandy,medium,seedling,14.1,37.7,46.6,340.9,6.7,52.4,2,1,68.2
Areca Palm,sandy,medium,mature,55.8,35.4,64.8,484.1,5.7,61.8,3,0,91.3
Snake Plant,loamy,large,mature,19.1,33.8,65.4,574.5,4.9,71.8,2,1,88.0
Jade Plant,sandy,large,mature,17.0,23.8,42.6,845.9,7.7,52.8,1,0,95.3
Tulsi,loamy,small,mature,68.6,22.9,74.3,477.1,4.7,68.6,2,0,98.5
Peace Lily,sandy,medium,seedling,67.7,25.9,78.26531981829936,219.0,3.6,17.5,5,0,99.2
Fern,loamy,small,mature,76.8,23.2,73.16782258041638,580.9,5.7,35.4,4,0,99.7
Snake Plant,clay,medium,young,23.6,35.1,68.8,673.8,8.7,2.6,2,1,86.8
Money Plant,sandy,large,seedling,44.2,22.0,83.0,568.7,6.3,18.6,2,0,95.6
Peace Lily,clay,large,young,56.9,18.8,75.93014985952651,127.6,2.3,30.2,3,0,100.0
Areca Palm,clay,small,mature,51.9,16.2,94.3,361.9,4.7,37.5,4,0,94.5
Fern,sandy,medium,mature,72.3,33.4,90.0,444.9,6.0,49.5,3,0,100.0
Jade Plant,loamy,small,mature,10.1,37.3,56.0,802.9,9.9,13.1,1,1,92.4
Snake Plant,clay,small,seedling,21.7,25.0,79.3,511.4,4.5,1.7,2,0,97.1
Jade Plant,clay,medium,seedling,13.6,21.2,29.7,1017.0,9.1,4.5,1,0,97.1
Fern,loamy,small,seedling,59.7,26.6,93.3,164.3,3.5,49.7,5,0,100.0
Snake Plant,sandy,small,mature,27.8,15.3,64.1,927.4,7.6,39.6,1,0,93.8
Jade Plant,sandy,large,seedling,31.0,18.6,32.8,371.3,6.4,48.8,1,0,94.7
Snake Plant,sandy,medium,mature,46.5,21.5,88.5,402.1,5.0,68.4,1,0,100.0
Money Plant,sandy,medium,seedling,59.4,22.6,39.3,434.0,6.2,6.0,2,0,99.2
Fern,clay,large,seedling,61.6,16.4,61.86659176944591,520.0,4.7,10.5,4,0,82.2
Areca Palm,loamy,medium,young,64.6,20.7,67.0,425.0,5.9,11.9,3,0,100.0
Money Plant,loamy,medium,mature,33.8,18.3,82.5,488.7,5.3,40.0,2,1,100.0
Aloe Vera,sandy,small,seedling,10.3,22.9,26.9,623.4,7.5,12.9,1,0,100.0
Peace Lily,clay,small,seedling,69.7,27.8,94.1,230.0,3.7,68.2,3,0,100.0
Aloe Vera,sandy,medium,seedling,30.3,24.9,83.4,508.7,6.6,4.2,1,0,86.7
Money Plant,loamy,medium,young,49.2,34.2,65.4,332.7,4.7,0.7,2,0,100.0
Money Plant,loamy,small,young,36.2,19.6,45.2,306.1,6.3,55.6,2,1,87.7
Peace Lily,loamy,medium,young,45.1,37.2,71.13824921551057,533.8,4.8,65.1,5,1,71.1
Tulsi,clay,small,young,60.9,27.9,80.9,457.6,4.6,11.0,3,0,100.0
Money Plant,loamy,medium,young,61.2,23.8,90.6,371.1,5.2,5.9,2,0,100.0
Aloe Vera,loamy,medium,seedling,21.5,18.3,62.3,1085.9,9.8,67.9,1,0,93.9
Tulsi,clay,medium,mature,65.5,36.7,90.8,312.1,5.6,50.1,2,0,87.1
Areca Palm,sandy,large,mature,36.9,33.9,66.8,371.8,4.9,67.1,3,1,87.4
Tulsi,loamy,small,mature,48.3,17.2,55.7,488.4,4.7,44.7,3,0,94.3
Fern,sandy,small,young,66.8,27.0,61.19529836293939,110.8,2.7,61.7,4,0,100.0
Tulsi,sandy,small,seedling,63.3,23.2,93.8,370.9,6.3,33.2,3,0,98.1
Monstera,loamy,large,mature,61.2,35.4,78.3,167.2,2.5,3.3,5,0,86.1
Peace Lily,loamy,large,young,47.8,31.2,84.38284180578489,265.1,2.7,21.9,4,1,95.8
Areca Palm,sandy,large,mature,34.8,23.6,85.4,301.4,5.2,44.7,3,1,100.0
Tulsi,clay,small,seedling,44.8,15.6,45.9,423.8,6.2,50.4,3,0,83.1
Monstera,loamy,medium,seedling,45.1,21.8,92.61335765953453,220.6,2.4,61.6,4,1,87.7
Peace Lily,clay,medium,young,52.1,31.2,86.3608499463032,337.7,4.4,58.2,4,1,83.7
Peace Lily,clay,small,young,63.0,16.6,71.35379225530733,266.4,2.0,40.6,3,0,86.7
Aloe Vera,clay,medium,young,15.2,18.9,56.5,932.2,9.8,25.4,1,0,100.0
Jade Plant,loamy,medium,young,19.4,19.3,39.5,1142.9,7.5,24.2,1,0,95.1
Tulsi,sandy,large,seedling,69.3,29.0,70.6,505.2,6.8,55.8,4,0,100.0
Fern,clay,medium,seedling,64.2,28.2,60.866857986252,125.6,2.2,41.0,5,0,98.1
Aloe Vera,clay,small,seedling,24.5,36.0,82.9,610.3,9.1,56.4,1,1,47.0
Snake Plant,sandy,small,seedling,36.1,23.9,41.9,477.6,6.6,30.7,2,0,100.0
Areca Palm,sandy,medium,mature,61.4,26.8,85.8,543.7,7.0,13.2,4,0,100.0
Snake Plant,loamy,small,young,38.8,19.4,88.9,395.0,4.2,41.1,2,0,97.7
Aloe Vera,clay,large,young,25.4,31.1,42.8,1086.6,9.6,54.2,1,0,97.6
Tulsi,loamy,small,mature,34.7,16.7,53.7,585.4,5.9,15.0,4,1,93.6
Aloe Vera,sandy,medium,mature,22.6,17.1,48.7,661.5,8.2,18.5,1,0,91.8
Monstera,clay,medium,young,76.0,32.5,93.5,345.5,4.2,37.2,3,0,95.4
Snake Plant,clay,large,young,54.0,32.0,68.1,1149.1,7.5,24.4,1,0,99.9
Aloe Vera,clay,large,seedling,12.0,22.6,92.6,662.7,7.7,43.4,1,0,81.6
Areca Palm,clay,small,seedling,66.9,24.5,72.2,356.9,4.3,47.1,2,0,100.0
Money Plant,clay,small,mature,61.9,24.6,74.7,577.8,6.3,45.2,3,0,100.0
Areca Palm,loamy,large,mature,59.6,28.1,39.1,564.5,6.6,16.9,2,0,98.6
Fern,sandy,small,mature,46.6,15.0,60.80611136836207,385.4,4.3,42.4,4,1,93.8
Snake Plant,loamy,small,seedling,46.9,20.9,29.3,569.7,6.2,40.8,1,0,100.0
Fern,clay,small,young,62.4,37.9,94.27543281662544,413.3,5.5,70.6,4,0,86.9
Fern,loamy,small,seedling,60.5,25.9,73.92609543251508,513.9,4.6,63.2,3,0,99.9
Snake Plant,sandy,medium,mature,14.8,18.0,66.5,644.2,8.0,36.0,2,1,100.0
Peace Lily,sandy,large,young,61.2,24.5,81.36010108968546,396.4,5.8,53.3,4,0,100.0
Snake Plant,sandy,medium,mature,50.7,32.2,51.6,724.4,8.6,1.5,1,0,100.0
Peace Lily,sandy,medium,seedling,66.0,24.8,84.0,536.5,5.8,41.1,5,0,100.0
Spider Plant,loamy,medium,mature,13.7,33.1,82.1,451.0,6.8,66.8,2,1,84.0
Money Plant,clay,small,seedling,59.2,26.4,85.6,387.0,6.0,40.7,3,0,100.0
Areca Palm,sandy,small,mature,39.7,20.4,31.6,406.9,4.2,54.2,2,1,88.6
Money Plant,sandy,large,seedling,53.1,15.3,73.1,306.1,5.8,13.0,3,0,77.5
Peace Lily,clay,small,mature,81.4,34.3,68.5,594.0,5.8,10.9,3,0,100.0
Tulsi,sandy,large,mature,36.2,20.7,49.3,369.9,5.4,14.3,3,1,100.0
Monstera,clay,small,mature,74.3,25.7,73.64949358141612,547.5,4.6,70.9,5,0,100.0
Areca Palm,sandy,medium,seedling,73.9,22.4,90.8,415.6,4.1,4.5,3,0,100.0
Spider Plant,clay,medium,young,26.1,17.1,44.1,1090.2,7.2,15.9,2,0,90.3
Monstera,loamy,medium,young,63.7,17.5,89.26592064241287,268.5,2.1,16.7,5,0,89.2
Jade Plant,clay,large,seedling,32.8,24.3,55.4,1140.6,9.9,5.1,1,0,100.0
Jade Plant,loamy,large,seedling,4.6,33.8,31.3,706.5,7.3,39.9,1,1,87.4
Aloe Vera,sandy,large,young,29.2,29.4,74.0,378.5,6.9,8.4,1,0,84.3
Snake Plant,loamy,small,young,17.0,23.0,47.0,702.5,8.7,29.9,1,1,100.0
Aloe Vera,clay,medium,mature,24.8,27.6,82.2,969.0,8.5,60.9,1,0,83.3
Money Plant,loamy,medium,mature,38.2,27.5,87.2,480.4,5.4,53.1,4,1,88.0
Fern,clay,small,young,77.8,26.6,70.4513758359196,574.9,4.1,63.6,5,0,100.0
Tulsi,loamy,large,seedling,68.3,29.6,62.4,425.8,6.7,66.7,3,0,87.5
Fern,loamy,small,mature,80.0,36.9,61.841532632364256,594.1,5.9,29.8,4,0,85.7
Tulsi,sandy,small,young,57.9,19.7,56.2,493.7,5.2,13.1,2,0,100.0
Peace Lily,loamy,large,young,75.9,23.8,66.0112271424047,586.7,4.0,38.1,5,0,97.1
Peace Lily,clay,small,young,79.4,20.6,68.7658324558532,274.7,3.6,65.8,5,0,99.0
Tulsi,clay,small,young,62.6,20.5,28.1,462.6,4.7,21.0,4,0,97.2
Money Plant,sandy,small,young,49.3,29.0,45.6,430.9,6.4,6.3,4,0,96.1
Aloe Vera,clay,large,young,32.9,16.6,92.0,1094.9,9.9,50.0,1,0,74.7
Fern,clay,medium,seedling,81.5,18.3,77.11975232502292,325.8,5.2,59.4,3,0,92.0
Fern,sandy,small,seedling,56.2,19.9,81.72451594682015,435.1,5.2,28.6,5,0,97.4
Peace Lily,sandy,large,seedling,77.4,15.1,88.6,198.0,2.4,68.5,4,0,75.3
Snake Plant,sandy,large,seedling,45.0,27.7,79.5,871.7,7.5,46.8,2,0,97.7
Fern,loamy,large,mature,48.7,20.7,77.87352625295198,149.2,3.7,21.8,5,1,98.7
Peace Lily,loamy,medium,young,42.8,15.5,86.7,573.4,5.6,63.2,4,1,70.1
Fern,loamy,large,young,45.6,36.8,83.93706013448727,165.2,4.0,55.1,4,1,74.3
Aloe Vera,loamy,medium,seedling,9.0,18.5,62.6,797.2,9.1,24.9,1,1,90.1
Peace Lily,sandy,small,seedling,62.4,19.5,65.38428779455892,153.0,2.2,37.7,4,0,98.0
Spider Plant,loamy,small,seedling,26.5,21.2,82.0,951.1,7.2,13.4,2,0,96.9
Snake Plant,sandy,large,mature,14.4,36.8,82.8,559.8,6.6,69.2,1,1,79.4
Tulsi,loamy,large,seedling,50.5,34.8,63.0,403.0,5.6,70.4,2,0,89.6
Tulsi,loamy,small,seedling,57.8,36.2,94.6,336.7,6.6,59.3,3,0,83.8
Spider Plant,loamy,medium,seedling,16.2,32.0,55.7,1074.8,9.0,33.7,2,1,92.3
Areca Palm,loamy,medium,mature,59.2,22.6,69.9,387.2,4.7,1.9,3,0,100.0
Money Plant,clay,small,seedling,38.3,30.9,31.7,411.0,6.2,59.6,2,1,76.6
Aloe Vera,clay,large,mature,6.5,34.9,48.0,982.8,9.1,20.1,1,1,100.0
Peace Lily,loamy,large,young,57.6,29.9,91.97277060857905,236.0,3.7,61.3,4,0,100.0
Monstera,sandy,small,seedling,58.5,37.8,88.98000529110615,302.4,5.7,48.4,3,0,77.1
Tulsi,sandy,medium,young,34.5,27.6,25.7,390.0,5.1,19.8,3,1,100.0
Tulsi,sandy,medium,mature,38.8,35.8,67.3,445.2,5.5,19.9,2,1,87.4
Monstera,clay,medium,seedling,79.7,30.7,69.21977259247761,264.8,3.0,71.6,5,0,94.1
Tulsi,loamy,large,seedling,56.9,22.7,50.7,348.8,4.9,56.8,4,0,100.0
Jade Plant,clay,medium,young,26.6,28.7,59.5,1048.4,9.6,55.1,1,0,100.0
Monstera,sandy,small,seedling,67.3,15.1,81.0,144.0,3.7,55.3,4,0,81.5
Spider Plant,loamy,small,seedling,22.6,26.6,72.0,1125.7,8.2,48.5,2,0,100.0
Spider Plant,loamy,medium,mature,41.4,30.3,48.4,308.4,4.9,30.7,1,0,96.4
Peace Lily,sandy,small,mature,73.7,16.4,76.11207180200608,241.3,2.9,60.2,3,0,93.2
Jade Plant,loamy,medium,mature,11.2,21.9,78.8,861.4,7.2,48.7,1,0,85.8
Peace Lily,sandy,medium,seedling,57.6,23.5,86.4,192.3,3.3,19.5,5,0,96.2
Money Plant,sandy,small,seedling,60.7,31.8,48.0,592.6,5.1,43.0,4,0,94.4
Fern,sandy,small,young,72.7,31.2,78.26981057421034,219.1,2.5,60.9,5,0,99.4
Jade Plant,loamy,small,young,30.4,25.7,63.8,519.1,6.2,48.4,1,0,99.3
Jade Plant,sandy,large,mature,15.6,15.3,75.0,908.6,8.0,11.6,1,0,75.7
Jade Plant,sandy,medium,seedling,29.6,32.9,60.0,902.4,7.8,32.9,1,0,86.7
Fern,sandy,medium,young,75.2,16.8,81.49686468069908,197.9,2.9,42.6,4,0,88.2
Tulsi,sandy,medium,seedling,43.9,15.8,53.3,524.6,6.6,35.6,3,0,81.2
Areca Palm,loamy,large,seedling,44.9,37.4,90.8,408.8,5.6,58.2,4,1,63.4
Spider Plant,sandy,medium,seedling,25.3,30.1,84.8,569.9,7.0,33.9,2,0,92.1
Jade Plant,sandy,large,mature,25.4,37.7,62.3,998.7,9.8,44.8,1,1,85.4
Monstera,loamy,medium,young,66.9,31.7,89.4,596.9,4.1,26.0,3,0,95.5
Fern,sandy,small,young,72.0,23.9,91.64201789452432,127.2,3.0,1.7,3,0,100.0
Monstera,sandy,large,seedling,73.9,17.1,75.2,246.5,3.5,18.9,5,0,82.1
Spider Plant,loamy,large,young,13.6,27.5,27.4,781.4,8.7,57.5,1,1,82.3
Peace Lily,loamy,small,young,42.4,22.0,85.25275789053035,110.5,2.4,59.6,4,1,89.9
Tulsi,sandy,large,mature,59.4,15.8,25.2,343.2,4.8,26.0,2,0,94.4
Fern,clay,large,seedling,43.8,21.7,70.9,133.4,2.2,49.4,5,1,81.2
Jade Plant,loamy,large,young,18.3,22.7,52.6,1016.8,8.1,35.3,1,0,96.3
Spider Plant,sandy,small,young,37.0,28.0,78.7,750.8,8.6,13.1,2,0,96.1
Aloe Vera,sandy,small,seedling,10.9,16.1,71.9,809.9,8.3,24.6,1,0,62.6
Money Plant,loamy,large,seedling,71.7,23.4,87.4,519.1,6.3,36.7,2,0,100.0
Jade Plant,sandy,medium,mature,26.5,22.3,51.9,865.6,8.3,47.6,1,0,100.0
Jade Plant,sandy,medium,mature,20.3,32.3,76.0,495.6,6.3,49.7,1,0,80.8
Monstera,clay,medium,young,62.1,30.4,83.3342784623124,453.9,4.9,9.8,3,0,100.0
Fern,loamy,medium,young,55.3,27.5,82.8,395.6,4.0,28.4,5,0,100.0
Spider Plant,sandy,medium,young,30.9,33.0,45.7,389.9,5.7,59.5,2,0,100.0
Snake Plant,clay,large,seedling,24.8,32.8,33.4,1061.5,7.3,33.7,1,0,91.6
Fern,sandy,small,seedling,52.3,25.4,89.9,159.2,3.9,67.0,4,1,89.1
Tulsi,clay,small,seedling,62.7,37.9,92.1,347.8,5.8,51.8,4,0,79.8
Money Plant,loamy,medium,mature,67.7,18.4,90.3,522.2,4.3,27.3,3,0,99.7
Aloe Vera,clay,large,mature,14.2,23.3,87.0,965.3,9.8,22.6,1,0,85.1
Aloe Vera,loamy,large,seedling,9.7,36.4,26.8,1045.4,9.6,53.0,1,1,64.0
Peace Lily,clay,large,young,74.6,22.4,92.32531467196827,465.4,5.5,1.2,4,0,96.7
Snake Plant,sandy,medium,mature,12.0,37.2,39.8,393.5,4.3,51.6,1,1,73.8
Money Plant,sandy,large,seedling,68.7,21.9,38.0,440.2,4.2,64.5,4,0,97.8
Snake Plant,sandy,medium,young,10.5,30.4,49.5,951.0,8.0,67.1,1,1,85.8
Money Plant,loamy,medium,mature,42.0,15.0,60.8,486.1,4.4,17.5,4,0,94.0
Jade Plant,clay,small,mature,29.4,29.9,33.2,685.7,9.1,19.6,1,0,100.0
Jade Plant,sandy,small,seedling,6.4,25.7,55.3,718.9,7.7,8.3,1,1,98.6
Spider Plant,loamy,large,young,51.1,29.4,88.0,875.1,7.7,4.3,1,0,100.0
Peace Lily,clay,medium,young,73.2,20.4,73.05667041090214,185.4,2.4,2.1,3,0,96.7
Aloe Vera,clay,small,mature,25.4,20.0,88.9,1152.5,7.5,33.3,1,0,89.0
Snake Plant,loamy,small,mature,12.6,36.6,63.9,565.2,6.4,54.4,1,1,78.6
Monstera,sandy,medium,seedling,45.4,36.7,77.26815835540478,594.9,5.6,7.1,3,1,83.3
Areca Palm,loamy,large,mature,63.6,30.1,82.4,452.5,6.3,11.1,4,0,98.9
Money Plant,sandy,large,seedling,42.4,16.8,37.0,524.2,5.5,16.6,3,0,79.2
Peace Lily,sandy,large,young,52.8,26.3,87.25551294191685,359.2,4.4,10.6,3,1,98.4
Jade Plant,clay,small,seedling,22.5,19.9,93.4,740.4,8.5,7.6,1,0,86.0
Snake Plant,sandy,medium,mature,24.2,17.1,76.0,940.2,8.8,56.7,2,0,86.6
Snake Plant,sandy,large,mature,33.8,28.3,64.1,960.1,8.4,24.0,1,0,95.4
Money Plant,sandy,large,mature,37.3,34.2,67.8,309.4,4.4,28.7,2,1,100.0
Money Plant,sandy,small,young,66.5,21.3,92.0,547.0,5.2,32.4,2,0,100.0
Fern,sandy,medium,mature,56.1,20.7,81.19586317403864,491.6,4.4,8.1,4,0,96.6
Snake Plant,loamy,small,young,44.9,28.4,83.1,557.2,5.4,0.1,1,0,99.9
Jade Plant,sandy,large,young,22.8,28.5,40.1,695.6,8.9,12.7,1,0,100.0
Money Plant,clay,large,mature,47.6,26.3,84.9,577.1,4.3,20.0,2,0,95.0
Snake Plant,sandy,large,young,49.0,26.2,80.2,634.3,7.4,22.6,1,0,100.0
Aloe Vera,clay,large,young,11.1,30.7,36.7,726.2,7.5,55.2,1,0,98.5
Fern,clay,large,seedling,59.5,17.9,66.42351940785468,380.7,4.3,37.2,4,0,83.6
Spider Plant,sandy,large,mature,40.2,21.8,53.4,432.1,5.3,16.1,2,0,100.0
Fern,loamy,small,mature,49.0,15.3,93.40321374265152,342.6,5.7,13.0,3,1,86.3
Fern,sandy,small,young,44.8,34.2,79.84408210093618,141.3,2.5,55.7,5,1,81.2
Areca Palm,sandy,small,young,44.5,23.7,57.5,394.4,4.3,35.0,2,0,98.3
Areca Palm,loamy,small,seedling,67.9,21.3,82.6,550.2,6.3,28.2,2,0,100.0
Jade Plant,sandy,large,mature,10.1,17.9,78.8,1148.9,7.1,51.9,1,0,72.3
Monstera,sandy,small,seedling,42.7,28.9,88.06114686098343,256.9,3.2,43.1,5,1,100.0
Spider Plant,clay,medium,young,23.4,18.2,42.4,721.4,8.9,25.7,1,0,100.0
Snake Plant,sandy,large,young,43.6,21.3,87.6,399.7,4.1,7.3,2,0,100.0
Tulsi,loamy,large,young,57.3,25.7,80.3,528.7,4.4,54.9,3,0,100.0
Monstera,loamy,medium,seedling,53.4,25.6,81.89768407485063,356.0,5.4,34.0,4,1,100.0
Peace Lily,loamy,large,seedling,62.4,37.5,87.4742354602324,415.3,5.1,38.3,4,0,77.0
Areca Palm,sandy,medium,seedling,50.2,32.4,38.5,591.9,4.3,20.0,4,0,90.1
Spider Plant,clay,medium,seedling,19.0,17.4,85.3,404.8,6.3,61.2,1,1,64.5
Monstera,loamy,medium,young,61.2,35.0,70.28828177543684,324.5,4.8,59.4,5,0,100.0
Monstera,clay,large,young,81.8,32.0,71.56589661828592,410.3,4.9,71.3,3,0,98.7
Jade Plant,clay,small,mature,31.7,21.0,35.6,341.3,6.9,39.4,1,0,95.6
Areca Palm,loamy,large,young,42.9,37.8,94.6,556.6,6.6,52.3,3,1,71.5
Aloe Vera,loamy,small,mature,18.9,27.8,89.6,1140.8,8.3,15.7,1,0,83.3
Fern,loamy,large,young,71.7,16.2,90.40692293782895,448.3,4.4,39.4,3,0,91.2
Jade Plant,sandy,medium,young,4.9,20.5,76.6,659.7,9.5,18.4,1,1,80.1
Monstera,clay,small,young,48.7,25.4,72.1481271950325,200.5,3.1,18.9,3,1,100.0
Peace Lily,sandy,medium,seedling,47.0,30.7,83.8,263.2,2.1,40.0,3,1,93.7
Aloe Vera,clay,medium,mature,25.7,15.4,60.2,862.2,7.3,29.8,1,0,93.0
Snake Plant,clay,medium,seedling,29.6,21.6,67.8,384.3,5.6,20.3,2,0,100.0
Fern,loamy,large,young,74.2,30.8,90.529556498112,181.9,3.1,4.3,3,0,100.0
Peace Lily,loamy,small,seedling,45.3,31.1,88.3150126077733,139.1,3.9,63.4,3,1,73.3
Money Plant,clay,medium,mature,55.9,15.6,75.5,323.8,5.9,54.8,2,0,89.5
Money Plant,clay,medium,mature,55.1,20.3,45.8,306.9,6.1,11.6,2,0,100.0
Snake Plant,clay,large,seedling,26.6,35.2,31.0,570.6,6.0,37.7,1,1,77.3
Jade Plant,clay,small,young,13.4,29.1,61.2,742.3,9.4,34.2,1,0,95.5
Spider Plant,sandy,large,seedling,45.6,18.4,60.4,341.1,5.7,33.7,2,0,93.7
Fern,clay,medium,mature,61.2,19.2,83.78886653029762,535.1,5.7,42.6,5,0,100.0
Tulsi,clay,medium,seedling,64.7,17.3,57.2,564.0,6.5,29.9,4,0,77.7
Jade Plant,loamy,medium,mature,26.3,27.8,37.0,580.6,6.9,22.3,1,0,100.0
Peace Lily,loamy,small,young,57.0,31.0,94.07720572184137,381.2,5.3,43.8,5,0,97.8
Peace Lily,loamy,small,seedling,41.9,31.3,79.33317040310035,577.5,4.9,58.6,3,1,71.7
Jade Plant,loamy,small,young,17.9,35.5,80.0,357.7,6.8,9.1,1,1,73.8
Spider Plant,clay,large,young,43.0,32.6,73.0,720.2,7.2,34.0,1,0,95.0
Jade Plant,clay,medium,mature,33.1,20.1,32.6,975.5,9.0,59.5,1,0,100.0
Areca Palm,sandy,medium,young,61.8,17.2,64.6,318.0,5.5,68.3,3,0,90.3
Areca Palm,clay,large,seedling,52.5,24.5,27.1,561.2,5.8,25.9,2,0,100.0
Areca Palm,loamy,large,seedling,59.8,34.6,50.4,462.2,4.6,67.3,2,0,92.6
Monstera,sandy,large,seedling,74.1,27.8,75.46229420119293,565.0,5.0,2.7,3,0,98.1
Money Plant,loamy,large,young,55.9,15.8,93.9,307.0,5.2,50.5,4,0,94.5
Tulsi,clay,large,young,45.2,29.8,59.8,342.9,6.6,0.8,2,0,95.5
Money Plant,loamy,large,young,57.9,30.4,52.3,565.5,4.0,24.3,4,0,100.0
Peace Lily,clay,large,mature,79.1,19.3,74.58035029285632,477.7,5.1,13.9,3,0,98.0
Tulsi,loamy,large,young,39.3,28.3,71.3,339.0,6.6,50.6,2,1,83.6
Spider Plant,sandy,large,young,33.5,29.4,90.9,513.3,6.7,40.3,2,0,96.4
Monstera,loamy,large,mature,70.8,29.5,62.948134352322086,277.8,2.7,34.8,4,0,98.0
Aloe Vera,sandy,small,seedling,22.1,22.0,62.7,952.2,9.3,53.1,1,0,97.8
Money Plant,loamy,large,young,67.6,20.7,77.4,447.9,6.1,48.4,3,0,98.3
Areca Palm,sandy,large,mature,60.8,24.2,40.7,547.3,6.0,31.4,4,0,98.6
Money Plant,clay,small,seedling,69.3,15.4,60.2,443.6,6.0,23.0,4,0,79.9
Tulsi,loamy,medium,young,57.3,37.0,83.8,571.0,6.6,5.3,2,0,85.8
Snake Plant,sandy,large,mature,21.8,17.9,30.4,369.5,6.2,52.0,1,0,87.0
Fern,sandy,small,seedling,66.2,32.6,92.39923302195183,507.3,4.1,34.1,4,0,91.2
Money Plant,sandy,small,young,52.6,24.5,27.0,501.0,4.6,8.1,3,0,97.8
Tulsi,sandy,medium,mature,37.5,23.0,81.4,599.8,5.9,60.2,2,1,87.0
Spider Plant,sandy,large,mature,19.7,16.3,61.8,461.7,6.8,21.0,1,1,89.8
Tulsi,sandy,small,mature,34.7,19.7,89.4,325.6,5.0,34.7,4,1,100.0
Money Plant,loamy,large,young,33.3,18.8,94.5,421.6,6.1,60.3,4,1,85.4
Fern,sandy,small,young,70.0,35.9,88.94555650543273,292.9,3.3,61.1,5,0,90.9
Aloe Vera,sandy,small,young,10.5,31.2,73.7,851.8,8.6,60.2,1,0,86.3
Spider Plant,sandy,small,young,34.0,24.4,63.8,561.7,5.4,5.6,1,0,96.0
Snake Plant,clay,large,young,39.2,28.4,47.0,554.1,6.7,7.8,1,0,96.4
Monstera,clay,medium,mature,46.8,27.0,90.4348307759171,315.0,4.4,3.9,5,1,99.6
Aloe Vera,sandy,large,mature,32.3,36.5,68.3,457.9,6.7,8.7,1,1,94.6
Money Plant,sandy,small,young,57.8,36.4,38.7,336.6,4.9,51.1,4,0,94.7
Jade Plant,sandy,small,seedling,17.9,22.6,94.8,908.9,8.4,3.1,1,0,83.1
Jade Plant,clay,large,young,16.7,20.2,26.7,1141.2,9.5,8.4,1,0,97.9
Fern,clay,small,seedling,63.8,25.4,87.19798885081721,227.3,3.5,66.2,4,0,100.0
Areca Palm,clay,large,seedling,62.8,17.7,44.8,483.0,4.3,12.4,4,0,81.0
Aloe Vera,sandy,small,mature,14.7,20.2,46.0,621.6,8.7,56.7,1,0,95.5
Money Plant,clay,medium,seedling,50.1,23.3,51.3,397.9,5.6,37.3,3,0,100.0
Snake Plant,sandy,large,mature,49.1,34.6,67.4,757.9,7.9,48.6,2,0,100.0
Monstera,clay,small,young,60.4,26.3,66.94749558010025,130.4,3.4,25.7,4,0,100.0
Tulsi,sandy,small,young,69.7,15.6,79.5,495.1,4.5,37.1,3,0,94.7
Fern,sandy,small,mature,67.6,32.5,94.51102820344914,121.7,2.2,14.7,5,0,100.0
Areca Palm,clay,small,young,54.6,31.9,66.7,388.7,4.2,16.8,3,0,100.0
Tulsi,loamy,large,seedling,56.3,34.0,46.2,575.8,6.1,10.0,4,0,88.3
Spider Plant,loamy,large,mature,22.6,27.7,60.9,330.7,4.8,2.1,2,0,100.0
Spider Plant,clay,small,young,34.5,18.9,73.8,1159.0,8.5,68.4,2,0,98.7
Peace Lily,sandy,large,young,48.0,23.0,85.91971049305738,158.6,2.7,62.6,5,1,80.8
Snake Plant,sandy,large,young,41.2,23.0,75.2,574.2,4.9,54.0,2,0,100.0
Snake Plant,sandy,small,young,19.3,18.7,73.4,334.5,5.9,25.1,1,1,98.2
Monstera,clay,large,young,60.5,37.3,81.74580042996378,245.9,2.8,27.1,3,0,94.6
Snake Plant,clay,medium,mature,32.4,29.4,71.5,589.2,6.4,42.8,1,0,100.0
Tulsi,sandy,small,seedling,60.6,18.0,87.2,309.3,4.6,5.7,3,0,92.7
Fern,clay,small,mature,82.1,16.5,88.3,332.9,4.8,67.7,5,0,87.2
Tulsi,sandy,small,young,65.8,28.9,31.7,539.2,6.3,45.6,2,0,99.8
Peace Lily,sandy,small,seedling,45.5,18.4,92.26320886584261,184.1,2.8,35.8,4,1,93.3
Areca Palm,clay,small,seedling,34.7,27.4,53.0,575.0,5.9,49.1,2,1,88.2
Snake Plant,clay,large,young,32.8,37.8,93.5,922.5,8.3,18.4,2,1,91.0
Tulsi,sandy,large,seedling,65.3,25.3,69.0,451.4,4.9,51.9,4,0,96.1
Tulsi,sandy,small,seedling,73.8,37.7,57.5,523.7,5.6,1.8,4,0,78.8
Areca Palm,clay,medium,seedling,64.6,26.8,76.6,333.8,4.9,58.2,4,0,100.0
Monstera,loamy,large,mature,62.6,23.1,86.4,518.4,6.0,22.7,4,0,100.0
Peace Lily,clay,medium,seedling,74.5,34.5,94.1,520.9,6.0,23.0,3,0,89.2
Jade Plant,sandy,small,mature,12.8,29.5,89.7,735.4,9.9,51.7,1,0,86.3
Jade Plant,sandy,large,young,5.4,15.8,42.9,969.1,9.6,36.0,1,1,85.5
Spider Plant,clay,small,young,27.2,17.0,36.1,560.4,4.9,65.7,2,0,94.4
Money Plant,loamy,medium,mature,59.1,16.6,76.6,332.9,4.3,8.1,2,0,90.4
Tulsi,loamy,medium,mature,47.0,27.5,46.3,370.3,4.4,54.8,4,0,100.0
Fern,clay,medium,mature,64.9,29.3,89.43416305361555,565.6,4.3,48.4,5,0,100.0
Fern,sandy,medium,young,45.3,33.3,88.6,147.4,3.7,3.2,3,1,100.0
Aloe Vera,sandy,medium,mature,17.9,32.1,62.8,807.7,8.5,9.5,1,0,100.0
Tulsi,loamy,medium,seedling,68.2,26.4,70.0,567.4,5.6,39.6,3,0,100.0
Snake Plant,sandy,large,young,31.4,34.8,26.2,524.2,4.4,24.9,1,1,97.2
Jade Plant,sandy,large,mature,12.7,15.9,79.2,1177.0,8.5,46.3,1,0,72.9
Aloe Vera,loamy,small,seedling,9.3,34.8,81.1,899.8,8.7,22.3,1,1,78.9
Tulsi,loamy,large,seedling,46.6,17.0,73.8,425.8,5.6,21.5,4,0,75.4
Aloe Vera,clay,small,seedling,17.6,35.8,39.8,1032.2,8.8,8.5,1,1,78.7
Tulsi,loamy,large,seedling,43.6,19.2,66.2,413.2,5.1,31.8,2,0,99.2
Jade Plant,sandy,medium,young,5.7,23.5,45.4,454.4,6.9,26.6,1,1,95.7
Aloe Vera,sandy,small,seedling,20.8,15.9,77.0,959.5,8.3,8.1,1,0,68.6
Monstera,clay,small,young,81.4,32.4,80.1444386184796,287.8,3.1,53.0,4,0,96.2
Peace Lily,clay,medium,young,52.5,19.5,76.10118688472733,235.3,3.7,8.7,5,1,100.0
Jade Plant,sandy,small,seedling,23.7,37.7,45.6,777.7,8.3,3.0,1,1,76.4
Tulsi,clay,large,seedling,65.1,29.1,90.5,345.5,5.1,40.1,3,0,91.7
Aloe Vera,sandy,large,seedling,22.7,25.2,49.5,812.4,10.0,13.0,1,0,99.7
Areca Palm,clay,medium,mature,41.3,25.7,78.2,560.7,5.9,53.6,2,0,99.5
Aloe Vera,sandy,large,young,14.2,18.4,47.1,871.0,8.1,62.2,1,0,95.6
Peace Lily,sandy,medium,young,46.8,23.2,92.4,529.1,4.7,10.5,3,1,97.3
Peace Lily,sandy,small,seedling,49.5,22.0,80.80286486650742,557.5,5.6,9.4,5,1,100.0
Areca Palm,sandy,small,young,70.2,18.0,34.9,342.7,6.2,49.0,3,0,100.0
Snake Plant,sandy,small,mature,25.5,20.5,36.0,1080.9,8.7,33.8,1,0,96.5
Tulsi,clay,large,mature,44.2,37.9,43.8,330.5,6.7,47.7,2,1,89.5
Monstera,loamy,large,mature,52.7,25.3,60.42015602133892,248.3,3.4,62.4,5,1,87.7
Jade Plant,loamy,medium,young,19.3,29.2,28.7,1021.6,8.3,57.3,1,0,97.0
Tulsi,sandy,medium,seedling,69.0,35.9,36.7,364.8,6.3,10.9,2,0,75.5
Fern,clay,large,seedling,59.0,37.6,82.3574906217463,177.3,3.4,42.2,4,0,75.4
Fern,clay,small,mature,70.4,17.0,93.94373711640142,268.1,3.9,22.1,5,0,86.8
Tulsi,clay,medium,mature,73.6,19.5,72.9,454.0,6.1,11.8,4,0,100.0
Peace Lily,clay,small,young,80.7,30.0,82.46952736136214,289.7,2.9,68.3,4,0,100.0
Fern,clay,medium,young,45.1,18.0,93.1,557.8,5.3,1.9,3,1,96.9
Jade Plant,loamy,large,mature,16.0,28.9,79.9,682.0,9.4,54.0,1,0,88.8
Peace Lily,sandy,large,seedling,46.3,15.4,75.20007643673073,353.3,5.8,68.4,3,1,64.1
Tulsi,sandy,small,seedling,45.4,36.9,61.9,325.1,4.8,70.4,4,0,77.8
Fern,sandy,small,mature,58.9,17.3,93.57942248925812,598.9,5.6,13.0,5,0,93.5
Spider Plant,loamy,small,seedling,44.6,30.3,31.7,457.7,6.6,59.6,2,0,90.0
Areca Palm,clay,small,seedling,34.9,15.7,65.7,359.5,4.7,53.8,4,1,61.6
Areca Palm,loamy,medium,seedling,37.9,23.4,58.7,580.2,5.1,10.8,4,1,98.2
Snake Plant,clay,large,seedling,45.2,23.2,70.8,303.4,4.1,57.7,1,0,99.3
Areca Palm,clay,large,seedling,52.8,29.6,37.7,478.6,5.5,55.9,2,0,89.5
Jade Plant,loamy,small,seedling,29.1,31.2,87.1,843.5,8.9,34.0,1,0,76.4
Peace Lily,loamy,medium,mature,72.2,22.8,87.0,275.4,3.9,16.6,5,0,100.0
Areca Palm,loamy,small,seedling,42.5,20.8,32.2,594.0,4.6,44.2,4,0,100.0
Snake Plant,sandy,large,mature,45.7,24.7,79.6,333.8,4.9,62.0,2,0,97.4
Peace Lily,loamy,medium,young,51.3,26.5,77.37381000993844,497.9,5.5,14.4,4,1,97.8
Fern,sandy,large,seedling,66.6,24.1,72.9,318.2,5.8,71.0,5,0,95.3
Aloe Vera,loamy,small,seedling,20.6,19.1,92.1,979.3,9.6,20.9,1,0,87.5
Aloe Vera,sandy,small,mature,24.3,25.3,83.1,945.5,7.4,50.6,1,0,87.9
Monstera,sandy,small,seedling,42.1,33.4,78.45518974425254,560.2,5.3,64.1,3,1,77.7
Spider Plant,loamy,large,mature,15.6,21.0,27.8,415.5,4.5,41.1,2,1,98.7
Aloe Vera,sandy,small,mature,7.9,28.9,82.9,594.7,6.2,13.6,1,1,87.7
Money Plant,sandy,medium,seedling,43.9,18.9,65.2,524.0,5.7,59.3,2,0,87.2
Peace Lily,clay,medium,seedling,65.0,31.3,84.49802103148616,275.6,3.2,66.9,4,0,88.6
Spider Plant,loamy,large,mature,29.1,15.2,88.1,373.5,5.4,45.9,2,0,89.8
Aloe Vera,clay,medium,mature,23.7,26.0,54.3,361.0,6.6,11.1,1,0,100.0
Jade Plant,clay,small,young,24.1,34.7,37.1,327.1,6.5,8.7,1,1,100.0
Money Plant,clay,small,young,34.8,28.2,78.4,356.7,4.8,33.3,4,1,96.3
Snake Plant,loamy,medium,young,52.2,28.5,67.9,482.2,6.4,7.2,1,0,99.8
Snake Plant,loamy,medium,young,43.0,18.3,70.8,367.8,5.3,33.7,2,0,100.0
Areca Palm,clay,medium,mature,39.4,37.5,91.4,467.7,4.1,31.2,2,1,91.5
Fern,clay,large,young,79.5,16.8,69.09558134734996,295.8,4.0,24.6,4,0,87.2
Snake Plant,clay,small,mature,32.6,36.5,57.7,1114.2,7.7,44.4,2,1,92.2
Peace Lily,sandy,medium,young,49.3,16.4,80.4,158.2,3.7,23.9,5,1,92.9
Spider Plant,clay,large,mature,51.2,37.0,36.4,507.9,6.0,58.4,2,0,88.2
Peace Lily,sandy,small,mature,72.8,26.2,78.03823730038204,499.8,5.9,38.0,4,0,95.9
Peace Lily,clay,small,mature,56.8,35.8,84.68733270638063,180.6,3.4,13.3,3,0,94.9
Fern,clay,medium,young,72.2,29.9,93.77757504449434,443.1,4.3,70.9,4,0,100.0
Areca Palm,loamy,small,mature,63.9,27.8,87.4,464.4,5.3,14.6,4,0,100.0
Monstera,loamy,small,young,55.8,28.4,89.7136970153973,550.5,5.0,64.2,5,0,100.0
Monstera,loamy,small,young,57.9,32.4,75.2,457.6,5.7,10.2,5,0,99.0
Monstera,clay,medium,mature,80.8,36.6,89.10902891521629,191.1,3.7,30.1,5,0,89.6
Tulsi,sandy,large,mature,68.5,15.5,40.9,481.2,5.9,11.6,2,0,85.2
Snake Plant,clay,medium,seedling,18.3,16.8,78.2,785.0,8.2,71.0,2,1,60.3
Money Plant,sandy,medium,seedling,39.5,35.2,46.2,367.3,6.4,25.4,2,1,83.9
Spider Plant,loamy,large,seedling,36.1,22.3,62.7,617.4,8.6,33.5,1,0,100.0
Fern,clay,medium,seedling,56.4,28.3,68.86284831089674,178.2,2.7,67.9,4,0,100.0
Snake Plant,clay,medium,mature,19.6,25.6,25.3,602.5,8.8,3.0,1,1,100.0
Monstera,clay,large,mature,69.1,35.9,65.6,156.4,3.5,65.3,4,0,90.1
Peace Lily,loamy,large,seedling,46.3,35.4,83.09571089523133,193.4,2.7,23.5,5,1,82.5
Snake Plant,loamy,small,young,27.8,17.4,61.0,432.8,5.7,13.6,2,0,86.1
Tulsi,loamy,medium,seedling,51.9,22.6,34.7,417.4,4.4,34.2,4,0,96.2
Jade Plant,sandy,small,seedling,21.6,37.4,84.3,931.3,8.2,50.3,1,1,50.3
Money Plant,loamy,large,mature,55.7,25.6,59.8,316.2,4.5,65.0,3,0,96.3
Snake Plant,loamy,medium,young,28.3,23.1,27.4,514.5,6.5,42.5,1,0,100.0
Fern,clay,large,seedling,68.6,17.9,82.98892024984728,562.0,5.3,71.5,5,0,83.6
Money Plant,loamy,medium,seedling,55.7,24.2,62.1,335.0,4.1,37.2,3,0,97.3
Spider Plant,clay,small,seedling,48.4,16.7,83.4,531.4,4.9,44.4,2,0,79.4
Monstera,clay,large,mature,70.9,16.8,71.17896358670349,418.3,4.3,32.1,4,0,92.8
Spider Plant,sandy,large,seedling,31.2,18.8,27.5,930.7,8.3,49.7,1,0,92.6
Monstera,loamy,small,young,43.3,33.1,62.302547136486325,385.9,4.6,62.6,5,1,86.6
Peace Lily,sandy,large,mature,43.8,23.1,70.23904218833333,409.1,5.2,20.1,4,1,97.3
Fern,sandy,large,seedling,41.4,16.9,70.84049586975317,159.9,2.9,71.7,4,1,68.4
Peace Lily,clay,large,seedling,53.3,36.7,71.88627880811165,467.8,5.3,31.2,5,1,83.6
Monstera,clay,large,young,71.6,27.0,84.78472748813354,341.1,5.6,59.6,5,0,100.0
Tulsi,clay,large,young,41.5,21.7,80.6,349.6,5.2,47.0,2,0,100.0
Tulsi,clay,large,mature,38.2,22.6,48.0,550.5,6.1,27.1,3,1,100.0
Monstera,sandy,small,mature,50.2,15.1,92.72301218709448,222.0,2.4,68.6,5,1,71.5
Snake Plant,sandy,small,young,18.6,30.8,77.0,628.2,8.4,25.1,1,1,100.0
Monstera,sandy,large,mature,70.2,28.4,80.37007857091851,584.4,4.6,48.7,3,0,95.1
Jade Plant,clay,large,seedling,8.8,37.0,67.8,561.4,6.1,56.6,1,1,64.1
Tulsi,sandy,large,mature,59.9,29.6,65.5,375.2,5.1,48.3,2,0,99.4
Fern,sandy,medium,mature,78.1,35.8,75.90731035522478,329.5,4.7,9.5,4,0,94.6
Tulsi,sandy,large,young,70.0,29.4,50.3,304.1,5.7,2.8,2,0,100.0
Aloe Vera,sandy,medium,mature,6.9,36.8,46.2,383.2,6.9,8.7,1,1,86.1
Aloe Vera,clay,small,mature,29.5,18.6,94.9,578.2,6.8,1.9,1,0,89.6
Areca Palm,loamy,large,seedling,37.1,25.5,66.9,575.2,4.1,49.2,3,1,82.5
Tulsi,loamy,medium,seedling,62.4,37.2,73.5,437.9,6.9,66.8,4,0,78.7
Tulsi,loamy,large,seedling,37.9,15.8,82.3,427.1,7.0,63.7,4,1,64.8
Money Plant,loamy,small,seedling,56.3,37.7,63.0,302.0,6.5,13.9,2,0,78.0
Money Plant,sandy,medium,seedling,34.7,22.1,53.1,468.2,6.6,27.0,2,1,98.8
Aloe Vera,sandy,medium,seedling,6.3,34.8,42.7,1179.9,9.8,60.7,1,1,79.3
Peace Lily,clay,large,mature,65.2,33.4,90.15635667677486,376.3,5.8,3.1,4,0,96.4
Monstera,clay,small,young,68.2,29.3,74.94133635199609,339.4,5.1,4.3,5,0,100.0
Peace Lily,sandy,medium,young,55.8,18.2,68.26550099910817,134.3,3.3,63.5,5,0,100.0
Jade Plant,loamy,large,young,23.4,18.2,92.9,887.9,7.9,51.4,1,0,80.3
Fern,clay,medium,mature,73.9,32.7,81.1,254.0,2.7,56.8,3,0,95.8
Jade Plant,clay,large,mature,11.6,31.0,31.6,810.1,7.7,25.0,1,0,96.9
Peace Lily,sandy,medium,young,75.0,28.4,73.7,120.9,3.7,43.4,5,0,99.6
Snake Plant,clay,small,mature,29.5,30.2,86.6,578.5,4.6,12.1,2,0,100.0
Peace Lily,sandy,large,young,51.1,25.5,67.92383091852885,531.9,5.8,27.0,3,1,97.8
Aloe Vera,clay,large,young,25.5,24.9,46.1,646.0,7.5,69.1,1,0,98.4
Jade Plant,clay,large,young,33.8,37.0,74.1,568.7,6.8,4.6,1,1,70.1
Spider Plant,sandy,large,seedling,26.6,29.5,27.4,383.4,4.4,34.3,1,0,88.6
Tulsi,clay,small,young,46.3,21.0,79.4,522.7,4.2,54.7,2,0,97.5
Aloe Vera,sandy,medium,mature,22.9,20.2,62.8,1170.3,7.1,23.8,1,0,95.9
Jade Plant,clay,medium,mature,13.2,28.1,30.6,805.0,8.2,18.8,1,0,95.8
Spider Plant,sandy,medium,seedling,18.9,20.0,59.4,1131.2,8.0,7.8,2,1,100.0
Spider Plant,sandy,large,seedling,30.5,24.6,91.4,716.8,7.2,13.0,2,0,100.0
Jade Plant,loamy,large,young,14.2,36.7,54.3,793.6,8.1,53.4,1,1,70.8
Aloe Vera,clay,medium,mature,16.7,17.7,65.3,527.7,6.8,2.7,1,0,85.4
Spider Plant,loamy,medium,mature,22.8,29.9,35.6,540.2,4.0,27.8,1,0,98.0
Fern,sandy,large,young,65.3,36.7,74.76678879986758,567.8,5.5,48.8,5,0,92.6
Jade Plant,loamy,small,young,21.7,31.8,64.9,973.9,8.2,67.7,1,0,96.3
Tulsi,sandy,small,mature,36.7,29.4,63.8,591.1,4.7,58.8,3,1,82.0
Spider Plant,clay,medium,young,28.3,29.6,53.2,477.7,4.9,66.8,2,0,100.0
Tulsi,sandy,medium,mature,56.7,35.4,25.5,396.3,5.3,53.6,3,0,88.8
Money Plant,sandy,large,young,65.4,32.8,71.9,451.0,6.7,57.6,4,0,100.0
Fern,clay,large,mature,58.6,16.7,94.5,387.0,5.5,27.4,4,0,93.4
Spider Plant,sandy,medium,seedling,35.6,23.2,55.9,1042.8,7.0,68.3,2,0,98.4
Aloe Vera,sandy,large,seedling,9.5,26.6,34.9,1043.2,8.8,59.4,1,1,80.6
Jade Plant,sandy,medium,mature,28.6,20.9,36.4,718.5,9.2,71.1,1,0,100.0
Aloe Vera,loamy,small,young,18.1,21.3,93.1,1076.2,9.4,13.5,1,0,87.9
Money Plant,sandy,small,mature,51.9,37.0,70.5,493.0,4.4,65.2,2,0,86.9
Peace Lily,loamy,medium,mature,54.9,18.8,81.6,263.7,3.2,43.6,4,1,97.5
Peace Lily,sandy,medium,young,65.1,33.4,67.9,308.4,4.6,5.3,4,0,100.0
Areca Palm,loamy,small,seedling,51.1,35.0,82.0,436.8,5.0,64.4,4,0,85.5
Spider Plant,clay,medium,young,36.9,22.3,43.6,619.2,8.9,20.4,2,0,100.0
Spider Plant,loamy,medium,seedling,15.8,15.6,83.7,411.3,4.3,27.0,1,1,83.2
Spider Plant,clay,small,young,29.1,19.3,80.6,599.8,5.9,68.5,2,0,100.0
Fern,clay,medium,seedling,70.1,22.2,60.64552621450387,210.4,2.7,31.2,4,0,95.2
Fern,loamy,medium,young,74.8,22.3,94.50680626244542,174.7,2.8,61.2,5,0,100.0
Monstera,clay,small,young,79.7,19.0,76.49568856363166,427.8,5.1,67.6,4,0,100.0
Spider Plant,clay,small,young,39.7,20.2,75.0,459.0,5.8,36.7,2,0,100.0
Snake Plant,clay,large,young,51.6,28.4,81.9,977.7,8.3,51.1,2,0,96.2
Spider Plant,loamy,large,seedling,31.2,35.5,69.4,402.5,6.9,32.4,2,1,81.2
Areca Palm,loamy,medium,young,33.7,34.5,28.4,362.3,4.5,54.0,2,1,80.9
Areca Palm,sandy,medium,young,70.6,37.7,93.4,440.8,5.7,41.7,3,0,93.8
Tulsi,sandy,medium,mature,36.2,16.1,82.7,594.7,5.8,28.8,4,1,87.1
Spider Plant,loamy,medium,young,46.3,32.0,44.9,478.2,5.4,48.0,2,0,100.0
Money Plant,clay,small,seedling,52.6,17.4,78.1,526.7,5.1,48.1,2,0,84.0
Snake Plant,loamy,large,seedling,33.0,30.9,75.4,308.9,4.4,28.6,2,0,93.4
Monstera,clay,large,seedling,45.8,36.2,74.7,192.7,2.6,60.0,5,1,61.0
Areca Palm,loamy,large,young,53.7,30.5,58.0,358.7,4.0,45.6,4,0,98.1
Snake Plant,sandy,large,young,17.4,33.5,72.2,875.2,7.7,28.0,2,1,97.5
Money Plant,sandy,large,mature,37.4,37.2,84.3,554.0,5.3,25.0,4,1,86.7
Areca Palm,loamy,medium,young,61.7,31.3,35.0,567.5,4.0,50.6,2,0,100.0
Fern,sandy,medium,mature,70.0,30.6,82.77161881373931,381.5,4.4,25.0,5,0,100.0
Areca Palm,loamy,medium,mature,54.0,31.5,61.2,422.2,4.9,24.5,4,0,100.0
Jade Plant,clay,medium,seedling,12.7,32.3,42.4,990.2,7.5,49.9,1,0,90.1
Snake Plant,clay,medium,seedling,21.0,16.3,72.5,430.2,6.4,7.9,1,0,76.2
Jade Plant,loamy,medium,young,20.0,21.2,30.5,459.1,6.8,37.1,1,0,100.0
Fern,clay,small,mature,66.7,18.7,82.03256118585715,529.6,4.1,4.8,3,0,100.0
Snake Plant,sandy,medium,mature,27.7,30.6,39.9,1097.7,8.0,6.2,1,0,100.0
Money Plant,clay,small,young,38.9,29.7,76.8,508.5,6.1,48.8,2,1,82.1
Monstera,clay,small,mature,70.4,18.7,94.88659022449994,100.9,2.8,68.0,5,0,100.0
Fern,sandy,large,young,46.8,29.3,89.74036378453872,482.2,4.8,36.8,3,1,96.4
Monstera,loamy,large,seedling,46.0,21.6,91.8,159.3,3.9,28.5,5,1,99.9
Tulsi,sandy,large,mature,40.9,27.6,32.2,477.5,5.9,44.1,4,0,100.0
Areca Palm,loamy,large,mature,43.2,26.4,37.4,508.1,4.4,69.2,3,0,100.0
Spider Plant,loamy,medium,young,29.6,17.9,76.2,440.0,5.2,1.1,2,0,91.3
Fern,loamy,large,young,73.0,19.4,87.36035225375649,499.5,4.5,38.3,3,0,96.4
Areca Palm,sandy,large,young,41.5,34.4,49.5,530.4,6.9,32.4,4,1,96.3
Snake Plant,loamy,medium,seedling,26.6,23.7,38.7,1095.6,8.1,19.1,2,0,97.3
Jade Plant,loamy,medium,young,5.4,17.7,50.5,713.4,8.9,65.6,1,1,74.1
Jade Plant,sandy,large,mature,31.5,26.3,60.8,629.9,7.8,5.1,1,0,97.8
Areca Palm,sandy,small,seedling,40.9,16.1,40.7,324.3,4.7,42.4,2,0,79.5
Jade Plant,clay,large,young,18.4,34.2,48.8,1177.2,9.9,48.0,1,1,84.1
Spider Plant,loamy,small,mature,19.8,36.4,35.5,365.7,6.2,36.8,2,1,92.4
Snake Plant,sandy,small,young,38.7,24.7,32.2,466.3,6.7,18.0,2,0,100.0
Aloe Vera,sandy,large,seedling,24.7,32.5,55.0,1100.9,9.3,25.6,1,0,88.1
Fern,sandy,medium,seedling,63.9,29.5,82.77481931042637,118.8,3.7,40.6,5,0,94.0
Snake Plant,sandy,large,mature,47.7,32.5,92.8,859.9,7.6,67.7,1,0,96.5
Tulsi,clay,large,young,52.5,28.7,66.1,555.5,6.7,51.7,2,0,98.8
Tulsi,loamy,medium,seedling,61.9,23.6,60.7,586.2,5.1,9.4,4,0,95.6
Tulsi,loamy,medium,seedling,36.3,18.3,39.9,540.4,6.4,65.0,2,1,76.2
Money Plant,loamy,large,young,36.5,20.4,40.9,400.6,6.0,69.1,2,1,87.8
Fern,sandy,large,young,63.5,20.5,80.0,280.8,3.4,26.8,3,0,100.0
Peace Lily,clay,small,seedling,62.0,36.9,79.7,296.8,3.4,41.3,4,0,83.9
Fern,loamy,large,young,72.0,21.0,79.9,380.0,5.4,18.1,4,0,96.4
Spider Plant,clay,large,seedling,16.7,17.7,87.3,950.0,7.3,63.4,1,1,61.9
Snake Plant,sandy,medium,mature,52.1,24.6,89.0,1190.5,7.0,0.3,2,0,96.0
Jade Plant,loamy,small,seedling,6.6,31.9,81.0,680.1,8.8,25.0,1,1,71.8
Money Plant,sandy,large,mature,71.6,16.7,40.2,373.8,6.0,38.2,4,0,90.4
Peace Lily,clay,large,mature,64.3,33.0,76.72094595871313,140.1,3.5,3.9,4,0,100.0
Peace Lily,loamy,large,mature,46.7,30.6,60.67405875624547,580.1,4.7,14.6,3,1,100.0
Monstera,sandy,large,young,50.0,16.3,88.02710820348858,522.2,5.4,22.8,5,1,85.5
Snake Plant,loamy,small,young,34.9,22.4,64.4,508.6,6.0,67.3,1,0,96.0
Tulsi,clay,small,seedling,43.6,30.1,73.8,580.4,4.3,66.7,4,0,89.2
Areca Palm,clay,medium,seedling,47.3,21.1,75.0,325.4,5.2,10.9,3,0,100.0
Monstera,clay,large,seedling,53.5,18.8,76.2,307.5,4.1,36.0,3,1,86.0
Tulsi,loamy,large,seedling,61.3,35.1,25.1,578.9,5.9,7.6,2,0,82.6
Snake Plant,sandy,small,seedling,52.1,34.3,91.1,551.7,6.5,19.1,1,0,93.3
Money Plant,sandy,small,mature,43.5,26.8,75.5,436.4,5.4,54.6,4,0,96.2
Tulsi,clay,small,young,62.2,20.7,43.1,552.9,6.9,37.1,4,0,97.4
Peace Lily,loamy,large,mature,64.2,33.8,76.64369069813802,151.0,2.0,63.2,3,0,100.0
Peace Lily,sandy,large,young,56.2,28.0,88.06360496579157,364.1,4.8,6.6,4,0,95.7
Monstera,clay,small,seedling,77.7,35.1,91.64641341809397,414.6,5.6,58.6,5,0,84.9
Jade Plant,loamy,small,mature,25.2,30.4,73.6,489.8,6.2,11.0,1,0,84.9
Fern,clay,medium,young,69.0,25.6,61.61047970994403,294.4,3.7,67.3,5,0,100.0
Money Plant,sandy,small,seedling,49.6,37.7,83.3,435.6,6.2,16.8,2,0,78.7
Fern,loamy,medium,mature,71.4,20.6,84.17154683797312,125.0,3.6,28.0,4,0,97.5
Peace Lily,loamy,medium,mature,78.3,29.8,79.4,196.0,2.9,35.7,5,0,97.3
Monstera,loamy,large,seedling,53.5,19.8,74.2,403.0,4.6,47.1,5,1,98.4
Jade Plant,clay,large,young,16.2,29.9,28.3,826.8,8.6,3.8,1,0,100.0
Fern,loamy,medium,seedling,78.4,26.1,78.73833107741244,367.8,4.9,38.5,3,0,97.7
Money Plant,loamy,small,young,66.7,28.1,49.4,568.2,4.8,26.6,4,0,100.0
Money Plant,sandy,medium,young,60.2,31.1,87.3,533.1,4.5,26.8,2,0,100.0
Snake Plant,clay,large,young,40.9,35.5,38.5,383.8,4.6,29.5,2,1,88.1
Money Plant,loamy,small,seedling,50.9,25.7,91.5,486.0,6.8,2.9,4,0,97.5
Monstera,clay,large,mature,83.3,34.0,86.13400828378836,274.3,2.4,46.9,4,0,97.7
Areca Palm,clay,large,mature,55.5,29.3,79.7,536.3,5.2,63.3,4,0,97.0
Snake Plant,loamy,small,seedling,16.2,34.3,63.2,427.0,4.2,61.2,2,1,74.4
Jade Plant,clay,small,young,11.2,30.2,85.8,622.3,7.6,61.4,1,0,88.8
Fern,sandy,medium,young,49.2,30.3,80.6,459.7,5.5,14.8,3,1,95.2
Jade Plant,loamy,small,young,9.6,36.6,37.3,1141.9,8.4,14.5,1,1,92.6
Jade Plant,loamy,large,mature,26.4,33.1,93.7,1073.3,8.0,25.0,1,1,82.2
Areca Palm,clay,large,young,59.9,25.9,50.0,576.9,6.7,66.2,2,0,95.9
Fern,sandy,large,mature,54.8,37.7,76.5505398062258,163.2,3.6,42.5,5,1,88.4
Aloe Vera,clay,large,mature,11.5,26.1,90.2,633.0,7.3,45.4,1,0,83.6
Fern,clay,medium,young,78.5,23.0,67.48700176274947,436.6,5.3,7.1,3,0,100.0
Money Plant,sandy,large,mature,48.7,23.9,38.3,322.8,4.2,1.1,3,0,96.4
Areca Palm,sandy,medium,seedling,38.8,16.3,94.2,402.0,5.1,20.8,3,1,80.8
Areca Palm,sandy,medium,seedling,53.8,21.1,43.8,521.1,4.8,26.2,4,0,99.9
Aloe Vera,sandy,large,mature,33.5,24.1,72.8,952.3,7.6,19.8,1,0,83.8
Peace Lily,sandy,medium,mature,53.1,20.0,68.14421620129173,360.7,4.0,44.0,5,1,98.3
Peace Lily,loamy,medium,young,76.2,23.8,86.0,200.0,3.6,11.1,3,0,99.7
Tulsi,loamy,medium,mature,41.7,21.4,58.6,335.1,5.7,62.0,3,0,95.6
Fern,sandy,large,young,68.2,28.5,77.18418665163205,488.2,4.5,34.8,4,0,100.0
Tulsi,clay,large,mature,68.4,24.3,47.4,550.8,4.5,29.4,2,0,100.0
Aloe Vera,sandy,medium,young,29.6,30.3,69.7,649.4,7.6,14.7,1,0,100.0
Jade Plant,loamy,large,young,19.5,20.0,84.9,1010.9,9.5,21.0,1,0,86.1
Snake Plant,loamy,medium,mature,49.3,33.1,94.1,1188.4,7.7,1.5,2,0,97.6
Fern,loamy,large,mature,45.8,19.4,80.2,266.7,3.2,68.1,3,1,81.7
Jade Plant,loamy,small,seedling,19.4,25.5,79.7,986.1,7.4,69.6,1,0,84.0
Aloe Vera,loamy,small,mature,19.0,17.2,34.8,439.9,6.3,53.6,1,0,94.2
Money Plant,sandy,small,seedling,33.2,18.2,37.9,506.4,4.4,69.2,2,1,75.8
Monstera,clay,medium,mature,62.7,26.3,94.80722002706426,380.6,5.0,59.5,3,0,100.0
Tulsi,clay,medium,seedling,53.3,21.4,30.5,506.9,5.9,51.4,4,0,98.4
Spider Plant,clay,medium,seedling,44.6,37.0,94.8,872.8,8.9,33.3,1,1,84.2
Jade Plant,clay,large,seedling,22.1,29.3,32.9,1021.4,9.1,49.8,1,0,94.9
Aloe Vera,loamy,large,mature,8.6,34.7,85.9,874.7,7.3,53.3,1,1,69.8
Snake Plant,sandy,small,mature,49.0,21.2,50.1,382.5,5.3,59.4,2,0,100.0
Aloe Vera,loamy,small,young,3.0,33.2,41.7,608.4,8.9,35.3,1,1,100.0
Aloe Vera,clay,large,young,6.8,32.8,72.5,1148.1,9.6,69.3,1,1,66.0
Aloe Vera,clay,medium,young,22.1,28.9,55.5,881.0,7.0,8.1,1,0,99.7
Jade Plant,loamy,large,seedling,14.5,33.8,86.9,671.4,7.3,32.7,1,1,73.3
Monstera,loamy,large,young,62.0,25.5,81.10133935830815,477.3,4.8,69.2,5,0,98.1
Spider Plant,sandy,small,mature,54.0,29.3,61.4,704.4,7.4,1.1,1,0,100.0
Money Plant,loamy,large,young,50.1,33.3,91.2,425.4,6.8,64.9,4,0,100.0
Aloe Vera,loamy,large,mature,30.0,32.8,56.4,1056.8,8.1,64.9,1,0,100.0
Tulsi,loamy,small,mature,49.1,27.8,52.6,333.6,6.7,67.7,2,0,98.3
Money Plant,loamy,large,mature,70.9,17.0,54.7,553.4,4.2,26.2,4,0,89.8
Snake Plant,clay,small,seedling,39.3,29.9,91.2,655.2,7.1,38.0,1,0,86.7
Aloe Vera,loamy,small,mature,25.6,35.7,31.7,505.4,6.2,14.0,1,1,90.3
Spider Plant,clay,small,seedling,45.0,34.9,52.1,400.9,6.0,24.6,2,1,90.0
Snake Plant,loamy,medium,mature,44.2,33.6,39.1,306.9,5.5,29.0,1,1,100.0
Aloe Vera,loamy,small,seedling,17.4,23.4,32.7,677.1,9.0,10.8,1,0,100.0
Areca Palm,loamy,large,mature,71.1,21.1,92.8,549.5,6.7,42.5,3,0,96.7
Tulsi,sandy,medium,mature,53.7,36.1,80.3,438.9,5.2,44.5,4,0,88.1
Tulsi,sandy,medium,mature,66.2,26.6,94.7,539.6,5.4,63.7,3,0,100.0
Aloe Vera,sandy,large,mature,31.7,30.3,72.2,545.4,6.6,34.0,1,0,89.5
Jade Plant,sandy,large,young,9.0,16.4,37.7,618.8,9.4,8.7,1,1,93.0
Aloe Vera,clay,medium,seedling,16.1,35.3,70.5,1188.0,9.9,60.8,1,1,48.2
Money Plant,clay,large,seedling,53.3,20.6,71.0,488.4,5.0,8.7,2,0,100.0
Aloe Vera,sandy,medium,mature,11.1,37.8,36.7,1152.0,9.7,11.8,1,1,88.3
Fern,sandy,small,mature,58.1,16.6,91.2,417.7,5.2,23.4,4,0,85.5
Snake Plant,sandy,small,seedling,42.6,15.0,59.3,663.4,8.9,50.3,1,0,80.8
Monstera,sandy,small,mature,51.5,15.7,77.37062766810388,117.7,2.5,7.1,4,1,87.5
Spider Plant,sandy,large,seedling,34.6,34.0,77.0,967.0,7.4,32.0,1,1,94.0
Peace Lily,loamy,medium,young,50.1,33.1,83.9,446.8,5.3,35.6,3,1,97.1
Money Plant,sandy,small,mature,42.2,19.4,25.0,526.3,6.4,49.2,4,0,95.9
Spider Plant,sandy,large,mature,16.8,26.9,70.2,482.9,6.2,55.2,1,1,80.2
Tulsi,clay,large,seedling,46.6,26.7,40.5,566.3,4.9,56.5,3,0,100.0
Snake Plant,clay,small,young,44.6,27.7,91.8,1137.8,7.2,50.1,2,0,99.1
Snake Plant,loamy,small,seedling,46.0,16.7,43.2,319.2,4.6,46.9,2,0,77.9
Aloe Vera,loamy,medium,seedling,25.2,27.3,26.9,394.1,6.8,17.2,1,0,100.0
Aloe Vera,loamy,large,mature,6.3,33.4,59.3,821.3,8.4,71.9,1,1,85.8
Snake Plant,sandy,small,seedling,42.1,22.7,47.7,597.2,5.3,38.2,2,0,100.0
Monstera,loamy,small,mature,50.9,25.6,82.97385410735751,141.1,3.6,0.3,3,1,100.0
Monstera,loamy,medium,seedling,44.8,15.6,64.78830984057724,199.4,3.8,38.5,3,1,76.2
Peace Lily,clay,medium,mature,53.2,37.2,94.74158701611348,176.9,2.1,9.0,5,1,89.1
Areca Palm,sandy,medium,mature,46.5,34.2,91.6,419.5,4.7,4.3,3,0,100.0
Areca Palm,sandy,medium,seedling,47.0,32.2,75.8,388.4,4.8,18.3,4,0,91.2
Areca Palm,sandy,small,seedling,49.9,30.2,80.1,595.4,5.6,49.2,2,0,94.1
Fern,sandy,medium,seedling,55.0,30.2,67.03627600655483,553.5,5.9,60.7,4,0,88.0
Fern,loamy,small,mature,46.8,15.6,68.47421520516671,310.5,5.6,63.2,5,1,72.2
Snake Plant,clay,large,mature,30.0,33.4,38.7,514.1,4.0,69.0,2,1,89.5
Snake Plant,clay,small,mature,51.1,36.7,64.9,564.2,4.7,53.9,2,0,85.8
Aloe Vera,sandy,large,mature,24.3,24.5,32.3,929.8,7.5,13.5,1,0,100.0
Aloe Vera,clay,large,mature,24.5,32.6,82.7,879.8,7.4,22.2,1,0,88.5
Monstera,loamy,small,young,82.1,37.2,84.69186917516762,238.1,2.9,20.8,4,0,89.0
Areca Palm,loamy,large,seedling,63.5,26.5,71.0,543.9,4.4,26.5,4,0,95.8
Snake Plant,clay,small,mature,44.2,26.1,82.6,879.5,8.9,22.1,2,0,98.8
Jade Plant,clay,large,mature,14.8,35.0,46.7,320.7,6.7,64.3,1,1,81.0
Snake Plant,sandy,medium,seedling,34.9,20.7,77.0,1065.4,7.6,32.4,1,0,100.0
Spider Plant,sandy,large,mature,27.6,34.8,75.5,1158.9,8.7,57.2,1,1,84.5
Jade Plant,sandy,small,seedling,22.5,24.3,59.4,854.6,9.3,16.0,1,0,100.0
Spider Plant,loamy,small,mature,15.0,25.1,56.5,1038.7,8.4,24.0,1,1,100.0
Fern,sandy,small,seedling,76.7,36.1,68.5,373.2,6.0,29.0,3,0,77.7
Money Plant,sandy,medium,mature,37.2,28.2,30.5,347.7,6.9,9.0,2,1,95.5
Money Plant,sandy,medium,seedling,60.4,27.8,36.6,487.7,4.9,31.5,3,0,100.0
Peace Lily,loamy,medium,mature,70.8,20.7,69.10080020129242,279.0,3.4,12.0,4,0,95.7
Fern,loamy,small,mature,65.9,31.4,88.73595170146797,370.8,4.1,39.0,4,0,95.6
Aloe Vera,sandy,large,young,21.0,38.0,27.4,1021.7,9.7,63.7,1,1,79.8
Jade Plant,loamy,large,young,9.1,33.8,85.5,1017.5,10.0,29.8,1,1,86.0
Fern,loamy,large,seedling,48.7,19.0,85.8,248.2,3.1,61.9,4,1,81.3
Monstera,sandy,medium,mature,44.7,15.4,79.04635948880556,236.7,2.9,63.5,4,1,72.0
Fern,clay,large,seedling,53.3,37.5,68.2,339.4,5.6,56.2,4,1,64.5
Aloe Vera,sandy,medium,seedling,26.2,27.7,50.4,476.3,6.3,2.9,1,0,95.6
Aloe Vera,loamy,medium,seedling,29.8,31.4,63.4,697.4,7.9,12.9,1,0,91.4
Areca Palm,clay,small,seedling,53.6,28.1,89.7,544.3,5.5,39.6,3,0,100.0
Peace Lily,clay,small,mature,50.1,34.1,78.8,132.8,2.2,49.3,3,1,86.0
Spider Plant,loamy,large,mature,13.9,29.0,35.9,499.0,6.4,33.0,1,1,100.0
Snake Plant,clay,large,young,20.9,27.5,73.2,361.8,6.9,28.7,2,0,100.0
Peace Lily,loamy,small,young,51.9,22.6,91.22046782994653,111.5,3.8,59.7,5,1,84.9
Fern,loamy,small,mature,73.1,28.2,88.18864049693254,103.9,2.4,40.3,3,0,95.3
Snake Plant,sandy,large,mature,40.1,29.8,27.9,402.0,6.1,9.9,1,0,100.0
Aloe Vera,clay,medium,seedling,20.1,20.8,74.3,568.0,6.1,32.4,1,0,87.8
Tulsi,sandy,medium,young,65.7,34.8,58.8,442.2,6.9,47.2,4,0,97.5
Snake Plant,sandy,medium,seedling,42.1,18.8,41.2,473.7,5.6,38.5,2,0,92.0
Tulsi,loamy,large,mature,64.1,26.7,56.5,479.3,5.6,43.7,3,0,100.0
Areca Palm,loamy,medium,seedling,47.9,36.1,79.9,429.8,6.5,41.8,4,0,79.8
Snake Plant,loamy,medium,mature,47.5,35.7,74.2,1102.4,8.8,52.4,2,0,85.9
Monstera,loamy,medium,young,52.8,18.8,81.869718996291,327.9,5.0,51.9,4,1,84.8
Snake Plant,sandy,small,mature,42.2,36.3,55.1,609.0,8.5,58.2,1,1,71.1
Peace Lily,clay,small,mature,50.6,15.2,80.61592555418638,232.5,2.8,52.4,3,1,73.1
Areca Palm,clay,medium,young,71.1,34.1,51.6,566.0,4.4,38.5,3,0,98.8
Monstera,clay,small,young,84.1,15.8,70.73176923680437,348.9,4.9,1.9,3,0,91.7
Jade Plant,loamy,small,mature,29.0,17.1,58.1,828.4,7.2,6.4,1,0,87.3
Aloe Vera,loamy,medium,mature,15.8,32.4,45.7,1184.1,7.4,41.6,1,0,97.1
Fern,loamy,small,mature,46.7,19.7,89.5,431.8,4.8,64.7,4,1,81.9
Areca Palm,clay,small,seedling,54.5,22.6,86.5,428.1,4.7,64.0,4,0,100.0
Jade Plant,clay,medium,mature,20.9,17.3,93.0,997.0,9.7,69.1,1,0,71.3
Money Plant,loamy,large,young,63.3,28.2,60.5,441.5,5.1,20.3,4,0,96.0
Peace Lily,clay,large,seedling,61.5,23.2,78.94341215773923,498.4,5.8,6.8,4,0,100.0
Tulsi,sandy,large,young,49.0,17.5,59.4,377.2,4.9,60.0,2,0,92.7
Tulsi,clay,small,mature,74.0,23.7,49.1,542.7,6.1,14.3,3,0,96.1
Monstera,clay,large,seedling,72.1,28.3,90.32770970717084,205.5,3.9,14.2,5,0,98.6
Monstera,sandy,medium,seedling,67.9,22.4,86.14592763179142,375.6,4.5,26.3,4,0,97.5
Fern,sandy,small,mature,73.5,19.5,84.57847251068438,207.1,2.4,9.5,4,0,100.0
Fern,clay,small,young,71.7,23.9,61.10557496715367,304.1,4.3,39.4,5,0,100.0
Monstera,sandy,small,young,54.7,37.3,74.88389499344419,359.8,5.0,71.1,5,1,71.7
Fern,sandy,medium,mature,62.2,31.5,83.54289825973417,288.6,2.2,63.2,3,0,100.0
Aloe Vera,clay,large,young,19.3,37.2,29.6,1102.6,9.7,16.4,1,1,94.1
Spider Plant,clay,large,mature,32.9,37.0,91.0,362.1,5.5,6.4,2,1,86.7
Monstera,clay,large,young,45.3,23.8,67.8561141998497,133.8,3.9,20.4,5,1,98.1
Snake Plant,loamy,large,mature,48.8,17.4,28.8,534.7,4.1,56.5,2,0,86.9
Aloe Vera,loamy,large,seedling,29.8,22.5,91.9,859.0,9.1,52.0,1,0,86.8
Aloe Vera,loamy,large,seedling,11.6,36.1,62.0,1064.3,8.4,27.2,1,1,75.8
Jade Plant,loamy,small,mature,17.8,24.1,93.4,912.4,9.2,59.3,1,0,89.5
Areca Palm,loamy,small,mature,43.9,16.5,35.9,447.1,7.0,30.0,3,0,91.6
Tulsi,clay,large,seedling,50.7,37.0,87.7,480.2,4.5,27.5,2,0,80.3
Spider Plant,clay,medium,seedling,37.0,16.9,43.7,365.7,4.6,49.2,1,0,84.4
Areca Palm,loamy,large,seedling,35.6,36.2,36.3,494.6,6.5,47.4,3,1,82.0
Snake Plant,clay,medium,mature,52.2,26.0,84.2,423.2,4.7,43.0,1,0,95.8
Aloe Vera,loamy,small,seedling,12.3,21.4,59.7,403.7,6.7,50.0,1,0,98.0
Aloe Vera,loamy,large,young,30.6,19.5,83.7,350.1,6.6,5.1,1,0,84.8
Money Plant,loamy,medium,seedling,61.9,25.2,48.3,546.9,4.8,46.3,2,0,100.0
Snake Plant,sandy,medium,young,31.3,17.9,85.6,521.7,4.3,17.0,2,0,89.2
Fern,clay,medium,young,65.1,28.7,73.51814533905305,119.9,2.4,19.2,5,0,100.0
Tulsi,sandy,small,seedling,50.8,21.0,87.1,568.4,4.3,25.8,2,0,99.1
Spider Plant,clay,small,seedling,47.2,15.6,82.2,1038.6,7.1,65.0,1,0,77.6
Peace Lily,clay,medium,mature,77.1,30.4,86.7,445.3,4.7,66.2,4,0,100.0
Fern,clay,large,young,62.7,16.8,62.3,211.3,2.3,39.3,4,0,88.6
Monstera,loamy,large,mature,62.4,15.8,64.04765347084212,156.9,3.4,4.0,4,0,90.4
Aloe Vera,clay,small,seedling,10.4,31.0,50.2,1154.4,8.1,8.3,1,0,91.7
Snake Plant,clay,small,seedling,38.8,20.8,40.9,630.1,7.6,28.8,1,0,95.8
Aloe Vera,clay,large,seedling,23.9,18.0,61.3,1001.7,9.2,55.0,1,0,87.1
Fern,loamy,medium,mature,74.3,18.5,87.6050791876388,148.4,3.2,18.5,3,0,100.0
Money Plant,loamy,medium,mature,54.0,17.0,42.5,585.9,6.7,46.2,4,0,85.8
Areca Palm,loamy,medium,mature,71.0,38.0,84.5,320.6,6.4,32.3,4,0,86.8
Tulsi,loamy,medium,young,39.3,20.8,62.4,564.6,4.3,4.6,2,1,100.0
Snake Plant,sandy,large,seedling,31.9,21.2,27.8,857.8,8.7,55.1,2,0,99.0
Tulsi,clay,medium,mature,54.8,19.3,90.3,371.8,5.1,23.5,3,0,98.4
Jade Plant,clay,large,young,21.6,29.5,76.1,568.6,7.0,37.6,1,0,84.4
Monstera,sandy,large,young,49.3,30.2,69.82279223113089,276.5,2.4,31.9,3,1,98.5
Jade Plant,loamy,medium,young,33.6,25.7,40.4,335.8,6.6,0.6,1,0,100.0
Areca Palm,sandy,large,young,50.5,27.7,29.4,344.8,5.8,34.9,4,0,98.7
Areca Palm,loamy,small,mature,35.3,25.8,71.5,572.3,4.8,18.7,2,1,98.6
Peace Lily,sandy,small,mature,72.6,21.3,88.0287058251254,529.3,4.6,40.6,3,0,96.2
Monstera,clay,large,mature,46.8,25.1,93.14475201092024,211.2,4.0,71.3,3,1,84.9
Spider Plant,sandy,large,young,50.7,28.2,61.4,516.0,6.9,57.2,2,0,100.0
Spider Plant,sandy,large,seedling,48.0,27.3,47.5,1075.7,7.2,2.5,1,0,98.5
Aloe Vera,sandy,medium,mature,12.2,25.2,89.4,937.6,7.1,12.0,1,0,81.6
Money Plant,loamy,medium,young,69.1,31.4,26.4,585.6,4.8,19.0,3,0,96.6
Fern,loamy,large,young,44.1,24.4,63.635956620829496,527.4,5.4,26.4,3,1,100.0
Fern,sandy,medium,young,58.6,23.9,94.19096532352269,236.6,2.8,6.7,3,0,100.0
Fern,clay,medium,seedling,64.5,28.3,94.5,451.5,4.4,49.5,5,0,100.0
Spider Plant,sandy,large,seedling,24.1,37.0,66.2,397.4,5.4,63.5,1,1,66.7
Spider Plant,loamy,small,young,39.4,36.7,94.8,907.0,7.9,66.8,1,1,79.9
Areca Palm,loamy,large,young,59.8,28.7,58.4,583.9,5.6,55.2,4,0,99.3
Peace Lily,sandy,small,seedling,49.5,30.5,92.92824296831161,484.1,5.8,44.3,5,1,86.3
Fern,sandy,small,seedling,58.9,36.1,85.4,309.5,5.1,38.3,3,0,81.3
Aloe Vera,sandy,large,seedling,33.0,36.2,52.3,1185.0,8.5,15.7,1,1,83.9
Money Plant,sandy,small,seedling,35.7,26.9,25.8,528.3,5.0,34.2,4,1,95.1
Jade Plant,sandy,medium,mature,26.6,21.4,33.6,743.2,8.5,38.4,1,0,96.5
Monstera,clay,small,young,47.5,30.0,71.80913832792065,593.0,4.5,62.6,3,1,82.8
Jade Plant,clay,large,mature,22.0,25.1,31.5,845.7,9.8,68.2,1,0,100.0
Money Plant,sandy,small,seedling,60.9,27.0,63.0,493.7,5.9,69.8,2,0,100.0
Fern,sandy,large,young,54.9,31.6,77.16066687309684,343.3,4.7,48.6,5,1,89.9
Money Plant,clay,small,young,53.8,15.4,83.2,458.7,4.3,30.5,3,0,88.1
Aloe Vera,sandy,large,young,3.4,19.6,67.5,352.2,6.1,43.2,1,1,100.0
Snake Plant,loamy,small,mature,39.1,16.1,32.0,1147.9,8.5,28.1,2,0,87.2
Monstera,clay,medium,young,68.0,19.7,70.17777642457798,272.3,3.5,51.8,4,0,100.0
Peace Lily,loamy,large,young,67.8,19.9,68.78462231674541,260.8,3.0,53.0,4,0,97.9
Tulsi,loamy,large,seedling,37.1,31.7,34.0,422.9,4.6,51.6,2,1,79.3
Monstera,sandy,large,young,49.2,20.8,92.1,425.5,5.1,16.6,3,1,100.0
Spider Plant,sandy,medium,young,18.1,37.4,52.3,411.2,5.0,45.2,2,1,94.7
Aloe Vera,clay,small,mature,16.5,34.1,82.4,1123.7,7.8,61.8,1,1,69.8
Spider Plant,clay,small,mature,48.4,32.3,94.5,1046.2,7.5,45.2,2,0,96.7
Peace Lily,clay,medium,mature,62.6,22.8,86.8,525.4,5.8,17.3,4,0,99.8
Fern,clay,large,mature,44.3,33.5,83.01955168779871,150.0,3.3,38.7,3,1,96.4
Areca Palm,sandy,medium,mature,50.0,37.1,86.5,326.9,6.9,44.2,2,0,86.6
Fern,clay,large,seedling,65.3,18.5,92.09488113958227,500.4,4.8,21.0,3,0,94.3
Tulsi,loamy,large,mature,48.4,29.5,53.6,517.4,5.2,24.9,4,0,100.0
Money Plant,clay,small,mature,68.7,19.9,67.7,325.0,6.0,70.4,4,0,99.3
Jade Plant,clay,medium,young,16.1,33.9,45.9,1012.6,7.1,51.1,1,1,84.9
Tulsi,sandy,medium,mature,39.4,26.8,89.1,521.4,6.1,40.8,2,1,95.5
Jade Plant,loamy,large,mature,12.9,32.6,91.0,785.6,7.9,51.3,1,0,83.9
Aloe Vera,sandy,medium,mature,23.7,22.8,30.0,1028.2,8.1,35.1,1,0,100.0
Jade Plant,loamy,medium,seedling,30.6,16.4,51.2,321.4,6.6,36.9,1,0,81.5
Jade Plant,sandy,large,young,16.0,23.1,59.4,948.2,7.0,71.4,1,0,98.7
Money Plant,loamy,large,seedling,61.5,27.3,45.3,364.2,6.7,69.8,4,0,100.0
Tulsi,clay,medium,seedling,56.9,35.3,86.0,594.0,6.6,32.3,2,0,75.0
Areca Palm,loamy,medium,young,54.7,37.2,32.7,312.1,4.3,31.6,4,0,94.6
Monstera,sandy,small,seedling,63.7,19.6,94.84881218870362,245.8,2.3,52.3,4,0,100.0
Aloe Vera,loamy,small,young,7.8,23.3,43.1,688.4,7.0,19.8,1,1,100.0
Tulsi,loamy,large,seedling,72.4,27.0,79.3,361.8,4.9,39.3,3,0,100.0
Tulsi,clay,medium,mature,70.9,37.1,78.3,439.3,4.3,24.0,3,0,89.5
Fern,loamy,small,mature,46.3,23.5,93.30724456426758,131.6,3.4,70.4,3,1,83.3
Fern,clay,large,mature,62.8,29.0,77.0793774716967,268.9,3.1,0.7,4,0,98.8
Monstera,sandy,medium,young,47.2,30.5,78.80800623715854,227.9,2.9,5.1,3,1,96.2
Peace Lily,sandy,large,seedling,56.4,32.7,90.44149188600703,118.0,3.7,7.1,5,0,85.8
Aloe Vera,clay,medium,young,31.5,26.1,61.7,1088.2,7.1,55.3,1,0,100.0
Areca Palm,clay,medium,seedling,52.2,22.9,64.2,449.6,5.9,34.5,4,0,95.8
Aloe Vera,clay,medium,young,10.8,25.6,63.8,527.1,6.3,41.3,1,0,100.0
Areca Palm,clay,small,seedling,66.9,36.8,74.9,315.7,5.4,35.9,2,0,84.1
Areca Palm,sandy,small,seedling,41.0,20.8,83.4,345.3,5.2,29.5,4,0,100.0
Tulsi,loamy,small,mature,56.2,30.2,57.6,311.3,7.0,48.0,4,0,95.5
Areca Palm,clay,medium,mature,50.7,16.4,64.6,336.9,6.4,61.3,4,0,90.0
Peace Lily,sandy,small,mature,66.8,34.0,94.74039019389423,528.2,4.4,61.4,5,0,95.7
Fern,clay,medium,mature,56.6,16.7,75.8,272.6,3.0,38.3,3,0,93.7
Fern,loamy,medium,mature,60.1,20.8,65.47481183085442,253.2,2.3,68.3,4,0,100.0
Areca Palm,clay,large,young,46.0,37.9,92.4,517.3,4.1,60.5,2,0,94.8
Fern,loamy,small,seedling,79.8,36.4,71.6858725160257,303.8,5.6,35.3,5,0,76.2
Spider Plant,loamy,medium,seedling,52.1,15.1,50.1,353.7,4.9,44.4,2,0,76.8
Snake Plant,clay,small,seedling,18.1,33.6,72.0,1005.3,7.0,7.3,2,1,91.4
Spider Plant,clay,small,seedling,46.6,22.4,76.9,476.9,4.6,24.6,2,0,100.0
Snake Plant,loamy,large,young,45.3,21.2,58.6,885.6,8.4,40.4,1,0,98.8
Snake Plant,clay,large,seedling,50.7,36.6,70.1,504.1,5.8,58.8,1,0,81.9
Money Plant,clay,medium,young,42.0,25.4,69.6,437.3,5.3,66.0,4,0,95.7
Areca Palm,loamy,large,young,32.5,19.1,72.3,461.7,6.5,64.4,2,1,87.1
Snake Plant,loamy,small,seedling,18.5,28.7,38.3,412.3,5.0,54.5,2,1,88.8
Tulsi,clay,large,young,71.9,35.8,88.5,341.3,6.7,4.8,2,0,93.9
Monstera,clay,medium,young,48.2,17.4,73.35483868936677,380.3,4.6,40.9,4,1,90.1
Money Plant,clay,medium,seedling,38.1,20.0,66.1,377.9,6.1,54.8,3,1,81.5
Fern,loamy,medium,young,58.3,19.8,80.7112828259958,280.1,2.4,54.7,3,0,99.4
Aloe Vera,loamy,medium,seedling,17.9,36.0,38.6,430.5,6.5,52.5,1,1,67.1
Tulsi,loamy,medium,seedling,48.8,37.3,51.7,452.4,4.6,47.7,3,0,79.3
Money Plant,clay,medium,seedling,39.1,15.2,51.7,425.6,6.7,30.7,4,1,84.9
Aloe Vera,sandy,large,seedling,5.2,31.8,42.2,1037.1,9.4,70.5,1,1,78.4
Areca Palm,loamy,small,young,72.4,28.2,62.6,499.6,6.4,36.2,2,0,100.0
Aloe Vera,loamy,medium,mature,20.0,23.6,50.8,1074.5,8.4,64.5,1,0,97.1
Tulsi,sandy,large,seedling,45.1,18.9,64.8,470.3,4.5,13.5,4,0,88.3
Spider Plant,sandy,medium,young,12.2,20.1,61.6,1172.1,8.5,42.7,1,1,100.0
Tulsi,clay,medium,mature,64.5,33.0,86.8,556.1,6.5,29.5,2,0,99.2
Money Plant,clay,medium,mature,54.7,32.0,91.0,368.9,5.6,29.7,4,0,100.0
Fern,clay,medium,seedling,69.7,30.9,88.79407458397503,190.8,3.8,31.1,3,0,88.9
Money Plant,sandy,medium,young,43.6,30.9,29.3,463.1,5.8,26.6,3,0,98.5
Money Plant,clay,medium,mature,39.3,24.5,35.6,584.4,5.6,35.0,3,1,96.2
Spider Plant,loamy,large,seedling,49.2,28.1,64.3,1138.9,8.8,10.1,1,0,95.7
Fern,clay,small,young,49.8,29.5,93.67761788682198,268.5,3.6,36.8,3,1,98.8
Money Plant,sandy,small,young,35.0,20.3,58.1,516.5,6.0,47.4,3,1,99.0
Snake Plant,loamy,medium,young,27.7,25.0,88.6,738.2,8.6,57.1,1,0,100.0
Fern,clay,small,young,62.0,15.4,86.1,181.9,2.0,64.0,3,0,90.6
Money Plant,clay,medium,mature,71.4,22.3,87.5,353.7,5.0,50.1,3,0,99.4
Monstera,loamy,small,young,61.3,35.1,90.7,550.5,4.5,33.0,5,0,91.1
Monstera,clay,large,seedling,84.0,25.6,90.0,205.1,2.3,2.2,5,0,100.0
Money Plant,loamy,medium,young,68.2,33.0,72.1,378.5,4.9,23.9,4,0,96.5
Tulsi,sandy,medium,mature,44.1,27.0,84.6,423.5,6.8,60.8,4,0,100.0
Areca Palm,clay,large,young,37.2,35.8,91.2,382.4,5.2,50.0,2,1,75.8
Spider Plant,loamy,small,seedling,26.5,29.7,89.9,590.0,5.0,61.1,1,0,93.9
Tulsi,clay,large,seedling,64.9,25.2,69.5,344.0,6.2,60.9,3,0,98.3
Areca Palm,loamy,small,young,49.4,37.2,66.5,311.8,5.0,28.4,3,0,85.4
Spider Plant,clay,large,young,15.3,18.1,30.1,463.2,4.5,38.2,1,1,100.0
Monstera,clay,large,young,50.1,25.4,90.2417726769672,458.8,4.6,59.4,5,1,84.1
Spider Plant,sandy,small,seedling,50.6,28.2,53.6,512.3,6.8,3.6,2,0,97.6
Monstera,sandy,large,mature,83.1,30.3,91.0,563.9,5.1,4.5,4,0,96.2
Fern,clay,small,young,60.4,26.7,70.7794771525042,435.7,5.9,37.1,3,0,95.9
Peace Lily,loamy,small,young,68.6,16.5,93.28396449683555,342.6,5.0,70.7,3,0,89.5
Spider Plant,loamy,small,young,35.5,27.7,37.0,554.9,5.5,38.2,2,0,95.5
Monstera,loamy,medium,seedling,76.9,21.3,94.24387248123213,241.7,3.9,59.2,4,0,99.5
Aloe Vera,loamy,medium,young,15.4,19.6,38.7,464.6,6.0,13.4,1,0,100.0
Fern,sandy,large,seedling,49.9,37.3,87.11251124495163,561.0,5.8,12.1,3,1,75.8
Spider Plant,clay,large,mature,32.3,34.3,76.9,1067.4,7.9,19.8,2,1,100.0
Money Plant,sandy,small,mature,70.8,20.4,43.5,445.9,4.2,16.8,2,0,95.7
Money Plant,loamy,small,mature,63.6,26.2,26.4,401.6,6.6,14.9,4,0,99.9
Jade Plant,loamy,large,young,16.0,37.2,67.7,924.0,7.4,22.3,1,1,87.9
Money Plant,clay,medium,mature,68.8,34.2,67.8,441.0,5.6,42.4,3,0,100.0
Money Plant,sandy,small,mature,46.8,20.1,74.1,561.4,5.7,1.4,2,0,96.0
Peace Lily,loamy,large,mature,76.7,31.9,72.36465587743571,201.3,2.3,15.1,5,0,100.0
Jade Plant,loamy,large,mature,21.5,20.7,78.2,740.5,7.3,30.3,1,0,84.1
Monstera,sandy,medium,mature,82.1,25.4,84.5,471.1,4.1,35.8,4,0,95.5
Fern,clay,small,young,65.0,18.1,81.16561604959757,289.9,2.8,5.4,3,0,100.0
Monstera,loamy,medium,mature,66.2,31.0,93.72699501861928,576.3,4.4,60.8,4,0,98.3
Areca Palm,sandy,medium,seedling,58.6,21.5,44.9,405.5,5.9,10.8,2,0,100.0
Fern,sandy,small,mature,66.5,32.1,65.4396335182544,574.9,4.6,10.4,3,0,100.0
Fern,clay,medium,mature,67.9,17.3,76.90581384212548,259.3,4.0,12.7,4,0,90.1
Spider Plant,clay,medium,mature,40.6,33.9,91.2,302.9,5.2,64.4,2,1,82.4
Monstera,sandy,medium,young,46.4,21.1,81.43373914129832,587.5,4.2,65.3,3,1,82.5
Aloe Vera,sandy,large,mature,25.9,23.6,93.8,711.1,8.1,46.0,1,0,86.4
Peace Lily,loamy,large,young,76.9,33.1,78.84307453189861,493.7,5.3,24.0,3,0,96.9
Monstera,loamy,medium,young,55.1,31.0,77.8,134.6,2.1,65.0,4,0,97.8
Money Plant,sandy,small,young,46.3,19.5,78.1,301.4,5.6,16.1,3,0,99.8
Snake Plant,clay,large,mature,26.2,34.4,64.1,628.7,8.1,28.9,2,1,100.0
Tulsi,loamy,medium,mature,52.2,36.7,94.4,356.2,5.0,36.7,4,0,89.6
Peace Lily,clay,medium,seedling,77.6,18.7,70.82874325723726,582.7,5.0,45.9,3,0,91.9
Fern,sandy,medium,seedling,57.3,26.4,73.12259478654514,477.3,4.3,22.4,3,0,98.4
Spider Plant,sandy,small,young,17.7,21.7,87.9,708.4,8.2,7.8,1,1,100.0
Snake Plant,sandy,medium,young,37.1,19.6,43.3,588.1,6.2,61.1,2,0,100.0
Money Plant,sandy,small,young,36.0,21.2,89.0,370.3,5.8,46.2,4,1,100.0
Areca Palm,clay,large,young,33.4,34.0,57.6,533.5,5.5,71.3,4,1,80.2
Tulsi,loamy,large,seedling,50.5,28.8,34.9,487.0,5.1,52.5,2,0,100.0
Peace Lily,sandy,small,seedling,81.3,21.0,84.34076103424206,181.0,2.6,31.4,3,0,99.8
Money Plant,loamy,large,mature,40.2,24.2,81.0,416.6,6.8,38.8,4,0,100.0
Snake Plant,loamy,small,seedling,17.5,17.5,34.8,759.9,8.1,10.5,2,1,81.2
Snake Plant,sandy,small,young,25.1,30.8,39.5,370.0,6.0,0.4,2,0,95.3
Aloe Vera,sandy,medium,seedling,16.6,27.0,58.5,542.8,6.9,58.0,1,0,97.2
Monstera,clay,large,seedling,45.6,17.4,84.7,447.9,4.1,45.5,5,1,79.8
Snake Plant,loamy,medium,young,30.5,15.8,90.6,491.2,6.7,67.6,2,0,92.2
Snake Plant,clay,large,seedling,15.0,19.2,74.0,1065.1,7.4,48.5,2,1,88.8
Fern,sandy,small,seedling,49.5,25.0,86.8,251.1,2.4,21.5,5,1,97.5
Spider Plant,sandy,large,young,32.4,22.7,75.6,724.1,7.1,70.2,1,0,100.0
Money Plant,loamy,small,mature,71.6,30.0,53.3,517.6,5.0,4.0,3,0,100.0
Spider Plant,sandy,medium,young,34.3,37.0,48.6,969.6,7.4,19.2,1,1,90.7
Fern,clay,medium,young,54.4,27.6,94.19257945191788,445.4,5.4,11.6,4,1,98.2
Monstera,clay,large,seedling,83.7,21.5,86.83269623303724,560.1,5.8,25.1,3,0,100.0
Jade Plant,sandy,medium,young,28.4,32.7,53.1,1000.7,7.7,29.5,1,0,100.0
Fern,clay,medium,young,44.4,32.4,84.0,334.6,5.6,27.9,5,1,100.0
Money Plant,sandy,large,young,37.2,21.3,89.3,471.8,4.8,47.0,4,1,100.0
Money Plant,clay,medium,young,66.2,28.7,81.5,585.9,4.7,70.0,3,0,99.9
Snake Plant,loamy,large,young,52.8,28.7,62.0,404.3,5.0,42.4,1,0,100.0
Money Plant,loamy,medium,mature,69.5,23.9,29.2,406.3,5.0,6.8,2,0,100.0
Jade Plant,loamy,large,seedling,12.4,18.6,50.9,907.0,7.4,64.9,1,0,86.2
Peace Lily,loamy,large,mature,48.2,21.2,91.75958378871022,377.1,5.0,52.3,5,1,81.1
Money Plant,loamy,medium,mature,40.7,30.4,71.6,580.3,6.0,23.0,2,0,98.0
Money Plant,loamy,medium,seedling,67.6,32.2,65.6,555.7,4.6,12.6,3,0,85.3
Money Plant,loamy,small,mature,40.1,25.2,37.7,532.0,5.1,49.6,4,0,98.3
Spider Plant,clay,medium,mature,16.6,27.2,77.5,533.3,5.1,27.4,2,1,100.0
Fern,sandy,small,seedling,66.9,29.8,74.23535443489584,465.5,5.4,50.4,3,0,85.6
Spider Plant,clay,large,seedling,54.0,16.9,90.0,972.4,7.1,7.3,1,0,79.6
Aloe Vera,sandy,large,mature,20.5,30.2,53.1,895.9,8.5,49.9,1,0,98.0
Tulsi,clay,large,mature,40.9,17.8,66.2,425.2,4.7,43.7,2,0,88.6
Jade Plant,clay,large,young,24.1,28.8,46.4,397.1,6.5,7.6,1,0,99.9
Spider Plant,clay,small,young,47.0,34.9,60.9,475.2,5.5,1.0,1,0,100.0
Snake Plant,sandy,medium,mature,29.1,18.5,37.1,371.4,6.5,37.0,1,0,96.8
Areca Palm,loamy,small,young,39.6,20.3,67.1,432.1,4.7,5.3,3,1,100.0
Peace Lily,loamy,medium,young,78.6,27.7,71.46912397150568,358.5,5.9,6.9,5,0,96.1
Monstera,clay,large,mature,57.9,24.2,74.9135740506776,247.8,2.1,20.4,5,0,96.9
Aloe Vera,loamy,large,mature,27.1,32.0,86.1,880.3,8.5,3.5,1,0,87.8
Aloe Vera,sandy,medium,mature,19.5,28.1,84.6,990.6,9.6,56.7,1,0,80.1
Spider Plant,sandy,large,seedling,20.5,22.6,42.5,523.8,6.5,50.3,2,0,95.5
Snake Plant,loamy,large,young,26.0,32.1,90.9,906.1,8.4,5.9,2,0,100.0
Peace Lily,loamy,large,young,75.2,30.5,90.5,217.8,3.8,51.8,3,0,100.0
Fern,sandy,small,mature,58.9,24.4,88.31401332057254,204.6,3.4,52.3,4,0,100.0
Spider Plant,sandy,large,young,31.3,36.6,45.0,1007.4,7.8,32.6,1,1,88.4
Money Plant,sandy,medium,young,71.9,36.2,64.2,358.5,5.0,23.0,4,0,90.0
Jade Plant,clay,large,young,29.0,32.5,84.9,835.5,7.9,31.9,1,0,80.4
Tulsi,sandy,small,seedling,56.9,22.0,79.9,514.8,4.2,51.5,4,0,99.9
Money Plant,loamy,small,young,71.8,15.7,92.2,444.9,6.6,38.8,2,0,90.1
Jade Plant,sandy,large,mature,21.2,31.8,73.0,1062.7,7.7,8.3,1,0,89.3
Snake Plant,clay,large,young,14.6,27.8,73.9,944.7,7.3,40.2,2,1,96.0
Snake Plant,loamy,small,mature,41.8,37.8,44.0,854.4,7.1,1.4,2,1,93.4
Areca Palm,loamy,medium,mature,35.7,28.0,29.9,407.5,5.1,66.1,3,1,82.8
Spider Plant,sandy,small,mature,34.8,26.4,49.0,1170.2,8.5,60.3,1,0,99.1
Spider Plant,clay,large,seedling,22.0,16.2,34.1,691.6,7.5,56.5,1,0,83.2
Peace Lily,clay,small,mature,70.2,27.2,63.59803538719866,193.8,2.5,25.4,4,0,95.5
Monstera,loamy,medium,mature,64.3,16.2,78.3,387.2,4.4,50.1,5,0,88.9
Jade Plant,sandy,small,young,26.5,25.9,52.0,650.1,7.8,34.8,1,0,100.0
Aloe Vera,sandy,large,seedling,18.6,23.8,69.5,1102.1,8.6,22.0,1,0,98.7
Snake Plant,loamy,large,young,16.8,32.8,27.5,906.1,7.6,16.0,2,1,100.0
Jade Plant,sandy,small,young,30.5,27.8,42.7,369.2,6.2,4.5,1,0,97.8
Fern,clay,medium,seedling,55.2,37.9,92.8,398.1,5.3,21.7,5,0,76.2
Aloe Vera,loamy,large,young,31.9,15.4,26.7,606.1,8.2,22.0,1,0,90.3
Money Plant,sandy,large,seedling,49.1,35.9,54.6,417.2,5.9,64.1,4,0,82.6
Tulsi,clay,small,mature,71.1,29.0,67.9,518.4,4.4,70.3,3,0,98.1
Tulsi,loamy,large,mature,56.1,30.7,68.9,596.8,4.6,56.1,3,0,97.7
Money Plant,clay,small,mature,63.0,31.5,54.2,595.4,6.1,36.4,4,0,98.1
Peace Lily,loamy,medium,seedling,81.3,26.8,68.83441240159945,356.7,5.3,23.5,3,0,100.0
Money Plant,clay,small,seedling,48.5,22.7,39.9,440.9,6.6,21.4,4,0,100.0
Spider Plant,loamy,medium,seedling,37.8,18.7,25.5,435.8,5.8,42.3,1,0,89.4
Fern,sandy,large,young,61.9,16.9,84.7,195.4,3.2,15.3,5,0,89.5
Snake Plant,sandy,small,young,38.3,31.9,87.3,501.2,5.7,40.4,2,0,97.3
Aloe Vera,clay,small,young,26.6,32.2,72.9,812.0,8.8,18.3,1,0,89.4
Spider Plant,clay,medium,mature,44.4,21.3,52.5,432.2,4.7,14.7,2,0,96.4
Monstera,sandy,small,seedling,53.2,33.7,68.24648849419297,568.3,5.7,61.8,4,1,75.3
Money Plant,sandy,medium,young,48.9,19.2,42.1,483.0,4.8,13.3,4,0,100.0
Areca Palm,loamy,medium,seedling,59.2,17.7,41.7,501.8,4.9,26.7,3,0,80.6
Snake Plant,clay,small,seedling,44.3,26.4,87.9,454.8,6.2,66.2,2,0,97.7
Tulsi,sandy,medium,seedling,48.6,21.3,60.2,521.8,4.3,16.0,2,0,100.0
Monstera,sandy,large,young,45.3,23.8,85.5,527.2,5.5,45.4,4,1,100.0
Peace Lily,clay,medium,mature,50.3,30.5,75.8783486031963,254.9,3.4,44.3,5,1,100.0
Jade Plant,sandy,small,seedling,18.6,17.6,62.6,817.2,9.4,39.0,1,0,84.3
Jade Plant,sandy,large,seedling,14.1,27.3,32.1,312.0,6.3,66.7,1,0,100.0
Areca Palm,loamy,large,seedling,46.0,27.9,60.0,489.5,4.8,60.9,2,0,99.5
Fern,sandy,small,seedling,61.4,28.2,79.52460730915334,331.3,5.6,3.7,3,0,96.5
Areca Palm,clay,large,seedling,55.5,31.1,31.2,440.5,4.5,67.5,4,0,93.4
Peace Lily,loamy,small,mature,75.1,16.8,72.39474784383796,130.5,3.3,14.7,3,0,91.8
Aloe Vera,sandy,large,seedling,9.7,20.2,87.2,686.5,7.1,29.4,1,1,82.5
Monstera,sandy,small,mature,74.3,17.4,81.59854854263399,152.4,3.1,34.6,4,0,90.5
Aloe Vera,sandy,medium,young,6.2,35.5,56.2,910.5,9.9,49.1,1,1,77.6
Jade Plant,loamy,large,young,8.2,33.3,26.3,1178.8,9.3,22.5,1,1,100.0
Monstera,clay,medium,mature,60.8,17.5,77.33404799943622,577.3,4.4,66.4,5,0,89.8
Areca Palm,loamy,small,seedling,36.8,25.0,68.3,462.5,6.4,53.5,3,1,89.2
Spider Plant,clay,medium,seedling,32.3,29.8,88.1,433.9,5.1,51.4,2,0,89.5
Areca Palm,clay,medium,mature,55.4,20.0,80.5,485.5,6.0,62.0,2,0,97.0
Aloe Vera,sandy,large,young,8.0,32.4,56.4,770.0,9.5,29.1,1,1,100.0
Tulsi,sandy,small,seedling,65.4,22.5,46.1,485.6,6.5,62.8,4,0,97.0
Jade Plant,loamy,small,young,15.3,24.5,32.2,835.9,9.5,69.7,1,0,95.0
Monstera,sandy,medium,mature,51.4,29.3,76.04136809065673,460.3,4.4,58.7,4,1,83.1
Snake Plant,loamy,medium,young,38.1,23.6,52.1,783.7,7.2,70.5,2,0,97.5
Money Plant,loamy,large,mature,37.4,28.8,28.8,413.8,4.2,21.1,3,1,100.0
Aloe Vera,loamy,large,young,16.0,30.0,72.7,769.0,9.7,46.3,1,0,85.3
Jade Plant,clay,medium,seedling,15.7,21.9,77.8,491.9,6.6,11.4,1,0,81.0
Money Plant,loamy,medium,mature,38.9,34.3,28.2,424.9,4.2,33.2,3,1,100.0
Snake Plant,loamy,medium,young,44.3,25.5,86.3,327.8,5.5,19.1,1,0,99.9
Jade Plant,clay,medium,seedling,25.0,22.5,85.2,837.8,9.4,24.2,1,0,83.2
Tulsi,sandy,small,young,66.2,29.9,32.9,405.2,6.3,27.2,4,0,99.3
Jade Plant,clay,small,mature,5.4,22.5,55.1,826.6,8.6,24.9,1,1,100.0
Peace Lily,clay,large,seedling,46.2,28.5,89.6,290.6,2.2,38.3,5,1,96.3
Snake Plant,sandy,medium,young,47.4,21.3,71.4,440.5,4.2,10.0,2,0,99.6
Peace Lily,sandy,medium,mature,70.0,16.6,72.39628269549111,442.8,4.9,17.5,3,0,91.5
Tulsi,loamy,medium,young,54.0,20.8,35.5,411.2,4.1,33.7,4,0,95.7
Fern,sandy,large,mature,54.3,21.9,69.49789046423808,113.1,2.8,63.6,4,1,88.7
Money Plant,sandy,large,young,53.1,31.6,72.4,535.0,5.7,20.1,3,0,100.0
Areca Palm,clay,small,mature,39.8,28.2,93.1,550.3,6.9,30.3,3,1,100.0
Fern,sandy,large,seedling,66.4,32.3,68.7211788129705,549.5,5.4,64.0,4,0,94.4
Areca Palm,sandy,medium,mature,48.2,22.4,78.4,595.1,5.6,46.8,3,0,100.0
Money Plant,loamy,large,mature,42.4,26.0,66.4,469.5,5.3,35.4,3,0,95.6
Fern,clay,medium,seedling,74.9,31.9,61.97620466490503,593.1,5.6,60.6,4,0,90.4
Spider Plant,clay,large,seedling,46.9,29.6,93.6,371.0,6.0,13.2,1,0,87.8
Tulsi,loamy,large,seedling,34.3,19.9,85.7,570.3,5.5,61.3,4,1,83.6
Peace Lily,sandy,small,young,52.2,36.5,64.14033860772943,590.0,5.5,51.5,3,1,75.7
Money Plant,sandy,small,young,43.9,28.8,62.5,318.0,5.0,62.4,3,0,98.6
Jade Plant,loamy,small,seedling,18.5,36.4,45.3,1136.9,7.7,49.5,1,1,61.1
Spider Plant,sandy,small,young,40.8,19.9,57.3,596.0,5.1,11.4,2,0,95.1
Monstera,clay,medium,seedling,47.3,22.3,91.6843244196945,270.0,2.5,43.3,3,1,100.0
Tulsi,sandy,medium,young,51.6,15.9,84.0,599.4,6.9,33.8,4,0,86.9
Aloe Vera,loamy,medium,young,6.0,23.4,38.7,617.2,7.2,70.9,1,1,87.3
Fern,loamy,large,young,67.2,22.9,91.7,369.3,5.9,36.0,5,0,97.6
Tulsi,clay,large,mature,68.0,26.0,58.2,437.6,6.3,0.8,2,0,99.9
Aloe Vera,loamy,large,seedling,15.0,27.3,30.9,814.4,7.9,32.3,1,0,97.3
Fern,loamy,medium,mature,66.8,22.9,82.01378097517963,389.8,5.4,50.9,3,0,100.0
Tulsi,sandy,large,mature,42.2,25.6,48.9,499.3,5.8,29.1,2,0,100.0
Money Plant,sandy,small,seedling,57.2,35.7,48.8,486.3,5.6,53.2,4,0,81.9
Jade Plant,loamy,medium,seedling,18.7,21.5,61.2,1115.0,8.4,70.1,1,0,97.0
Tulsi,clay,medium,young,68.0,37.1,90.6,312.0,5.1,57.8,3,0,91.3
Monstera,loamy,medium,seedling,65.4,19.8,81.1,277.5,3.1,34.7,5,0,100.0
Fern,loamy,large,young,83.1,15.1,78.27466532471564,583.1,5.7,10.3,4,0,85.9
Fern,clay,large,mature,68.4,22.7,92.19955595865785,553.0,5.1,26.6,5,0,100.0
Spider Plant,loamy,medium,seedling,40.6,33.9,67.0,418.1,5.6,15.3,1,1,93.5
Money Plant,sandy,small,seedling,36.6,20.5,63.3,333.0,4.8,31.2,3,1,100.0
Money Plant,loamy,small,seedling,33.4,20.1,34.7,478.3,5.9,57.8,4,1,86.9
Monstera,loamy,large,young,81.9,32.3,94.28828691098744,256.6,3.6,27.8,3,0,95.4
Spider Plant,sandy,large,young,29.7,20.1,31.1,515.6,5.3,22.6,1,0,98.0
Areca Palm,sandy,medium,seedling,46.5,29.5,60.0,582.3,5.3,42.6,2,0,90.2
Jade Plant,clay,large,seedling,16.9,17.5,59.4,400.6,6.3,36.1,1,0,79.7
Snake Plant,clay,medium,mature,43.9,15.9,86.7,363.2,5.9,26.2,1,0,91.8
Peace Lily,sandy,small,seedling,44.7,15.8,77.41004803595514,520.7,5.3,43.7,5,1,77.4
Snake Plant,loamy,small,seedling,18.6,32.0,79.1,380.7,4.7,3.9,1,1,86.0
Areca Palm,sandy,small,young,58.9,37.7,43.2,509.8,5.9,55.8,3,0,91.5
Tulsi,clay,large,mature,54.7,36.6,89.1,421.1,7.0,67.1,2,0,85.9
Peace Lily,clay,small,seedling,67.2,27.5,92.0995671137888,509.7,4.2,41.6,5,0,100.0
Snake Plant,loamy,large,mature,46.2,37.2,58.9,579.0,4.6,43.6,1,0,94.3
Areca Palm,clay,small,young,71.4,21.9,44.0,593.6,6.9,45.2,4,0,100.0
Tulsi,sandy,medium,mature,55.4,31.8,63.9,302.9,5.1,29.6,3,0,100.0
Tulsi,sandy,small,young,60.2,21.2,46.3,402.8,6.2,59.4,4,0,96.4
Peace Lily,sandy,large,mature,82.7,19.3,78.8,469.7,4.6,20.9,5,0,100.0
Peace Lily,loamy,large,young,67.7,20.4,85.24927926610107,559.3,5.9,2.7,3,0,99.9
Tulsi,clay,medium,seedling,49.8,36.1,44.6,596.6,4.6,37.4,2,0,83.5
Monstera,clay,large,seedling,69.2,15.6,79.40556177544069,243.4,3.5,10.8,5,0,78.5
Tulsi,clay,large,seedling,53.7,32.8,64.6,305.9,4.8,60.2,3,0,92.5
Spider Plant,loamy,medium,young,45.5,25.0,26.7,499.6,5.5,51.8,2,0,100.0
Areca Palm,sandy,small,mature,66.1,21.7,48.6,528.1,6.2,56.2,2,0,96.1
Areca Palm,clay,medium,young,48.3,36.6,61.1,546.3,4.5,59.8,4,0,91.4
Fern,clay,medium,young,78.9,18.7,67.9,429.4,4.5,55.2,3,0,97.3
Tulsi,clay,small,young,68.0,27.1,39.9,487.8,4.4,56.2,2,0,100.0
Snake Plant,loamy,medium,mature,30.3,27.8,91.9,749.2,8.4,51.7,1,0,96.3
Snake Plant,clay,medium,mature,25.1,36.4,62.4,1103.0,8.1,2.6,1,1,90.5
Money Plant,sandy,small,young,66.1,33.2,75.6,310.9,4.1,44.2,3,0,100.0
Tulsi,clay,medium,seedling,63.6,32.7,69.0,369.7,5.4,65.7,4,0,93.9
Aloe Vera,sandy,small,young,11.8,34.6,80.0,1067.8,8.1,52.9,1,1,69.3
Jade Plant,loamy,small,seedling,12.2,25.2,75.0,584.2,6.9,70.9,1,0,81.5
Aloe Vera,sandy,medium,seedling,4.6,21.0,87.9,515.1,6.6,62.2,1,1,70.7
Peace Lily,sandy,medium,seedling,70.8,27.6,70.91159221566977,394.0,4.4,71.5,3,0,98.9
Spider Plant,clay,medium,mature,19.9,21.2,88.4,511.7,5.1,0.1,1,1,99.1
Aloe Vera,clay,medium,young,29.1,16.4,71.7,649.3,9.8,54.8,1,0,71.7
Tulsi,loamy,medium,seedling,39.8,19.0,46.8,301.7,4.0,63.9,4,1,82.3
Peace Lily,sandy,medium,young,63.5,27.5,91.0,290.9,3.9,14.5,4,0,100.0
Spider Plant,loamy,medium,seedling,40.2,31.7,58.7,931.4,7.1,17.5,2,0,93.4
Snake Plant,loamy,large,seedling,32.6,25.3,89.8,428.6,6.0,26.6,2,0,97.0
Areca Palm,clay,small,young,44.0,22.3,82.1,404.9,6.5,44.2,2,0,100.0
Money Plant,loamy,medium,seedling,57.7,33.0,60.7,467.8,5.9,6.3,2,0,93.9
Monstera,loamy,medium,mature,64.9,25.6,91.8,176.4,3.2,37.2,5,0,100.0
Snake Plant,loamy,small,young,15.7,29.2,38.8,821.2,8.4,50.2,2,1,86.4
Snake Plant,sandy,large,seedling,18.3,27.2,63.1,436.6,5.9,67.3,2,1,82.3
Spider Plant,clay,large,mature,45.4,30.4,94.0,423.1,6.9,11.8,1,0,97.0
Monstera,sandy,small,seedling,46.4,37.9,83.9,102.1,3.1,63.5,4,1,62.7
Monstera,sandy,medium,seedling,74.2,32.4,84.1,217.3,2.7,64.2,5,0,89.0
Areca Palm,loamy,large,young,57.7,24.4,33.7,313.1,5.1,41.9,4,0,100.0
Aloe Vera,sandy,large,young,13.8,28.6,90.7,960.6,7.9,34.8,1,0,86.8
Spider Plant,sandy,small,young,24.7,34.1,79.6,696.0,7.5,52.5,2,1,88.1
Snake Plant,sandy,small,mature,44.1,24.4,27.5,320.3,6.6,45.5,1,0,99.1
Tulsi,sandy,medium,young,67.4,34.0,31.1,510.3,4.2,19.7,2,0,96.1
Fern,loamy,large,mature,53.8,20.6,63.70457621489914,421.8,4.9,0.2,3,1,95.1
Fern,clay,large,young,48.0,20.1,71.46638298675276,215.9,3.4,65.8,4,1,82.2
Tulsi,sandy,large,seedling,46.3,24.7,94.2,307.8,6.7,34.4,4,0,100.0
Money Plant,loamy,large,young,45.5,24.6,89.6,384.3,6.2,31.8,4,0,100.0
Fern,clay,medium,seedling,46.2,20.9,61.63468524627345,403.3,5.4,59.1,3,1,83.2
Tulsi,loamy,large,young,50.2,20.1,52.4,516.3,6.2,54.9,4,0,98.9
Areca Palm,loamy,medium,young,50.4,32.8,27.1,323.4,6.8,52.3,4,0,98.1
Spider Plant,sandy,large,mature,28.6,22.6,36.5,359.3,5.3,22.5,1,0,100.0
Areca Palm,clay,large,seedling,36.5,35.4,49.1,321.8,6.6,49.1,4,1,60.4
Areca Palm,clay,large,seedling,45.8,35.2,83.9,484.8,6.1,26.5,4,0,81.5
Fern,clay,medium,young,56.4,34.9,77.35130074804574,495.6,5.2,15.4,4,0,97.5
Fern,clay,medium,mature,79.8,17.9,94.60665528633017,381.6,4.6,69.5,4,0,86.5
Aloe Vera,clay,large,young,18.6,15.9,69.1,1072.1,10.0,26.1,1,0,94.8
Aloe Vera,sandy,small,mature,15.6,19.4,32.7,609.6,7.2,56.2,1,0,96.3
Areca Palm,loamy,small,mature,42.4,21.5,25.4,400.6,5.5,11.2,2,0,98.5
Tulsi,loamy,large,young,49.7,17.9,40.5,539.7,6.1,61.2,3,0,85.5
Tulsi,clay,large,seedling,67.5,26.1,66.6,433.8,6.2,47.0,4,0,95.8
Snake Plant,clay,small,seedling,51.4,31.4,33.9,856.2,7.8,14.1,1,0,85.1
Tulsi,clay,large,seedling,62.8,23.0,74.7,475.1,5.6,34.2,4,0,100.0
Tulsi,loamy,small,seedling,40.9,30.1,74.8,367.7,5.8,41.5,4,0,87.3
Peace Lily,sandy,small,seedling,58.2,20.2,85.7,264.6,3.6,1.4,5,0,100.0
Peace Lily,loamy,small,young,76.4,37.6,82.85827962094004,115.7,2.4,47.6,4,0,86.5
Money Plant,sandy,small,young,55.9,30.6,36.5,595.9,5.6,41.0,4,0,100.0
Spider Plant,loamy,large,seedling,19.6,26.3,38.3,835.2,7.5,68.9,2,1,88.8
Money Plant,clay,small,seedling,44.3,21.1,27.5,546.2,6.0,40.9,4,0,100.0
Monstera,loamy,small,seedling,47.2,36.1,82.9,124.6,2.6,38.7,3,1,83.3
Monstera,sandy,medium,mature,59.0,36.4,83.9,542.9,4.7,58.5,4,0,94.5
Peace Lily,sandy,small,young,53.8,18.8,85.3,177.8,3.3,21.6,4,1,100.0
Jade Plant,loamy,large,young,16.2,30.1,61.5,468.4,6.7,63.4,1,0,96.8
Snake Plant,clay,small,seedling,25.4,35.9,34.3,596.2,4.6,59.3,2,1,62.3
Spider Plant,clay,small,seedling,35.4,27.6,75.6,1181.9,7.4,6.3,2,0,95.2
Spider Plant,sandy,small,young,33.6,33.4,83.4,523.7,4.1,64.3,2,1,86.2
Monstera,sandy,medium,seedling,66.1,34.5,75.6937793179337,217.6,3.3,69.4,5,0,90.5
Snake Plant,loamy,large,young,33.3,18.8,89.2,489.0,5.7,52.6,1,0,100.0
Fern,loamy,medium,young,74.6,28.2,78.27958364235663,143.7,3.9,70.2,3,0,100.0
Tulsi,clay,large,young,70.4,24.9,29.5,443.6,4.3,54.7,2,0,96.2
Peace Lily,loamy,large,mature,73.1,26.5,91.13028168331138,451.5,4.8,33.8,3,0,100.0
Fern,clay,small,mature,48.2,29.7,76.39846098080291,382.1,4.8,45.3,4,1,98.5
Monstera,sandy,medium,young,78.5,16.0,89.5,188.5,2.3,11.0,5,0,90.4
Peace Lily,loamy,medium,young,69.8,35.3,81.32794430066343,263.3,3.4,17.0,5,0,85.2
Aloe Vera,clay,medium,young,9.2,15.7,78.8,614.3,7.2,61.5,1,1,57.1
Areca Palm,sandy,large,seedling,61.4,16.0,60.0,492.1,4.8,16.8,4,0,83.7
Monstera,loamy,large,mature,68.8,19.9,86.607301495242,217.7,2.9,45.5,4,0,95.5
Jade Plant,clay,large,mature,16.5,19.3,71.3,893.1,7.2,18.0,1,0,87.5
Snake Plant,loamy,small,mature,19.0,15.8,43.7,853.6,8.2,58.8,1,1,76.4
Peace Lily,loamy,medium,young,79.6,17.4,71.0292906842146,224.3,2.1,68.3,3,0,93.4
Fern,loamy,medium,seedling,54.6,20.5,80.20867940303445,214.0,2.3,52.4,5,1,87.1
Monstera,sandy,small,young,54.9,25.6,93.17884092076832,222.2,3.1,49.9,3,1,83.1
Aloe Vera,loamy,small,young,29.2,33.1,76.5,714.2,8.8,26.5,1,1,89.1
Spider Plant,loamy,medium,seedling,20.2,15.6,66.8,487.0,5.8,57.1,2,0,81.3
Spider Plant,loamy,small,young,23.9,30.7,54.7,358.2,6.1,34.9,1,0,95.4
Areca Palm,loamy,medium,mature,39.9,34.1,85.4,453.0,5.6,32.3,2,1,100.0
Monstera,clay,medium,mature,79.5,21.7,64.2,121.0,3.7,17.3,5,0,97.8
Areca Palm,clay,small,seedling,37.8,33.5,65.6,562.2,4.3,0.1,2,1,90.7
Money Plant,clay,small,mature,35.0,32.1,35.8,365.1,5.9,43.7,2,1,98.6
Jade Plant,loamy,medium,seedling,4.9,27.6,40.9,1164.0,9.4,12.5,1,1,100.0
Snake Plant,loamy,large,mature,19.0,29.0,77.7,1092.4,8.3,58.9,2,1,85.1
Tulsi,clay,large,mature,60.8,28.9,92.7,592.1,6.4,56.5,2,0,100.0
Snake Plant,sandy,large,seedling,46.1,30.7,37.4,363.4,6.1,50.4,1,0,87.6
Aloe Vera,loamy,medium,seedling,13.0,29.7,26.3,1184.1,8.8,62.5,1,0,85.7
Fern,sandy,small,seedling,52.8,35.7,86.3,190.5,2.6,14.6,5,1,77.6
Snake Plant,loamy,large,young,26.0,22.0,29.0,593.6,6.5,25.5,1,0,100.0
Money Plant,clay,large,mature,56.8,23.3,68.9,343.1,4.8,20.5,3,0,98.7
Areca Palm,sandy,large,seedling,69.4,17.1,71.8,496.6,5.8,11.0,2,0,80.6
Monstera,clay,large,seedling,73.8,23.5,91.5,466.0,6.0,59.8,3,0,100.0
Fern,sandy,small,seedling,82.0,33.2,67.27698828996503,422.5,4.5,6.0,3,0,92.4
Money Plant,sandy,small,seedling,66.9,25.2,25.6,481.2,4.6,22.9,3,0,100.0
Money Plant,loamy,large,mature,72.9,35.3,31.9,321.2,4.8,6.5,3,0,85.4
Areca Palm,sandy,large,seedling,62.0,35.5,94.6,478.9,6.4,29.0,4,0,79.4
Jade Plant,loamy,small,mature,19.4,34.2,57.3,984.1,7.4,19.8,1,1,97.8
Snake Plant,clay,medium,young,20.2,16.4,55.1,612.8,7.0,48.6,1,0,86.5
Snake Plant,loamy,large,seedling,51.9,16.4,66.0,1078.3,7.9,29.3,2,0,83.0
Monstera,loamy,large,mature,52.7,18.0,62.03021802550185,275.0,2.2,9.2,3,1,100.0
Tulsi,loamy,medium,young,39.8,28.6,31.0,578.6,4.9,60.7,2,1,83.7
Monstera,clay,large,mature,65.6,31.2,78.99740793660936,569.4,5.9,8.3,5,0,100.0
Fern,sandy,large,mature,46.0,36.6,69.36279943074078,123.6,2.1,28.7,3,1,93.0
Peace Lily,clay,small,mature,63.5,20.5,81.44437763024779,488.1,4.7,58.1,3,0,100.0
Areca Palm,loamy,medium,mature,53.7,31.7,31.2,492.3,4.3,6.8,2,0,100.0
Jade Plant,clay,large,mature,23.7,26.6,68.2,961.8,7.6,53.7,1,0,100.0
Peace Lily,loamy,medium,young,64.0,34.4,67.4,245.4,3.2,19.5,4,0,100.0
Snake Plant,clay,large,seedling,19.5,20.0,71.3,565.8,5.2,16.5,2,1,97.1
Areca Palm,sandy,medium,seedling,44.0,26.4,65.3,481.1,5.6,36.2,4,0,97.0
Fern,clay,medium,mature,49.0,21.2,69.38168031537342,272.5,2.3,26.9,3,1,100.0
Snake Plant,loamy,medium,young,34.9,35.8,93.0,770.1,7.2,50.3,2,1,73.0
Money Plant,sandy,small,mature,36.4,21.3,92.7,470.5,5.5,19.3,2,1,100.0
Tulsi,clay,small,seedling,36.8,34.9,82.8,426.3,5.4,25.4,3,1,87.9
Aloe Vera,clay,medium,mature,10.7,17.5,40.7,976.5,8.4,68.4,1,0,94.7
Spider Plant,loamy,large,young,35.8,32.2,87.0,348.8,6.2,45.7,2,0,97.9
Areca Palm,sandy,small,young,36.5,29.1,56.5,348.8,6.4,27.1,2,1,100.0
Areca Palm,clay,large,seedling,49.2,26.7,83.2,423.5,4.1,59.9,4,0,99.3
Aloe Vera,sandy,medium,young,24.5,31.8,90.8,1159.6,8.4,44.9,1,0,89.3
Areca Palm,loamy,small,young,50.5,25.1,28.2,525.8,4.0,67.1,4,0,96.7
Fern,sandy,small,seedling,78.1,21.9,92.90558875557676,201.2,2.1,11.6,3,0,100.0
Aloe Vera,sandy,medium,seedling,30.0,24.2,89.1,868.5,8.9,12.9,1,0,81.2
Spider Plant,sandy,large,seedling,40.4,23.8,83.4,487.3,6.3,61.1,2,0,95.6
Spider Plant,loamy,large,young,51.7,25.3,80.5,463.3,4.8,55.6,2,0,96.6
Money Plant,loamy,small,seedling,50.2,37.1,68.8,470.2,4.1,11.2,4,0,83.6
Aloe Vera,clay,medium,mature,8.3,25.4,58.0,1088.6,8.5,36.2,1,1,96.5
Spider Plant,loamy,small,mature,33.5,31.2,46.2,554.7,5.2,51.0,2,0,97.8
Money Plant,clay,medium,seedling,55.6,26.2,60.3,322.1,4.7,15.4,4,0,100.0
Aloe Vera,loamy,medium,seedling,18.2,25.9,39.0,577.2,6.3,28.0,1,0,97.4
Fern,sandy,medium,young,78.4,28.7,78.3446467072588,139.5,2.0,39.0,5,0,100.0
Money Plant,clay,small,young,73.0,26.3,46.3,346.2,6.9,29.3,3,0,96.6
Jade Plant,sandy,large,seedling,13.7,20.2,79.7,869.0,7.3,18.4,1,0,82.9
Fern,sandy,medium,mature,50.6,29.9,87.69689206635844,152.1,2.7,16.9,4,1,97.2
Peace Lily,sandy,small,seedling,63.7,29.1,92.38426468375278,279.2,3.9,49.6,4,0,94.9
Jade Plant,clay,small,seedling,33.9,30.6,72.5,717.6,7.1,28.3,1,0,79.2
Fern,loamy,large,seedling,74.2,29.0,81.1537539857456,277.9,3.7,13.0,3,0,96.0
Tulsi,clay,large,young,52.3,36.9,90.4,389.6,4.8,23.7,4,0,88.5
Fern,sandy,large,mature,68.0,24.9,74.54143597105958,546.7,4.8,64.8,3,0,100.0
Monstera,clay,large,seedling,56.3,22.5,64.20100067470285,116.4,2.1,30.9,5,0,99.2
Fern,loamy,medium,mature,63.5,36.0,64.83614523605075,171.3,3.5,48.2,5,0,94.6
Jade Plant,loamy,large,mature,9.6,32.6,88.3,1103.1,9.3,44.1,1,1,86.2
Aloe Vera,sandy,large,young,30.8,19.1,89.7,802.1,8.6,6.0,1,0,87.9
Peace Lily,sandy,small,young,52.0,33.6,85.99456815343923,280.1,3.8,44.3,4,1,100.0
Snake Plant,clay,medium,mature,46.7,26.7,82.9,566.1,5.3,50.6,1,0,96.2
Aloe Vera,clay,medium,seedling,30.1,20.5,30.2,811.5,7.7,63.8,1,0,100.0
Peace Lily,clay,small,seedling,81.6,33.1,87.852552953443,168.0,2.8,54.2,4,0,87.1
Money Plant,loamy,small,mature,54.1,22.0,56.8,390.9,4.3,32.9,3,0,98.7
Aloe Vera,sandy,large,young,15.1,30.5,50.0,610.0,9.1,59.4,1,0,99.6
Fern,sandy,large,seedling,78.7,17.1,72.51225577239106,446.0,5.0,56.8,5,0,82.4
Tulsi,loamy,large,young,46.8,22.7,35.2,369.9,6.7,18.6,2,0,100.0
Areca Palm,loamy,medium,young,49.6,36.8,50.6,356.7,6.9,40.9,3,0,86.3
Fern,loamy,large,young,72.3,22.7,88.1,529.2,4.2,22.6,5,0,100.0
Spider Plant,loamy,small,seedling,38.6,36.9,62.3,529.6,5.7,32.4,1,1,83.2
Areca Palm,clay,medium,young,49.6,25.9,70.4,337.4,6.2,7.2,4,0,97.7
Areca Palm,loamy,medium,mature,63.0,22.4,66.8,419.3,4.0,26.0,4,0,98.7
Tulsi,sandy,small,young,59.1,15.7,60.5,430.3,5.2,67.8,4,0,90.3
Monstera,loamy,medium,young,56.2,17.0,82.04666761477009,350.3,5.2,68.6,5,0,89.8
Money Plant,sandy,large,young,34.3,28.7,79.7,345.6,5.8,70.1,2,1,83.2
Areca Palm,clay,small,young,55.8,27.2,43.9,462.0,5.8,61.4,4,0,100.0
Peace Lily,sandy,large,young,47.0,26.1,81.45888658042281,564.0,5.2,1.3,3,1,100.0
Monstera,loamy,small,seedling,61.6,20.1,85.4,255.2,2.3,64.5,3,0,96.0
Fern,loamy,medium,young,62.6,29.7,68.88239682184727,523.5,4.1,0.6,3,0,99.7
Aloe Vera,loamy,medium,young,12.7,33.4,61.5,858.1,7.5,62.2,1,1,89.2
Fern,clay,small,mature,53.1,26.7,84.28626311159202,555.9,4.6,18.1,3,1,100.0
Fern,sandy,large,mature,76.2,31.0,89.56084556417233,249.6,2.6,36.8,3,0,100.0
Spider Plant,clay,small,mature,14.7,25.6,52.0,993.3,7.6,37.7,2,1,97.9
Jade Plant,sandy,small,seedling,29.3,18.7,76.3,717.7,9.2,12.8,1,0,78.9
Peace Lily,loamy,small,mature,64.9,32.5,83.45635670599121,499.3,5.5,66.8,3,0,97.4
Money Plant,loamy,large,young,47.6,34.7,28.9,336.0,4.8,10.6,2,0,100.0
Areca Palm,sandy,small,young,38.1,21.7,31.1,315.3,5.6,23.3,4,1,99.6
Money Plant,sandy,large,young,36.7,21.1,50.6,388.5,5.6,8.4,4,1,100.0
Peace Lily,clay,large,seedling,46.1,30.0,81.644644361621,327.8,4.1,31.1,5,1,88.7
Peace Lily,sandy,large,seedling,43.7,22.6,75.63527701443569,205.7,2.6,36.7,3,1,96.8
Areca Palm,clay,medium,young,43.4,29.7,44.4,560.7,5.3,57.4,2,0,100.0
Spider Plant,loamy,small,seedling,14.0,20.5,26.8,1144.6,8.6,31.5,2,1,100.0
Tulsi,loamy,medium,seedling,53.0,17.5,85.4,457.1,6.5,67.2,2,0,77.9
Jade Plant,sandy,large,young,9.0,15.3,69.1,930.8,9.0,5.9,1,1,90.7
Monstera,sandy,small,seedling,63.4,24.1,74.5,560.6,5.4,47.1,4,0,100.0
Areca Palm,loamy,small,mature,46.5,24.6,46.2,316.1,5.1,60.8,3,0,100.0
Fern,sandy,medium,seedling,54.5,23.5,87.0,216.5,3.1,49.1,3,1,86.6
Snake Plant,clay,large,mature,37.7,26.4,40.8,438.8,6.9,32.5,1,0,96.3
Money Plant,sandy,large,mature,39.5,26.8,82.7,443.1,6.5,1.1,2,1,96.1
Jade Plant,sandy,medium,mature,25.5,27.7,57.4,562.6,6.8,60.9,1,0,99.2
Areca Palm,sandy,large,young,69.2,28.9,70.5,323.9,5.6,53.7,3,0,99.1
Money Plant,loamy,large,young,55.1,35.4,26.8,408.9,4.6,41.1,3,0,88.8
Aloe Vera,loamy,medium,young,26.8,23.9,77.6,731.4,7.4,38.9,1,0,84.4
Jade Plant,sandy,large,mature,25.7,22.7,45.1,714.5,7.8,33.0,1,0,100.0
Money Plant,sandy,large,mature,58.4,23.6,73.8,453.3,6.6,2.9,4,0,100.0
Monstera,clay,small,young,57.9,16.7,60.27060820846734,452.4,5.4,18.9,5,0,90.7
Snake Plant,sandy,small,young,32.8,23.4,52.6,886.9,7.5,18.6,1,0,100.0
Peace Lily,clay,medium,mature,73.6,32.7,85.29318782501313,142.7,3.5,9.8,3,0,98.5
Areca Palm,sandy,medium,young,36.7,20.9,38.3,378.3,6.5,6.0,3,1,100.0
Money Plant,clay,large,young,62.2,28.9,82.5,569.6,6.8,48.3,4,0,99.1
Monstera,loamy,small,young,63.8,34.1,73.8,397.2,5.9,10.4,5,0,100.0
Spider Plant,sandy,medium,seedling,32.4,33.3,94.0,506.6,6.1,18.6,1,1,87.6
Monstera,loamy,large,young,51.9,28.2,78.09659536938251,120.3,3.5,64.7,4,1,85.3
Peace Lily,sandy,large,seedling,45.1,35.4,92.0,534.0,4.7,2.0,5,1,75.2
Areca Palm,sandy,small,mature,46.5,23.4,86.1,449.4,6.6,26.4,2,0,96.4
Monstera,loamy,medium,young,46.0,34.1,90.5,178.1,3.7,30.9,4,1,99.4
Spider Plant,sandy,medium,young,42.3,32.7,26.2,507.7,4.7,11.0,2,0,100.0
Tulsi,loamy,medium,mature,59.0,27.1,92.5,412.9,4.8,20.6,4,0,100.0
Jade Plant,loamy,large,young,5.7,26.0,43.0,422.6,6.2,67.7,1,1,89.4
Money Plant,loamy,large,seedling,33.4,37.1,87.9,325.5,5.2,43.1,3,1,82.4
Monstera,loamy,large,seedling,47.2,19.4,74.8924338154214,152.0,3.9,66.4,5,1,84.7
Snake Plant,sandy,large,seedling,16.7,21.2,89.3,440.1,4.7,40.7,1,1,100.0
Peace Lily,loamy,medium,mature,70.7,25.9,79.21440574975315,194.5,3.9,35.9,4,0,100.0
Tulsi,clay,large,seedling,35.9,28.8,33.1,503.1,6.0,24.4,3,1,100.0
Jade Plant,loamy,small,mature,15.9,19.8,76.3,708.6,7.4,52.0,1,0,89.4
Peace Lily,clay,medium,young,75.6,16.9,64.96763484436394,534.1,4.6,20.2,5,0,93.2
Spider Plant,clay,medium,mature,35.5,23.2,91.0,344.5,5.4,23.6,1,0,100.0
Monstera,sandy,large,seedling,63.8,16.6,78.6,335.0,5.1,23.6,5,0,78.5
Tulsi,clay,small,young,40.1,29.4,46.0,381.8,4.4,6.5,4,0,100.0
Monstera,loamy,large,seedling,65.9,26.7,75.95487472086683,159.4,3.5,60.8,5,0,95.5
Spider Plant,clay,medium,seedling,19.0,21.4,79.4,598.2,6.1,69.3,1,1,81.3
Fern,sandy,small,seedling,50.6,34.8,62.15032227534056,531.1,5.9,18.9,5,1,92.5
Fern,sandy,small,young,63.6,20.3,89.23369177149894,551.1,4.4,30.4,4,0,100.0
Jade Plant,loamy,medium,young,31.8,31.0,81.1,998.2,9.1,31.2,1,0,85.7
Aloe Vera,clay,small,seedling,5.4,27.0,58.8,494.2,6.7,71.7,1,1,86.7
Money Plant,sandy,small,mature,60.4,18.2,69.7,497.1,4.7,52.8,3,0,97.1
Aloe Vera,sandy,medium,mature,22.8,15.9,83.2,497.8,6.6,6.8,1,0,75.7
Areca Palm,loamy,large,seedling,66.4,20.2,25.9,530.8,5.5,2.5,4,0,100.0
Tulsi,sandy,medium,seedling,67.7,30.1,90.8,323.0,5.0,38.0,3,0,93.3
Jade Plant,clay,small,seedling,8.6,16.9,77.4,754.4,7.6,18.3,1,1,62.9
Peace Lily,loamy,small,mature,79.6,25.7,78.08720951865317,368.1,4.1,3.6,4,0,100.0
Peace Lily,sandy,medium,young,49.4,23.5,81.18546008178448,466.6,5.2,43.6,4,1,99.0
Spider Plant,loamy,small,seedling,14.6,34.6,70.8,1008.0,8.0,11.8,2,1,90.6
Tulsi,clay,large,young,68.2,20.7,83.0,334.6,5.6,37.3,2,0,95.3
Fern,clay,medium,seedling,76.7,29.2,62.768199211756944,158.4,3.1,16.4,3,0,92.3
Monstera,loamy,medium,seedling,56.9,15.1,85.53125413342171,499.6,5.1,58.1,4,0,81.9
Jade Plant,loamy,medium,mature,15.7,24.1,26.5,476.9,6.2,53.5,1,0,98.7
Tulsi,clay,medium,seedling,69.8,28.8,30.8,447.0,5.4,68.9,4,0,100.0
Aloe Vera,loamy,small,mature,27.2,37.9,75.4,776.3,7.7,30.6,1,1,71.9
Aloe Vera,sandy,medium,mature,10.7,17.8,84.3,1090.3,7.2,2.2,1,0,76.1
Snake Plant,clay,small,young,24.4,15.6,72.7,1095.7,7.8,14.6,1,0,90.1
Spider Plant,sandy,medium,mature,15.3,32.5,26.3,342.6,4.8,54.3,1,1,81.5
Fern,loamy,large,mature,57.5,15.3,65.85098799002533,293.9,3.3,38.1,4,0,91.0
Tulsi,sandy,large,young,41.2,17.3,35.2,352.5,5.9,7.3,2,0,89.4
Aloe Vera,clay,medium,seedling,28.0,23.4,61.5,790.1,7.1,70.1,1,0,97.9
Money Plant,loamy,medium,young,42.5,31.6,84.7,407.0,5.3,26.5,2,0,100.0
Jade Plant,clay,small,mature,14.8,31.0,76.2,962.5,9.9,9.1,1,0,86.3
Peace Lily,loamy,large,mature,83.3,33.7,88.4041174855311,278.5,3.0,13.7,4,0,100.0
Aloe Vera,clay,medium,young,13.5,18.3,25.1,652.6,7.1,37.1,1,0,98.6
Monstera,sandy,large,mature,77.0,17.3,82.9,427.1,4.5,50.2,3,0,94.6
Money Plant,sandy,small,seedling,52.9,21.7,48.9,382.4,5.3,16.0,2,0,97.6
Tulsi,loamy,medium,seedling,59.3,20.0,80.9,584.9,6.8,40.2,3,0,100.0
Snake Plant,loamy,large,young,46.2,19.5,78.7,379.0,4.7,0.4,1,0,100.0
Snake Plant,loamy,small,young,37.4,33.5,27.3,474.7,4.3,51.7,2,1,87.9
Tulsi,sandy,medium,seedling,61.6,34.8,32.2,589.7,4.3,22.9,4,0,85.5
Tulsi,clay,large,mature,34.7,16.4,42.6,465.6,6.9,30.7,4,1,87.1
Tulsi,sandy,large,seedling,42.9,31.5,55.4,308.9,6.6,13.7,3,0,87.7
Peace Lily,sandy,large,mature,51.5,17.6,63.04321049252908,548.4,5.9,54.6,4,1,73.5
Money Plant,loamy,medium,young,63.2,25.2,49.8,483.1,4.3,30.0,3,0,95.8
Areca Palm,clay,large,young,59.2,25.4,45.4,596.6,4.3,37.8,3,0,95.4
Snake Plant,clay,large,mature,26.3,31.0,70.1,555.4,6.2,59.2,2,0,100.0
Snake Plant,loamy,medium,young,50.3,34.2,25.5,1145.8,7.8,35.1,1,0,96.8
Snake Plant,clay,medium,mature,23.2,21.2,41.0,842.6,8.6,51.6,2,0,100.0
Aloe Vera,loamy,large,seedling,17.6,21.7,87.7,725.4,9.9,2.0,1,0,85.2
Fern,clay,medium,young,71.7,34.4,93.2,130.8,3.5,19.3,3,0,96.1
Jade Plant,clay,medium,seedling,25.3,17.8,82.1,824.0,9.8,55.7,1,0,69.4
Monstera,clay,small,mature,45.0,34.1,94.76820998342278,295.4,2.7,11.4,4,1,98.2
Monstera,clay,small,seedling,47.9,20.5,93.4,196.6,3.8,20.0,3,1,96.2
Areca Palm,clay,large,mature,53.6,25.5,64.5,466.7,5.9,19.2,4,0,96.7
Tulsi,sandy,medium,mature,52.1,31.4,78.8,383.2,5.6,53.1,4,0,98.7
Monstera,sandy,large,young,65.7,31.6,91.23543365410927,549.3,4.9,0.6,4,0,100.0
Fern,sandy,small,mature,60.0,17.7,75.64554354559826,297.2,3.7,37.2,4,0,92.8
Jade Plant,loamy,medium,young,4.8,36.9,48.9,435.5,6.5,58.4,1,1,78.6
Fern,loamy,small,young,59.5,33.3,84.2,510.8,4.7,43.7,4,0,96.4
Money Plant,loamy,large,young,66.1,37.0,52.1,334.7,5.6,38.4,3,0,94.4
Jade Plant,loamy,small,young,21.0,26.7,92.3,912.4,9.1,5.9,1,0,83.5
Snake Plant,loamy,medium,young,35.7,33.6,71.4,666.9,7.2,33.6,2,1,96.5
Aloe Vera,sandy,medium,mature,11.4,15.6,33.6,911.5,7.2,13.5,1,0,85.4
Spider Plant,loamy,large,mature,47.5,30.1,29.0,315.1,6.7,17.4,2,0,98.4
Monstera,clay,small,mature,77.8,17.4,93.8069483423896,227.5,3.4,64.1,5,0,92.4
Monstera,sandy,medium,mature,56.8,16.3,75.2,189.4,2.4,65.3,4,0,90.0
Fern,clay,small,young,80.0,29.3,90.33801862338234,176.4,2.8,7.9,5,0,99.2
Jade Plant,loamy,large,young,21.5,15.1,81.7,779.5,9.3,70.9,1,0,72.3
Money Plant,clay,large,mature,44.1,30.5,87.7,452.1,6.1,25.9,3,0,95.3
Tulsi,clay,medium,seedling,56.8,24.9,54.1,477.6,4.9,19.8,4,0,100.0
Areca Palm,clay,medium,mature,50.5,19.2,68.1,494.9,4.8,38.1,2,0,97.7
Aloe Vera,clay,small,young,6.0,18.2,87.9,465.1,6.0,19.2,1,1,84.7
Money Plant,sandy,small,seedling,57.8,33.1,47.4,548.9,4.2,18.8,2,0,92.3
Money Plant,clay,small,young,52.9,24.0,30.0,599.6,6.7,63.3,4,0,95.8
Tulsi,loamy,small,seedling,50.3,35.2,42.1,385.5,6.0,47.5,4,0,75.4
Spider Plant,loamy,small,young,19.2,16.4,86.6,487.8,6.5,1.3,2,1,91.0
Snake Plant,clay,small,mature,24.2,19.1,62.4,428.1,5.4,13.2,2,0,100.0
Money Plant,clay,small,seedling,61.3,35.2,63.2,478.7,4.8,0.7,4,0,83.2
Spider Plant,clay,large,young,33.2,20.2,42.7,831.5,7.5,23.5,2,0,100.0
Jade Plant,clay,small,seedling,5.5,20.0,40.8,607.6,7.9,61.4,1,1,89.7
Monstera,clay,small,young,69.0,30.9,80.5,546.8,5.8,42.5,4,0,98.1
Monstera,sandy,large,young,67.0,28.0,71.01066745949055,270.4,2.6,48.8,3,0,95.0
Monstera,clay,large,mature,57.7,25.5,85.7,588.5,5.6,57.4,5,0,99.2
Spider Plant,clay,large,mature,15.1,24.6,56.1,880.6,8.9,64.0,2,1,87.4
Snake Plant,sandy,small,young,19.7,30.8,79.4,525.3,5.6,61.9,1,1,84.2
Money Plant,sandy,small,seedling,68.1,30.6,57.8,429.3,5.6,44.9,3,0,88.2
Monstera,clay,medium,mature,77.9,33.8,89.7,249.1,3.4,7.6,5,0,99.5
Spider Plant,clay,medium,mature,37.5,34.6,57.7,400.3,6.0,51.4,1,1,80.4
Tulsi,clay,medium,seedling,68.4,36.6,50.7,563.7,5.1,25.9,3,0,75.7
Jade Plant,clay,medium,seedling,26.2,22.3,80.4,866.1,9.8,34.8,1,0,83.9
Tulsi,clay,large,mature,62.6,22.9,30.1,507.7,4.0,0.2,4,0,96.8
Areca Palm,clay,medium,seedling,52.1,25.0,50.8,385.1,6.6,24.3,2,0,100.0
Tulsi,sandy,medium,young,61.9,33.6,67.2,337.6,5.1,29.0,4,0,100.0
Tulsi,loamy,medium,young,72.5,28.9,74.1,373.9,6.7,37.5,2,0,97.3
Snake Plant,loamy,large,mature,47.0,35.1,81.5,407.9,4.2,52.7,2,0,87.2
Aloe Vera,sandy,large,seedling,29.5,26.5,43.0,613.0,8.1,31.1,1,0,100.0
Money Plant,clay,large,young,68.0,22.1,58.6,583.1,4.1,53.1,4,0,96.6
Money Plant,loamy,large,mature,57.8,17.4,29.0,383.0,5.2,22.0,3,0,87.8
Snake Plant,loamy,small,young,51.8,22.4,45.7,1165.2,8.8,8.0,1,0,100.0
Areca Palm,clay,medium,mature,45.1,17.4,50.6,562.8,6.3,28.8,4,0,87.6
Tulsi,sandy,medium,young,46.5,16.9,30.3,569.4,5.5,60.9,3,0,91.1
Monstera,loamy,small,young,74.8,28.5,63.440303755093055,153.4,3.8,32.4,3,0,100.0
Fern,loamy,small,young,73.4,30.3,62.85058594867909,492.3,4.5,18.0,4,0,95.3
Money Plant,sandy,large,seedling,56.2,16.1,65.5,392.4,5.1,37.8,3,0,85.0
Areca Palm,sandy,medium,young,42.5,37.7,89.8,471.7,4.4,20.4,4,1,87.5
Tulsi,sandy,small,young,58.5,20.8,69.3,343.5,6.4,29.8,3,0,99.7
Snake Plant,clay,small,young,37.3,18.4,75.5,432.5,4.3,68.9,1,0,100.0
Monstera,loamy,large,young,53.3,17.2,84.4,488.8,5.1,45.9,5,1,92.4
Money Plant,loamy,large,young,35.7,25.4,25.0,372.8,6.3,2.8,2,1,97.9
Jade Plant,sandy,small,young,3.0,26.1,92.1,1031.9,8.2,42.1,1,1,86.5
Jade Plant,sandy,small,mature,11.9,22.9,78.6,838.9,9.8,29.5,1,0,86.6
Jade Plant,clay,small,mature,31.9,26.2,39.4,809.3,9.8,21.2,1,0,99.5
Jade Plant,loamy,small,mature,12.9,21.2,48.6,473.2,6.9,60.2,1,0,95.5
Peace Lily,clay,large,mature,49.8,16.4,86.61652965640026,215.1,3.0,63.8,5,1,71.3
Monstera,sandy,large,mature,61.6,26.1,94.50690827824604,521.7,5.8,2.5,3,0,100.0
Money Plant,sandy,large,young,38.1,30.1,73.6,409.4,5.1,27.2,2,1,99.9
Areca Palm,clay,small,mature,63.8,35.8,33.1,374.0,4.9,51.3,2,0,85.7
Spider Plant,sandy,large,young,35.9,31.0,59.9,598.0,4.4,53.7,1,0,98.8
Snake Plant,clay,medium,mature,18.4,34.4,61.3,550.7,6.7,57.5,2,1,84.3
Tulsi,clay,medium,seedling,44.4,29.2,54.9,404.3,5.8,48.2,3,0,88.8
Aloe Vera,sandy,medium,mature,24.0,26.8,68.4,943.0,9.7,24.0,1,0,96.1
Spider Plant,sandy,small,seedling,43.4,31.8,33.1,573.2,6.5,8.2,1,0,90.5
Jade Plant,sandy,small,young,8.9,24.1,50.9,815.6,7.6,1.0,1,1,100.0
Monstera,loamy,large,young,70.8,16.1,74.80285535227769,151.1,3.0,65.5,4,0,90.7
Tulsi,clay,large,young,63.4,24.2,90.8,337.8,5.1,40.5,4,0,95.8
Fern,loamy,small,seedling,78.9,17.9,68.42536411097143,283.4,3.3,18.5,3,0,80.3
Money Plant,clay,large,seedling,50.2,29.1,71.9,470.4,4.9,38.2,2,0,85.7
Fern,clay,small,seedling,49.4,36.1,83.3,334.8,4.5,43.7,3,1,79.7
Aloe Vera,sandy,medium,mature,31.9,30.3,94.5,965.7,8.7,23.1,1,0,88.7
Monstera,sandy,large,young,61.6,27.6,80.5650181079898,432.7,4.0,53.7,3,0,99.1
Areca Palm,sandy,large,young,56.5,33.8,26.5,340.6,6.6,39.7,3,0,98.2
Aloe Vera,sandy,large,seedling,25.0,27.9,75.2,743.1,7.9,53.9,1,0,82.1
Fern,clay,large,young,76.3,36.2,68.37383263739024,467.6,5.8,43.6,4,0,91.6
Tulsi,loamy,large,young,46.8,25.7,31.4,548.1,5.7,17.7,2,0,98.9
Spider Plant,clay,medium,young,33.4,22.7,62.4,838.9,9.0,27.0,2,0,98.9
Fern,loamy,medium,mature,56.9,31.7,65.03337328448094,576.3,4.8,43.9,5,0,100.0
Areca Palm,sandy,large,young,41.8,29.7,80.7,504.3,5.4,25.9,2,0,100.0
Areca Palm,sandy,medium,mature,41.5,23.2,48.6,332.9,6.0,41.4,3,0,100.0
Spider Plant,loamy,medium,mature,32.1,31.6,90.7,872.6,8.8,13.8,1,0,95.2
Areca Palm,loamy,large,young,52.2,34.0,44.1,306.3,6.7,12.9,4,0,100.0
Fern,sandy,large,young,44.1,22.5,85.26864332905699,548.1,4.7,36.9,3,1,95.8
Spider Plant,sandy,medium,young,36.9,26.4,25.5,904.2,7.2,17.5,1,0,95.8
Monstera,clay,large,young,67.7,28.8,64.6228267438223,124.4,3.6,62.6,5,0,100.0
Jade Plant,loamy,medium,mature,33.4,31.4,78.3,1018.1,7.1,31.7,1,0,88.0
Fern,loamy,small,mature,45.1,15.8,76.7381542486309,290.1,3.4,34.8,3,1,85.9
Monstera,sandy,small,young,72.8,24.2,83.2,382.3,5.5,16.0,4,0,100.0
Tulsi,clay,large,mature,60.7,22.9,58.9,414.5,4.4,55.8,4,0,99.9
Areca Palm,loamy,medium,seedling,71.7,15.4,34.4,427.0,4.7,2.7,2,0,82.7
Peace Lily,clay,small,young,73.2,20.1,65.4,552.0,5.6,5.2,5,0,99.9
Areca Palm,sandy,large,mature,44.1,27.7,86.7,514.8,4.8,15.6,3,0,100.0
Snake Plant,sandy,medium,seedling,50.2,30.0,72.7,660.0,8.1,49.6,1,0,90.9
Areca Palm,clay,medium,mature,66.2,27.1,37.3,589.1,4.0,53.6,3,0,99.3
Fern,clay,medium,seedling,76.8,34.9,68.78687617332133,556.5,5.2,61.5,4,0,86.3
Money Plant,sandy,small,mature,54.2,22.6,67.8,407.8,5.5,30.7,4,0,99.3
Money Plant,sandy,small,seedling,73.1,20.9,88.5,373.1,6.4,6.4,2,0,96.6
Fern,sandy,large,seedling,83.1,15.2,92.02610634107972,161.5,2.2,22.4,4,0,81.3
Money Plant,loamy,medium,young,59.7,19.5,60.1,417.5,5.0,67.8,3,0,98.2
Spider Plant,loamy,large,young,39.6,31.3,71.6,395.8,5.7,63.4,1,0,100.0
Spider Plant,clay,medium,young,30.5,23.5,43.9,1127.3,8.8,15.2,1,0,97.5
Monstera,sandy,large,seedling,58.8,29.5,81.47588819149416,154.8,3.1,59.9,3,0,92.0
Money Plant,sandy,small,seedling,48.1,29.8,61.5,465.4,4.8,64.6,3,0,86.7
Fern,clay,small,young,61.1,29.4,88.82786204369398,510.1,4.2,29.5,4,0,100.0
Fern,sandy,medium,young,77.3,36.4,82.4,318.1,4.1,11.8,4,0,88.3
Jade Plant,clay,small,young,21.3,16.0,69.9,495.2,6.6,27.3,1,0,88.9
Peace Lily,sandy,small,mature,69.2,37.8,68.88215218572542,257.9,3.7,23.9,4,0,94.4
Areca Palm,clay,small,seedling,62.8,37.7,84.9,424.5,6.8,17.2,2,0,78.1
Peace Lily,clay,small,young,74.4,28.3,77.63093607256948,181.5,4.0,15.4,4,0,96.8
Aloe Vera,sandy,small,seedling,15.5,31.9,72.6,697.1,7.4,53.3,1,0,72.1
Snake Plant,sandy,large,seedling,48.1,34.0,72.6,840.8,8.8,21.4,1,0,88.0
Money Plant,loamy,medium,mature,42.9,34.4,37.3,319.5,6.5,5.7,4,1,97.8
Tulsi,clay,medium,mature,70.2,22.6,34.5,466.0,6.9,65.6,4,0,100.0
Fern,loamy,small,mature,48.9,28.2,73.98069935438637,308.3,4.4,0.9,5,1,98.3
Peace Lily,loamy,small,mature,67.8,28.1,89.5,130.1,3.9,17.2,4,0,100.0
Aloe Vera,sandy,large,mature,19.9,25.9,54.3,333.2,6.4,63.3,1,0,95.9
Fern,sandy,small,young,75.3,23.1,90.06476350682713,370.6,4.0,70.8,3,0,99.2
Monstera,clay,small,young,46.8,24.2,61.91637216588306,446.8,5.8,71.3,5,1,83.6
Fern,clay,small,seedling,57.1,24.5,65.94643499953288,159.9,3.8,3.6,3,0,98.2
Jade Plant,clay,medium,young,11.9,26.6,91.6,412.8,6.1,66.4,1,0,81.8
Jade Plant,clay,medium,seedling,29.2,22.0,80.7,514.7,6.6,53.5,1,0,85.5
Spider Plant,sandy,large,young,34.7,26.6,73.9,507.1,6.9,11.3,1,0,100.0
Fern,sandy,small,seedling,48.0,30.1,68.9,589.5,5.3,36.5,5,1,89.5
Areca Palm,loamy,large,young,46.9,19.6,93.0,591.1,4.7,18.6,2,0,97.4
Jade Plant,loamy,medium,seedling,31.6,37.7,70.5,864.8,9.5,60.6,1,1,54.6
Aloe Vera,sandy,medium,seedling,18.0,25.6,32.3,1132.0,8.0,28.5,1,0,97.4
Fern,sandy,medium,young,52.6,21.7,72.1,218.7,3.2,27.9,5,1,100.0
Money Plant,sandy,large,young,49.3,23.7,25.7,314.4,4.8,38.5,2,0,97.9
Aloe Vera,loamy,small,young,26.9,29.2,90.8,1167.8,7.3,27.2,1,0,87.2
Spider Plant,clay,small,seedling,18.4,29.3,55.4,936.1,8.7,37.8,1,1,87.1
Tulsi,clay,small,seedling,65.7,15.3,84.4,468.1,5.7,29.4,4,0,81.0
Spider Plant,loamy,medium,seedling,36.6,28.9,38.6,426.1,4.9,25.4,1,0,98.4
Fern,sandy,medium,mature,58.7,19.8,87.7,501.6,4.0,72.0,5,0,97.4
Spider Plant,loamy,large,mature,48.8,35.2,79.8,554.3,6.8,64.3,1,0,86.4
Monstera,clay,large,young,61.4,29.0,79.40316261507373,310.7,5.4,17.6,3,0,100.0
Fern,clay,large,young,67.8,25.5,81.52308775693761,534.8,5.9,8.5,4,0,100.0
Peace Lily,loamy,medium,young,78.2,17.8,88.66262353883569,270.3,3.2,64.0,3,0,92.4
Fern,loamy,large,mature,51.0,34.0,78.2,324.1,5.0,6.0,3,1,100.0
Monstera,sandy,medium,mature,55.7,37.0,90.956657066671,204.9,2.8,0.3,5,0,93.9
Areca Palm,loamy,small,young,52.1,30.8,94.7,547.0,5.4,41.2,3,0,100.0
Fern,clay,small,young,59.0,34.9,78.41693971344398,247.5,3.0,50.5,5,0,96.8
Money Plant,sandy,small,young,52.1,36.6,44.8,543.1,4.7,51.1,2,0,92.1
Spider Plant,loamy,small,seedling,17.1,34.2,72.8,418.1,6.0,7.5,1,1,91.9
Aloe Vera,sandy,medium,young,7.4,28.8,30.7,1169.9,8.2,51.0,1,1,87.3
Aloe Vera,loamy,small,mature,5.4,32.1,56.0,309.9,6.7,49.2,1,1,89.1
Jade Plant,loamy,small,young,23.5,26.6,66.1,1103.9,7.2,35.0,1,0,100.0
Areca Palm,loamy,small,seedling,53.0,35.3,78.6,391.4,5.6,37.4,2,0,80.6
Jade Plant,clay,medium,mature,12.2,22.4,87.2,575.4,6.5,29.1,1,0,85.2
Monstera,loamy,small,young,46.3,27.9,76.91206520495837,568.2,4.7,22.9,3,1,100.0
Snake Plant,clay,medium,seedling,22.0,26.5,64.0,382.7,5.1,44.2,1,0,100.0
Jade Plant,sandy,medium,young,21.9,35.0,51.9,630.7,7.3,17.7,1,1,95.6
Fern,clay,small,young,69.5,29.7,83.37641709562794,434.6,4.9,8.2,4,0,97.1
Spider Plant,loamy,large,seedling,36.6,36.2,29.7,634.0,8.0,68.8,1,1,63.1
Monstera,clay,small,young,70.4,21.1,76.99737873452436,289.7,3.2,44.2,5,0,100.0
Monstera,loamy,medium,young,71.4,28.7,80.7,134.5,3.8,22.3,4,0,100.0
Spider Plant,sandy,small,mature,22.4,35.9,41.7,303.3,4.9,7.7,1,1,85.2
Spider Plant,sandy,medium,young,45.3,15.7,46.9,422.1,5.1,21.4,1,0,92.3
Jade Plant,clay,small,seedling,11.2,23.2,57.4,332.5,6.3,32.4,1,0,100.0
Monstera,sandy,medium,seedling,75.4,22.4,88.47780346662043,197.7,3.0,6.1,5,0,100.0
Aloe Vera,clay,medium,seedling,32.7,33.4,55.6,784.0,8.4,37.6,1,1,88.3
Areca Palm,sandy,large,seedling,69.9,36.3,59.9,310.5,5.4,34.8,3,0,76.9
Jade Plant,loamy,small,seedling,30.5,25.2,34.3,1127.5,7.4,56.1,1,0,100.0
Peace Lily,clay,medium,mature,64.7,20.6,68.52918416111802,329.8,4.1,39.4,4,0,96.6
Spider Plant,loamy,large,mature,14.0,37.9,58.2,1090.3,8.5,26.3,2,1,85.4
Tulsi,sandy,large,mature,33.1,20.0,28.4,564.3,4.1,58.7,3,1,80.8
Areca Palm,clay,large,mature,45.7,18.1,58.9,462.0,5.8,27.5,4,0,100.0
Fern,sandy,large,young,51.4,26.5,74.9,104.1,3.5,5.5,4,1,100.0
Peace Lily,clay,medium,young,44.7,26.0,78.22035188674703,377.7,4.1,41.0,3,1,100.0
Spider Plant,loamy,medium,young,29.2,20.8,94.4,792.0,8.1,23.5,1,0,96.8
Snake Plant,clay,large,mature,50.3,32.1,51.7,985.4,8.7,65.3,1,0,96.3
Money Plant,clay,medium,mature,69.8,15.9,69.2,337.3,5.2,53.6,2,0,88.8
Peace Lily,loamy,small,young,53.4,19.4,88.8,582.7,4.4,0.2,4,1,100.0
Areca Palm,clay,medium,mature,57.9,30.0,91.9,451.1,6.7,39.1,2,0,100.0
Aloe Vera,sandy,large,mature,6.5,16.1,68.9,829.2,9.5,57.1,1,1,72.5
Monstera,loamy,medium,seedling,57.7,23.3,63.57401001920912,417.6,4.3,22.6,4,0,99.9
Snake Plant,clay,medium,mature,15.6,32.6,87.3,568.2,4.8,60.5,2,1,87.8
Money Plant,loamy,small,young,69.2,34.8,33.7,410.6,4.6,30.7,2,0,99.0
Fern,clay,large,mature,71.6,19.7,70.1,254.0,3.1,68.6,5,0,99.1
Spider Plant,clay,medium,young,48.5,16.3,90.4,1075.3,8.4,64.0,1,0,91.6
Jade Plant,sandy,medium,mature,15.0,30.7,43.0,445.4,6.4,14.9,1,0,100.0
Money Plant,loamy,large,young,46.9,35.8,74.1,553.7,5.6,63.2,4,0,89.2
Aloe Vera,clay,small,seedling,25.2,27.0,35.6,634.3,7.5,8.8,1,0,98.2
Areca Palm,loamy,large,young,58.4,24.4,92.8,481.4,5.0,25.7,2,0,100.0
Snake Plant,sandy,large,young,25.2,25.7,47.5,1197.4,7.1,33.1,2,0,100.0
Aloe Vera,clay,small,mature,18.1,23.4,94.8,317.0,6.9,53.3,1,0,88.0
Spider Plant,sandy,medium,young,14.2,18.3,69.4,419.9,5.6,57.1,1,1,88.3
Areca Palm,loamy,large,seedling,51.2,18.9,59.0,362.4,5.4,17.5,2,0,91.8
Money Plant,clay,medium,mature,34.9,36.8,92.9,348.8,4.7,10.4,4,1,94.2
Snake Plant,loamy,small,seedling,34.7,15.5,25.9,451.1,4.8,24.7,1,0,77.1
Spider Plant,clay,medium,mature,48.1,34.6,41.1,916.8,8.5,26.3,1,0,97.0
Tulsi,loamy,medium,seedling,65.5,31.1,62.7,365.6,4.4,21.1,3,0,85.0
Money Plant,loamy,medium,young,68.6,22.4,68.3,597.1,6.2,65.5,4,0,100.0
Peace Lily,clay,medium,mature,69.5,22.1,71.7,227.0,3.5,15.8,3,0,95.4
Peace Lily,loamy,medium,young,79.4,18.2,66.83565074930299,383.4,4.4,66.0,4,0,96.3
Money Plant,clay,medium,young,36.5,25.8,52.6,557.0,4.7,46.9,2,1,96.1
Peace Lily,clay,medium,young,66.6,19.5,87.3016523197709,207.6,3.1,14.2,3,0,98.8
Tulsi,loamy,small,mature,43.6,22.9,77.3,347.0,5.6,52.6,2,0,100.0
Tulsi,loamy,medium,seedling,32.2,34.8,27.6,350.9,4.3,66.1,3,1,78.2
Aloe Vera,clay,medium,seedling,30.8,22.4,94.4,815.3,8.8,49.3,1,0,86.2
Fern,sandy,small,seedling,58.6,17.9,93.17905116251464,106.2,3.0,64.3,5,0,81.5
Fern,loamy,medium,mature,79.3,31.1,84.30684457043348,410.7,4.2,65.8,3,0,99.5
Jade Plant,sandy,medium,young,21.0,19.2,46.2,603.0,9.6,45.4,1,0,95.5
Snake Plant,clay,large,young,33.8,37.1,60.2,458.1,4.5,33.5,2,1,94.9
Areca Palm,loamy,medium,seedling,35.5,33.1,56.9,585.3,5.1,42.2,2,1,87.3
Fern,sandy,medium,mature,82.6,33.6,80.83862793282677,239.3,2.8,14.7,5,0,100.0
Snake Plant,sandy,medium,young,27.2,33.4,42.8,350.6,6.2,23.7,2,1,100.0
Peace Lily,sandy,small,mature,73.4,33.9,91.7,409.4,5.5,46.2,3,0,96.3
Aloe Vera,loamy,large,seedling,32.5,35.4,43.8,714.4,9.1,39.8,1,1,82.8
Peace Lily,clay,large,seedling,52.0,26.9,76.5266715775756,468.4,5.2,22.7,3,1,96.1
Tulsi,sandy,small,mature,43.3,28.2,69.5,381.5,5.9,4.4,3,0,100.0
Spider Plant,sandy,medium,seedling,43.2,33.3,79.4,1164.6,8.2,27.4,2,1,90.8
Peace Lily,clay,small,mature,56.0,21.1,87.8,418.9,4.0,0.1,5,0,96.2
Snake Plant,loamy,medium,young,35.9,29.6,42.0,687.1,8.9,67.8,1,0,98.8
Areca Palm,loamy,medium,seedling,58.5,26.0,25.8,409.2,4.1,46.7,3,0,95.4
Peace Lily,sandy,medium,young,47.5,36.9,91.6422825975738,288.5,2.3,9.2,5,1,91.4
Areca Palm,loamy,large,mature,57.7,33.3,41.9,360.1,4.3,57.5,3,0,95.9
Money Plant,clay,large,mature,50.0,18.3,60.9,510.8,5.3,62.0,4,0,100.0
Areca Palm,loamy,medium,mature,42.4,26.3,68.6,465.0,4.8,6.1,2,0,100.0
Aloe Vera,loamy,medium,mature,24.2,29.3,31.6,613.4,9.3,44.9,1,0,99.4
Tulsi,loamy,small,seedling,38.6,21.4,71.5,462.9,4.9,1.3,3,1,99.6
Jade Plant,sandy,small,young,25.4,23.0,88.0,662.2,8.1,31.2,1,0,83.4
Monstera,loamy,small,seedling,51.8,24.8,65.34556845315737,521.0,4.9,2.6,4,1,97.5
Fern,clay,small,seedling,74.3,25.1,89.2,125.9,2.8,5.1,5,0,100.0
Snake Plant,loamy,small,young,34.0,19.7,61.4,531.9,6.8,71.7,1,0,98.5
Monstera,loamy,medium,mature,77.2,24.0,71.33427887823191,315.3,4.6,52.9,3,0,97.4
Spider Plant,clay,medium,seedling,32.5,16.9,70.1,443.7,4.3,18.7,2,0,80.9
Snake Plant,sandy,medium,young,15.1,19.6,27.0,557.8,5.0,64.5,2,1,87.9
Money Plant,loamy,medium,seedling,56.7,31.9,69.0,491.9,5.1,61.4,4,0,93.2
Spider Plant,clay,small,seedling,40.5,35.4,32.5,489.4,4.2,58.0,2,1,62.0
Fern,sandy,medium,seedling,47.1,22.0,71.20477653491072,125.1,2.5,17.9,5,1,100.0
Tulsi,clay,medium,seedling,46.6,19.8,48.3,493.0,5.7,0.2,3,0,99.5
Monstera,sandy,medium,young,72.3,18.8,84.8362349410525,270.1,2.5,5.9,3,0,100.0
Fern,loamy,small,mature,54.8,31.5,60.99481777904837,206.3,2.9,58.3,3,1,80.2
Snake Plant,loamy,small,mature,15.0,33.3,30.5,545.6,4.6,5.8,2,1,100.0
Aloe Vera,sandy,large,young,7.2,22.3,46.8,1022.3,7.5,9.9,1,1,96.5
Fern,clay,medium,mature,66.2,25.3,61.36597960484033,265.2,3.8,43.8,5,0,100.0
Spider Plant,sandy,medium,seedling,38.0,26.7,50.3,397.8,4.7,37.3,2,0,100.0
Aloe Vera,loamy,medium,young,18.6,24.4,30.9,631.0,8.2,47.2,1,0,100.0
Tulsi,clay,medium,mature,36.9,23.6,47.7,340.6,6.5,61.8,2,1,83.7
Aloe Vera,sandy,large,young,9.2,30.2,71.6,901.4,8.7,64.1,1,1,74.1
Areca Palm,clay,medium,young,46.2,18.7,68.5,595.2,4.5,10.5,4,0,96.1
Spider Plant,loamy,medium,young,45.8,33.5,47.1,647.9,8.1,38.3,1,0,96.0
Aloe Vera,clay,large,mature,15.1,20.7,38.0,654.7,8.6,68.3,1,0,100.0
Spider Plant,clay,large,mature,49.7,29.6,57.7,932.0,8.6,47.8,2,0,99.7
Monstera,clay,medium,mature,45.6,17.5,88.42606922349049,295.3,3.5,12.7,3,1,86.9
Peace Lily,sandy,medium,young,45.9,25.8,92.8698412011353,193.8,3.5,0.9,5,1,95.7
Tulsi,loamy,large,seedling,62.6,20.4,40.6,593.2,6.0,58.1,3,0,98.6
Jade Plant,clay,large,seedling,15.3,19.6,87.8,367.8,6.8,31.2,1,0,87.6
Jade Plant,loamy,medium,young,25.5,21.6,63.3,884.4,8.0,8.7,1,0,98.7
Aloe Vera,sandy,medium,seedling,12.4,35.6,47.0,1147.8,9.2,0.6,1,1,81.6
Spider Plant,clay,large,seedling,14.5,25.0,53.1,720.5,8.2,58.2,1,1,80.6
Spider Plant,sandy,large,mature,20.2,37.8,58.2,574.1,4.1,0.8,1,1,92.2
Aloe Vera,sandy,large,seedling,3.9,17.0,29.6,556.4,6.8,21.1,1,1,76.5
Jade Plant,clay,medium,mature,23.1,32.4,90.4,777.8,9.8,50.4,1,0,80.7
Money Plant,clay,small,seedling,55.2,24.7,25.5,428.7,4.8,0.1,2,0,99.0
Snake Plant,clay,large,young,19.3,37.3,63.8,452.4,4.2,12.5,1,1,88.2
Fern,clay,large,seedling,70.5,29.8,87.8,277.6,4.0,59.5,3,0,91.4
Tulsi,sandy,medium,seedling,45.0,30.6,73.5,465.1,4.8,19.6,2,0,88.0
Fern,sandy,small,seedling,74.8,19.6,79.60264062858641,276.9,3.9,16.5,3,0,95.2
Areca Palm,sandy,medium,young,48.5,19.9,60.0,345.1,4.9,68.0,3,0,98.5
Peace Lily,loamy,medium,mature,55.2,16.9,78.2104217747077,251.7,2.8,43.0,3,0,87.5
Snake Plant,sandy,large,young,37.9,15.3,81.0,369.4,4.2,35.7,2,0,90.9
Snake Plant,sandy,small,young,18.6,30.5,56.3,356.3,4.1,7.0,1,1,100.0
Peace Lily,loamy,large,mature,63.4,15.2,93.8038440792699,457.5,5.8,32.4,3,0,91.8
Peace Lily,sandy,medium,seedling,80.7,31.4,84.42855959841098,247.3,3.4,55.0,4,0,93.9
Areca Palm,loamy,medium,young,69.1,22.0,80.6,522.7,6.8,69.6,2,0,100.0
Snake Plant,clay,small,mature,21.8,16.8,53.6,478.5,4.9,26.0,2,0,91.6
Aloe Vera,sandy,medium,seedling,13.5,30.4,76.8,868.4,10.0,0.8,1,0,74.7
Money Plant,clay,large,seedling,67.3,30.3,65.0,330.6,6.7,33.9,4,0,91.5
Monstera,loamy,medium,seedling,45.5,17.8,76.11433570166173,335.1,4.3,57.5,3,1,60.3
Money Plant,loamy,large,seedling,70.8,16.5,35.1,431.9,4.6,10.8,4,0,82.3
Tulsi,sandy,small,mature,48.1,27.3,41.2,316.3,6.9,15.8,2,0,100.0
Peace Lily,sandy,small,young,46.7,21.3,78.41850920515091,534.7,4.9,10.9,4,1,98.5
Snake Plant,sandy,small,mature,13.3,19.7,34.5,479.8,4.8,55.0,1,1,83.1
Spider Plant,clay,large,seedling,23.1,18.2,53.1,836.4,8.6,67.0,1,0,86.0
Areca Palm,loamy,small,young,55.3,18.0,59.9,495.0,4.8,33.6,2,0,97.8
Areca Palm,clay,small,seedling,60.4,36.1,33.6,465.8,5.3,27.2,4,0,82.4
Aloe Vera,clay,medium,seedling,23.6,26.4,69.0,1141.3,9.4,39.4,1,0,100.0
Spider Plant,clay,medium,young,27.9,37.5,66.0,466.7,5.1,47.5,2,1,89.1
Jade Plant,sandy,small,young,17.9,28.9,52.3,479.1,6.3,46.2,1,0,97.2
Fern,loamy,large,seedling,71.3,21.3,77.66333724195746,142.3,2.7,2.1,4,0,100.0
Jade Plant,sandy,medium,seedling,22.9,35.6,33.0,742.9,8.1,32.5,1,1,78.0
Monstera,clay,small,young,56.6,35.2,76.85492137520234,317.0,4.3,9.5,3,0,90.7
Money Plant,clay,medium,mature,46.9,33.6,87.2,529.7,5.7,15.0,4,0,100.0
Tulsi,sandy,medium,mature,51.5,24.2,44.0,366.6,4.5,66.5,2,0,100.0
Aloe Vera,sandy,medium,seedling,4.1,15.1,48.4,754.7,8.9,38.1,1,1,84.6
Aloe Vera,clay,small,young,24.1,29.0,38.7,526.8,6.2,11.5,1,0,95.4
Tulsi,sandy,small,young,71.9,37.8,94.8,550.5,4.7,28.8,2,0,90.8
Aloe Vera,loamy,medium,mature,8.5,19.3,63.1,481.6,6.0,19.4,1,1,95.9
Peace Lily,sandy,medium,seedling,73.2,33.8,60.61308785670581,270.7,3.4,2.5,3,0,92.3
Jade Plant,sandy,large,mature,17.5,36.4,52.4,630.9,7.2,26.2,1,1,86.9
Jade Plant,clay,large,seedling,17.1,32.7,33.2,586.1,6.0,67.1,1,0,92.5
Tulsi,sandy,large,young,53.2,22.7,83.5,439.2,5.5,27.3,4,0,98.1
Money Plant,loamy,large,young,53.2,36.2,44.6,386.3,4.8,12.8,4,0,87.6
Areca Palm,clay,medium,young,69.9,21.8,33.2,313.9,5.7,36.9,2,0,100.0
Monstera,sandy,large,seedling,72.6,18.3,78.92183752569471,429.8,4.7,14.9,5,0,90.3
Monstera,sandy,large,mature,58.0,16.5,64.98508889110333,121.7,3.0,36.3,3,0,88.0
Peace Lily,loamy,large,seedling,46.2,32.1,93.06975822001031,370.4,5.1,3.0,4,1,91.2
Tulsi,clay,medium,young,51.3,34.5,40.2,404.0,6.5,22.1,4,0,99.9
Monstera,clay,small,seedling,59.5,32.1,67.849277558336,131.2,3.8,0.6,3,0,86.1
Fern,clay,small,young,59.0,31.9,63.24487596067549,205.8,3.4,3.1,5,0,100.0
Monstera,loamy,large,seedling,82.1,31.0,79.9,202.8,2.7,65.3,5,0,91.3
Fern,clay,small,young,57.3,21.2,88.9,315.9,4.1,42.6,5,0,95.7
Snake Plant,clay,large,young,25.7,31.0,54.1,519.4,5.1,6.9,2,0,98.2
Jade Plant,clay,large,young,10.5,33.3,41.1,381.7,6.8,8.9,1,1,100.0
Tulsi,loamy,large,young,72.5,34.1,32.2,419.8,6.8,49.6,3,0,95.3
Tulsi,sandy,large,young,59.5,29.8,41.7,342.8,6.8,53.0,2,0,100.0
Tulsi,loamy,medium,young,70.6,30.3,70.7,467.4,6.1,28.1,2,0,100.0
Snake Plant,sandy,large,seedling,16.3,35.9,69.8,670.2,7.6,32.0,1,1,80.6
Jade Plant,loamy,large,young,13.3,34.2,65.4,1187.0,7.2,55.9,1,1,81.8
Aloe Vera,clay,large,seedling,10.2,22.7,87.6,862.0,9.2,31.6,1,0,86.4
Spider Plant,clay,small,young,38.0,19.7,90.4,840.6,8.6,53.2,2,0,100.0
Spider Plant,sandy,large,young,33.5,33.6,40.4,531.3,4.8,37.7,2,1,97.6
Money Plant,loamy,medium,young,70.6,34.0,30.1,446.4,6.1,40.0,3,0,97.9
Money Plant,sandy,large,mature,52.8,34.5,73.6,398.4,5.0,12.9,2,0,98.1
Monstera,loamy,small,mature,70.9,30.6,88.8,297.3,3.5,8.2,5,0,100.0
Spider Plant,sandy,small,seedling,47.6,20.9,77.0,339.0,5.8,19.8,1,0,100.0
Areca Palm,clay,medium,seedling,72.0,24.1,75.2,587.3,4.0,35.7,2,0,96.5
Snake Plant,clay,small,mature,46.0,22.0,77.5,520.7,4.3,41.2,1,0,95.7
Areca Palm,clay,small,seedling,45.0,37.3,25.5,538.3,5.6,55.5,4,1,68.9
Aloe Vera,clay,large,young,26.3,30.6,52.0,618.9,7.6,66.4,1,0,100.0
Peace Lily,loamy,large,mature,78.9,19.6,93.7,468.1,4.5,25.8,3,0,100.0
Areca Palm,loamy,large,young,52.6,37.0,45.0,325.0,4.8,25.3,2,0,90.9
Jade Plant,sandy,small,mature,19.7,17.8,83.1,902.1,9.2,71.3,1,0,79.7
Money Plant,clay,small,seedling,54.4,34.2,27.5,545.2,4.8,62.9,4,0,90.2
Jade Plant,loamy,small,seedling,18.2,33.6,85.7,976.6,8.1,31.1,1,1,74.3
Aloe Vera,sandy,large,young,19.6,37.3,88.5,625.6,8.7,50.4,1,1,56.1
Areca Palm,clay,large,seedling,52.0,21.8,75.4,482.5,6.5,1.2,2,0,95.1
Peace Lily,sandy,large,young,48.9,24.2,94.6419550896403,234.8,3.2,39.3,5,1,96.2
Monstera,clay,medium,seedling,44.5,33.4,77.52871988172515,327.7,4.1,17.3,3,1,86.2
Tulsi,clay,medium,seedling,50.7,34.8,61.3,347.4,6.6,14.5,3,0,90.7
Spider Plant,loamy,medium,mature,18.3,34.9,69.3,325.8,4.1,66.3,1,1,87.5
Snake Plant,sandy,large,seedling,42.4,20.1,81.8,318.3,4.2,12.9,1,0,100.0
Areca Palm,loamy,large,seedling,62.6,17.2,52.6,325.5,6.6,36.2,2,0,84.4
Snake Plant,clay,medium,mature,43.3,32.2,84.4,682.7,8.9,25.8,1,0,100.0
Fern,sandy,large,mature,50.9,34.2,85.862688079642,361.9,5.5,33.9,3,1,95.5
Areca Palm,clay,large,seedling,53.5,17.5,27.2,516.2,5.8,5.8,3,0,76.5
Aloe Vera,sandy,medium,seedling,12.1,32.8,65.8,737.5,8.7,24.9,1,0,92.1
Spider Plant,sandy,large,young,22.2,18.1,76.9,370.2,6.1,58.5,2,0,95.9
Snake Plant,sandy,small,young,48.0,17.8,44.5,567.1,4.7,39.6,2,0,88.7
Snake Plant,sandy,small,seedling,31.6,25.4,40.1,550.9,5.3,28.8,2,0,100.0
Fern,clay,large,seedling,65.8,23.5,90.70707470538693,143.8,2.2,5.7,5,0,100.0
Fern,loamy,small,young,48.8,18.7,81.3,196.3,2.3,50.1,5,1,81.5
Tulsi,sandy,small,young,37.5,36.5,92.8,475.8,4.6,45.8,4,1,94.1
Money Plant,loamy,small,mature,63.6,19.2,63.4,380.3,4.7,59.6,2,0,99.5
Aloe Vera,clay,large,seedling,32.0,34.0,34.5,712.0,8.1,4.0,1,1,88.9
Tulsi,loamy,medium,seedling,41.1,32.8,58.7,431.6,4.4,13.6,3,0,88.0
Spider Plant,sandy,large,mature,49.2,15.9,49.1,402.7,6.2,38.1,1,0,93.6
Areca Palm,sandy,medium,seedling,61.7,30.8,48.6,480.6,4.8,3.8,2,0,86.3
Fern,clay,large,seedling,79.6,21.2,71.9478166843055,462.3,4.8,17.4,4,0,100.0
Areca Palm,loamy,small,seedling,73.9,27.5,75.6,345.6,4.3,8.7,3,0,95.2
Peace Lily,clay,large,seedling,60.6,29.5,64.22017791586426,227.4,2.2,56.2,5,0,87.3
Peace Lily,sandy,small,seedling,58.9,36.7,70.0,482.2,6.0,37.3,5,0,80.6
Areca Palm,clay,small,young,73.1,34.3,79.3,350.5,4.8,35.9,4,0,100.0
Spider Plant,loamy,small,seedling,16.6,20.3,63.4,536.5,6.2,37.0,2,1,100.0
Aloe Vera,clay,small,seedling,19.2,21.8,82.4,937.4,9.3,7.3,1,0,84.9
Peace Lily,loamy,large,seedling,54.3,21.7,91.77371563245455,499.5,4.5,52.2,4,1,88.7
Monstera,clay,medium,seedling,70.1,15.6,63.57530157245535,100.4,3.0,4.5,4,0,78.7
Aloe Vera,clay,medium,young,10.6,37.4,80.2,692.0,9.5,52.2,1,1,56.4
Jade Plant,loamy,medium,mature,12.4,23.4,49.6,393.0,6.1,60.3,1,0,96.1
Peace Lily,loamy,medium,mature,74.9,28.8,89.1,311.9,5.6,28.8,5,0,100.0
Jade Plant,loamy,small,young,25.4,31.3,67.3,677.1,9.8,6.3,1,0,96.3
Peace Lily,loamy,small,young,71.9,36.6,87.41953792554705,507.4,4.0,41.5,3,0,92.9
Jade Plant,clay,small,young,31.1,26.4,43.7,973.6,9.4,53.1,1,0,100.0
Fern,sandy,medium,mature,57.3,34.9,66.79750518893681,310.5,4.7,8.4,5,0,100.0
Snake Plant,clay,medium,seedling,44.5,25.1,94.1,379.7,6.9,45.2,1,0,100.0
Aloe Vera,clay,small,seedling,17.4,24.4,35.4,632.5,7.9,14.2,1,0,100.0
Areca Palm,loamy,large,mature,60.6,20.0,86.5,378.9,5.0,68.3,4,0,97.6
Snake Plant,loamy,large,mature,53.8,22.1,60.5,470.1,4.8,14.2,2,0,98.9
Areca Palm,clay,small,young,67.6,30.5,68.8,563.4,4.8,5.1,4,0,100.0
Snake Plant,clay,medium,young,32.7,18.9,85.9,573.7,4.7,54.5,2,0,100.0
Snake Plant,sandy,small,young,26.7,31.3,40.9,773.3,8.4,40.9,2,0,97.6
Money Plant,sandy,medium,seedling,61.9,17.5,56.6,543.8,6.6,10.0,3,0,75.3
Aloe Vera,clay,large,mature,30.5,31.9,94.7,788.7,9.1,43.8,1,0,81.6
Monstera,clay,small,mature,82.4,29.6,73.12705664787215,157.4,3.9,48.1,5,0,95.2
Monstera,clay,medium,mature,61.6,30.2,86.5,432.5,4.9,36.0,4,0,100.0
Jade Plant,sandy,large,seedling,17.7,28.6,85.9,365.6,6.7,5.6,1,0,81.1
Tulsi,loamy,large,seedling,55.5,29.8,78.0,508.9,4.0,7.9,4,0,91.0
Aloe Vera,clay,medium,mature,16.3,29.1,25.3,406.8,6.7,53.3,1,0,98.3
Monstera,loamy,small,seedling,55.9,34.0,65.37016695317119,593.9,5.2,7.0,4,0,87.6
Snake Plant,loamy,large,young,53.4,19.0,88.5,454.3,4.1,30.2,1,0,99.6
Fern,sandy,large,mature,65.9,22.7,78.50339716071336,532.7,5.0,21.5,3,0,100.0
Spider Plant,sandy,small,mature,38.5,21.8,69.6,377.0,4.4,30.1,1,0,99.2
Areca Palm,sandy,large,seedling,71.9,21.4,71.0,424.9,6.8,21.7,4,0,100.0
Jade Plant,loamy,small,seedling,10.7,28.1,91.7,507.8,6.5,33.2,1,0,81.1
Snake Plant,clay,small,seedling,34.3,35.6,49.3,565.4,5.4,8.2,1,1,80.5
Tulsi,sandy,medium,mature,48.1,35.6,78.8,484.7,5.5,4.8,2,0,85.1
Snake Plant,loamy,large,mature,28.9,24.5,66.1,388.9,6.5,1.3,1,0,98.6
Tulsi,clay,small,young,35.8,22.2,52.3,422.5,5.8,39.4,3,1,100.0
Aloe Vera,clay,large,young,17.0,27.1,25.6,744.2,8.5,41.3,1,0,100.0
Areca Palm,clay,medium,seedling,71.8,30.1,56.0,571.4,6.0,21.8,3,0,94.6
Fern,loamy,small,seedling,44.8,37.9,75.24212673809363,420.7,5.9,7.6,4,1,75.6
Peace Lily,sandy,medium,mature,59.1,31.9,76.68381927393119,138.7,3.5,7.6,5,0,99.4
Jade Plant,loamy,large,young,14.9,35.4,70.3,893.6,9.9,31.8,1,1,70.3
Monstera,sandy,medium,seedling,47.1,15.2,84.03078363630108,112.4,2.6,67.0,5,1,63.1
Jade Plant,loamy,small,young,21.7,33.8,33.7,510.0,6.7,69.2,1,1,85.0
Fern,clay,small,young,66.5,22.8,74.06829544594703,253.2,3.4,34.5,4,0,99.7
Snake Plant,sandy,large,mature,49.6,35.8,70.2,1083.8,8.2,8.8,1,0,88.7
Aloe Vera,sandy,small,seedling,16.4,24.2,32.9,663.7,8.7,66.1,1,0,97.3
Snake Plant,clay,large,young,26.4,30.8,86.3,478.3,4.8,4.6,1,0,95.6
Tulsi,loamy,large,mature,54.4,20.7,43.2,505.4,6.1,26.8,2,0,100.0
Areca Palm,loamy,medium,young,66.4,19.3,68.9,512.6,6.8,65.4,2,0,95.6
Tulsi,clay,large,seedling,63.8,17.2,30.6,508.5,6.7,28.5,4,0,83.2
Aloe Vera,clay,medium,young,30.7,21.3,77.1,620.0,9.6,70.4,1,0,82.8
Fern,clay,medium,seedling,47.7,24.4,85.79404816061617,599.6,5.9,22.8,5,1,100.0
Money Plant,loamy,small,young,53.2,27.9,44.4,504.4,4.7,46.4,2,0,100.0
Spider Plant,clay,medium,young,24.2,37.1,52.7,931.6,7.5,11.8,1,1,88.3
Aloe Vera,clay,small,seedling,21.4,34.8,56.4,1196.1,7.8,53.2,1,1,77.1
Monstera,loamy,medium,young,78.9,37.2,91.96395632650854,594.9,4.9,2.3,3,0,90.5
Tulsi,loamy,small,seedling,47.1,30.4,77.4,421.0,5.8,30.6,3,0,94.1
Jade Plant,loamy,medium,seedling,8.3,36.6,25.4,1096.3,9.0,44.4,1,1,82.9
Peace Lily,loamy,medium,young,67.8,18.7,67.2128577110415,104.1,3.6,20.2,4,0,98.9
Tulsi,sandy,large,young,54.7,24.9,75.9,511.5,6.0,8.1,3,0,100.0
Tulsi,clay,small,mature,42.2,31.3,90.0,442.9,5.8,54.2,4,0,100.0
Money Plant,loamy,medium,seedling,54.1,23.7,93.2,503.2,6.7,61.7,2,0,99.8
Aloe Vera,clay,small,young,20.5,24.5,81.9,858.6,8.7,70.5,1,0,85.4
Spider Plant,sandy,small,young,30.4,33.6,32.9,732.5,8.8,18.7,1,1,95.9
Aloe Vera,loamy,medium,young,16.3,32.3,66.0,1039.5,10.0,30.7,1,0,100.0
Monstera,sandy,medium,mature,78.7,27.6,74.85583150174836,328.6,5.8,47.8,5,0,99.1
Areca Palm,loamy,small,young,61.4,21.3,36.8,329.6,4.5,14.1,2,0,100.0
Fern,clay,small,seedling,44.4,34.1,89.8,333.2,5.8,45.9,3,1,93.6
Monstera,loamy,medium,seedling,74.8,36.7,84.11515957597473,470.3,5.1,65.5,3,0,81.6
Snake Plant,sandy,large,young,17.6,29.4,51.2,860.5,8.0,50.3,2,1,87.3
Money Plant,sandy,large,young,42.4,21.4,67.6,383.8,4.7,67.7,2,0,100.0
Jade Plant,loamy,small,young,27.5,25.6,42.7,724.7,8.5,12.8,1,0,95.8
Peace Lily,clay,medium,seedling,74.9,28.6,64.84442371324539,221.8,2.5,43.0,5,0,100.0
Peace Lily,sandy,medium,mature,46.6,34.3,78.05257555930642,102.2,2.3,29.7,5,1,98.4
Spider Plant,sandy,medium,seedling,32.8,21.9,49.3,1121.7,7.4,44.7,1,0,98.9
Snake Plant,clay,medium,young,23.4,31.0,61.5,327.0,4.6,29.6,2,0,97.4
Monstera,sandy,small,mature,62.1,37.6,74.89625420599373,313.9,4.7,66.2,4,0,90.1
Monstera,loamy,large,mature,56.7,28.9,63.43627407205233,130.9,2.1,64.9,3,0,100.0
Aloe Vera,clay,medium,mature,28.2,35.7,25.4,970.4,7.2,53.3,1,1,77.4
Aloe Vera,loamy,medium,young,29.5,37.9,42.1,926.3,7.9,38.7,1,1,85.7
Snake Plant,sandy,small,young,40.3,34.2,83.9,577.9,4.4,11.5,1,1,95.8
Tulsi,clay,small,young,68.1,15.5,72.0,546.8,5.1,10.7,4,0,92.9
Spider Plant,loamy,large,seedling,49.3,21.8,68.1,684.2,8.1,42.4,2,0,100.0
Money Plant,clay,large,young,60.4,19.9,34.9,401.5,4.2,8.5,2,0,100.0
Aloe Vera,loamy,medium,seedling,16.8,34.8,57.1,396.5,6.0,61.1,1,1,79.2
Peace Lily,loamy,medium,young,81.3,17.6,68.89249593488157,491.2,5.1,35.4,4,0,85.6
Money Plant,clay,medium,young,43.8,36.0,79.8,409.6,5.2,24.8,2,1,94.2
Tulsi,sandy,small,young,45.7,17.2,57.6,565.8,4.7,56.5,2,0,90.6
Aloe Vera,clay,medium,seedling,27.7,15.9,84.5,562.9,6.3,31.0,1,0,65.8
Snake Plant,clay,medium,seedling,31.3,27.9,82.1,1022.2,8.8,20.2,1,0,99.4
Aloe Vera,sandy,medium,mature,27.4,33.9,82.0,376.2,6.5,26.3,1,1,88.2
Aloe Vera,sandy,medium,mature,29.2,20.4,25.8,881.8,9.4,4.6,1,0,95.4
Peace Lily,loamy,small,mature,81.4,23.1,65.00436331417049,203.1,2.7,35.2,5,0,100.0
Fern,loamy,medium,young,71.7,17.2,69.32736016729001,580.6,4.4,49.5,5,0,89.9
Jade Plant,sandy,medium,young,23.1,37.6,45.6,769.7,9.4,51.7,1,1,75.9
Jade Plant,sandy,large,young,14.1,30.3,52.1,435.1,6.2,49.8,1,0,100.0
Tulsi,clay,large,young,63.8,35.7,78.3,566.4,6.7,5.0,2,0,86.2
Snake Plant,clay,large,mature,48.6,29.7,32.3,1011.5,8.0,36.8,1,0,98.2
Spider Plant,clay,medium,seedling,18.3,15.8,56.5,902.1,7.8,5.0,1,1,77.5
Tulsi,clay,small,seedling,34.4,22.4,64.6,372.0,6.2,22.2,2,1,100.0
Aloe Vera,clay,large,seedling,21.8,28.0,81.7,874.6,8.0,30.7,1,0,82.9
Spider Plant,clay,small,mature,51.8,31.5,43.2,555.3,4.7,3.0,1,0,100.0
Areca Palm,sandy,small,mature,58.4,17.4,33.1,442.8,6.4,64.9,2,0,87.8
Tulsi,loamy,medium,seedling,40.0,24.1,52.0,522.0,6.1,63.6,2,0,97.1
Spider Plant,clay,medium,young,21.0,30.8,81.6,609.5,8.4,47.5,2,0,98.0
Jade Plant,loamy,small,mature,7.2,29.0,32.0,692.1,7.5,43.3,1,1,97.4
Tulsi,sandy,large,seedling,74.3,22.2,29.5,462.4,5.9,7.7,3,0,98.5
Spider Plant,sandy,small,seedling,27.7,15.1,86.8,396.3,4.4,49.2,2,0,79.0
Money Plant,clay,large,young,47.4,25.2,50.5,315.7,6.5,50.5,3,0,96.3
Spider Plant,loamy,medium,young,39.2,22.0,42.0,426.6,6.4,5.8,1,0,98.0
Spider Plant,sandy,small,young,44.5,17.4,69.9,700.8,7.3,19.4,1,0,90.5
Monstera,clay,large,seedling,70.5,28.7,91.8,269.1,3.8,62.1,3,0,95.8
Snake Plant,loamy,medium,young,20.2,26.1,91.4,366.0,5.8,14.3,2,0,99.6
Jade Plant,sandy,small,young,8.5,16.8,68.2,318.7,6.9,55.4,1,1,77.2
Fern,clay,large,young,58.6,16.4,77.54242727956586,393.8,5.8,37.0,5,0,90.3
Spider Plant,clay,large,young,46.8,15.5,66.0,587.4,6.1,33.2,1,0,87.5
Aloe Vera,loamy,medium,mature,12.2,28.0,76.0,322.3,6.6,21.0,1,0,88.7
Fern,sandy,medium,seedling,62.9,18.2,93.0,339.7,4.9,36.1,3,0,91.1
Tulsi,sandy,large,young,46.9,33.8,65.0,395.0,4.3,60.8,4,0,97.6
Money Plant,sandy,small,mature,39.7,23.9,55.0,516.3,6.5,14.3,3,1,100.0
Spider Plant,clay,small,seedling,51.8,36.0,48.8,342.2,5.3,16.7,2,0,77.5
Areca Palm,loamy,large,seedling,44.6,32.3,80.4,588.1,5.6,6.2,4,0,91.0
Areca Palm,loamy,large,young,69.8,18.4,26.6,500.1,5.0,36.1,3,0,95.5
Peace Lily,sandy,large,seedling,78.0,19.2,62.0554371612269,326.3,4.6,62.3,4,0,96.9
Fern,sandy,medium,mature,62.3,34.5,90.64106208599652,590.9,4.6,27.0,3,0,99.5
Spider Plant,clay,small,young,50.4,37.7,42.7,414.9,6.5,6.0,1,0,92.2
Fern,loamy,large,mature,57.9,23.4,84.2,546.2,5.2,17.7,4,0,99.4
Fern,clay,small,young,60.9,20.9,61.00914693689968,278.6,2.6,2.9,5,0,98.3
Aloe Vera,sandy,medium,young,26.7,15.3,28.6,1135.8,9.3,27.8,1,0,90.1
Snake Plant,clay,large,young,17.2,37.1,50.5,886.9,7.6,41.4,1,1,91.4
Aloe Vera,loamy,small,young,18.1,28.4,60.2,548.8,6.1,18.7,1,0,95.6
Areca Palm,loamy,medium,young,45.2,31.5,29.0,501.6,6.4,33.4,2,0,98.8
Peace Lily,loamy,large,young,71.0,20.3,82.2,391.6,5.1,3.9,3,0,100.0
Tulsi,sandy,large,seedling,69.1,31.7,27.2,595.3,4.8,28.9,4,0,94.0
Tulsi,sandy,small,young,43.1,28.5,54.9,558.5,6.1,62.7,2,0,100.0
Tulsi,clay,large,mature,66.1,26.3,47.6,485.1,6.9,37.3,2,0,99.4
Tulsi,clay,small,young,52.6,18.6,54.3,327.7,4.6,21.0,3,0,100.0
Fern,loamy,medium,young,64.3,20.6,92.60853279866012,331.6,4.3,56.0,5,0,98.0
Money Plant,sandy,large,young,61.7,15.3,48.2,507.9,6.9,15.4,3,0,94.6
Money Plant,loamy,medium,mature,65.3,37.8,85.6,554.7,4.3,57.1,4,0,91.7
Peace Lily,loamy,small,mature,72.6,29.1,86.98125961773836,441.5,5.5,11.8,4,0,100.0
Spider Plant,loamy,small,seedling,22.7,30.9,88.2,323.3,5.7,64.7,2,0,90.9
Spider Plant,clay,large,young,48.4,19.6,91.4,517.4,4.4,0.7,1,0,100.0
Fern,clay,large,young,47.4,19.9,88.0,285.4,3.3,5.8,5,1,99.7
Jade Plant,loamy,medium,seedling,8.4,24.5,47.9,583.9,6.6,14.0,1,1,100.0
Fern,sandy,small,young,46.7,34.0,93.654789741087,173.0,3.7,38.9,5,1,100.0
Tulsi,clay,medium,mature,39.1,17.4,71.1,304.5,4.8,69.2,2,1,72.6
Spider Plant,loamy,medium,young,25.6,36.6,45.8,678.5,7.5,12.5,1,1,94.6
Areca Palm,sandy,small,mature,46.7,32.7,35.3,346.4,5.7,39.1,4,0,100.0
Fern,loamy,small,young,73.4,28.9,83.1,526.4,4.9,5.3,5,0,97.6
Spider Plant,clay,large,young,30.1,30.9,73.1,370.6,6.3,68.1,1,0,96.0
Money Plant,loamy,large,mature,42.4,37.2,58.9,329.4,5.2,36.6,3,1,88.5
Monstera,sandy,medium,mature,54.3,30.6,94.5787474070936,101.0,3.6,35.2,3,1,100.0
Fern,sandy,large,young,73.7,35.4,87.90938201955952,463.0,4.8,24.0,3,0,86.8
Areca Palm,clay,medium,young,61.3,16.6,82.5,414.3,5.1,35.7,4,0,91.5
Fern,sandy,small,seedling,53.3,29.7,64.13188824974263,130.3,2.4,71.1,4,1,73.5
Monstera,clay,medium,young,48.3,27.5,94.75109711933882,190.5,3.7,4.5,5,1,100.0
Jade Plant,sandy,small,mature,9.0,32.7,61.0,558.8,6.7,46.7,1,1,100.0
Areca Palm,sandy,small,young,46.2,30.0,67.3,395.2,5.2,5.7,3,0,96.3
Tulsi,clay,medium,young,54.0,19.7,67.3,331.0,5.2,9.6,2,0,100.0
Aloe Vera,loamy,large,seedling,15.8,27.5,50.3,785.8,7.3,32.4,1,0,96.0
Areca Palm,clay,small,young,39.1,17.1,44.0,479.7,4.1,61.3,2,1,78.8
Areca Palm,sandy,small,young,35.4,34.9,35.3,375.8,5.1,12.5,2,1,100.0
Tulsi,clay,small,young,65.6,29.5,84.9,505.6,4.1,57.2,3,0,98.3
Jade Plant,clay,large,seedling,27.7,18.8,78.3,734.8,9.9,22.7,1,0,72.1
Aloe Vera,sandy,medium,seedling,17.1,23.1,78.8,360.6,6.2,66.0,1,0,88.1
Aloe Vera,clay,large,young,27.2,28.9,46.3,504.1,6.8,57.0,1,0,96.7
Jade Plant,loamy,large,seedling,27.9,20.2,56.5,550.1,6.4,15.8,1,0,97.8
Money Plant,clay,small,mature,59.6,29.4,41.4,414.9,4.2,5.4,3,0,100.0
Money Plant,clay,large,mature,63.2,36.5,61.7,326.2,5.3,8.0,4,0,87.1
Tulsi,loamy,large,young,65.3,15.6,42.2,466.2,5.3,13.5,2,0,93.9
Tulsi,sandy,small,seedling,63.4,16.1,39.4,326.8,5.7,56.4,4,0,82.1
Peace Lily,clay,medium,mature,63.1,24.0,67.44345898890484,136.6,2.3,47.3,5,0,100.0
Fern,loamy,small,mature,82.2,26.1,93.6,419.6,4.1,35.1,5,0,95.7
Monstera,loamy,large,young,58.4,28.9,86.03904571952253,547.6,5.8,55.7,5,0,99.0
Money Plant,sandy,medium,mature,68.3,34.6,42.1,448.3,6.3,64.3,2,0,95.2
Fern,loamy,small,young,73.6,30.8,67.31485578247432,575.0,4.9,36.1,5,0,98.8
Aloe Vera,clay,small,seedling,30.3,33.7,70.1,1006.9,9.9,26.6,1,1,72.4
Monstera,sandy,small,seedling,77.9,17.8,83.7,216.9,2.2,41.8,5,0,82.9
Jade Plant,loamy,small,young,33.0,30.9,63.1,1099.7,8.2,1.2,1,0,100.0
Spider Plant,sandy,medium,mature,17.2,29.1,78.9,354.1,5.4,66.5,1,1,88.6
Monstera,sandy,medium,seedling,57.8,28.9,71.84016582228887,598.9,5.9,48.9,4,0,97.1
Aloe Vera,sandy,small,seedling,5.1,28.7,72.9,704.8,9.2,66.0,1,1,74.6
Spider Plant,clay,small,mature,50.8,37.0,38.5,931.5,8.3,11.7,1,0,93.6
Snake Plant,clay,medium,mature,39.3,16.1,59.9,335.9,4.1,56.7,1,0,89.2
Aloe Vera,loamy,small,seedling,12.9,22.0,92.3,963.8,7.0,69.7,1,0,87.1
Spider Plant,loamy,small,mature,31.0,24.0,36.6,594.2,5.5,47.9,1,0,95.8
Monstera,sandy,small,seedling,54.0,21.4,94.8,408.9,5.4,48.3,4,1,81.5
Money Plant,loamy,small,young,36.1,15.4,71.5,407.7,5.6,11.0,3,1,88.4
Aloe Vera,sandy,medium,mature,22.2,28.6,61.4,559.8,6.6,39.6,1,0,100.0
Aloe Vera,loamy,medium,young,4.8,24.1,54.0,881.0,9.4,22.4,1,1,100.0
Money Plant,loamy,large,mature,57.8,34.2,43.1,441.5,5.1,52.7,2,0,99.1
Snake Plant,loamy,medium,young,48.0,19.2,78.4,1193.4,8.2,43.7,2,0,100.0
Money Plant,sandy,large,young,67.8,30.9,71.4,383.5,5.2,37.7,4,0,98.3
Fern,sandy,medium,seedling,48.9,34.5,82.66146525554004,356.1,4.0,29.4,4,1,90.3
Peace Lily,sandy,large,mature,75.4,26.5,88.3988021015873,485.7,4.5,64.1,3,0,99.5
Peace Lily,loamy,small,mature,48.6,16.2,73.02779670089922,159.7,3.7,37.2,3,1,85.4
Peace Lily,loamy,large,young,77.5,28.0,60.13197574680311,488.0,5.1,33.8,3,0,100.0
Tulsi,loamy,small,young,40.0,29.0,28.1,428.6,6.2,16.1,2,0,99.6
Jade Plant,sandy,medium,mature,21.0,27.6,94.8,1007.4,9.6,18.7,1,0,84.6
Peace Lily,loamy,large,young,47.2,28.4,79.3,469.9,5.3,55.2,5,1,86.7
Peace Lily,loamy,small,seedling,74.1,36.9,89.6,240.7,2.2,2.3,5,0,79.5
Fern,sandy,medium,seedling,64.1,20.2,79.45648656976635,581.2,4.9,69.7,5,0,99.6
Snake Plant,sandy,small,seedling,45.6,25.5,65.1,316.6,5.0,66.3,1,0,98.7
Peace Lily,loamy,medium,seedling,59.8,18.1,90.95497455255924,585.7,4.3,44.3,4,0,85.4
Fern,sandy,small,mature,42.4,35.1,87.67781991522925,337.3,4.3,40.5,4,1,92.6
Tulsi,clay,medium,seedling,57.1,15.8,92.7,464.0,5.1,14.3,2,0,78.1
Monstera,clay,small,mature,49.0,17.7,72.36234613010589,593.6,4.8,10.6,5,1,89.9
Monstera,clay,large,seedling,61.6,24.7,90.8265621239287,511.8,5.7,32.0,5,0,95.9
Areca Palm,sandy,medium,seedling,63.6,24.3,36.9,342.9,4.4,24.3,3,0,99.6
Peace Lily,loamy,medium,young,81.9,33.4,86.50493991453527,599.9,5.8,32.9,4,0,100.0
Aloe Vera,sandy,large,seedling,21.6,16.8,63.0,786.8,7.7,41.9,1,0,75.9
Spider Plant,clay,medium,mature,32.8,29.9,46.1,341.8,5.8,7.3,2,0,98.3
Fern,clay,medium,young,61.1,36.4,87.33529254860873,588.4,4.2,34.2,3,0,87.7
Spider Plant,loamy,large,young,36.3,34.5,51.7,494.5,5.4,28.7,2,1,98.4
Monstera,sandy,medium,seedling,60.8,16.0,93.49214737712444,174.9,3.9,71.3,3,0,80.9
Tulsi,loamy,large,seedling,58.3,30.4,55.4,342.2,5.0,29.0,4,0,89.9
Jade Plant,sandy,large,mature,29.4,34.5,55.1,754.0,9.6,16.5,1,1,100.0
Aloe Vera,clay,medium,seedling,13.0,31.4,50.5,1072.4,9.3,61.0,1,0,92.1
Money Plant,sandy,large,young,65.5,20.0,34.9,450.2,5.3,66.7,3,0,100.0
Aloe Vera,sandy,medium,seedling,14.4,24.0,27.7,835.6,8.1,66.3,1,0,96.9
Areca Palm,loamy,large,young,69.0,31.5,63.1,574.3,4.3,51.6,3,0,100.0
Aloe Vera,sandy,small,mature,25.5,30.0,41.2,598.1,6.7,29.6,1,0,100.0
Tulsi,sandy,medium,mature,39.3,24.2,59.8,554.5,6.5,61.1,2,1,88.9
Areca Palm,clay,large,mature,66.7,24.9,33.2,396.7,5.7,33.9,2,0,97.8
Monstera,clay,medium,mature,68.6,28.9,74.57522631650464,115.2,2.7,44.0,3,0,100.0
Money Plant,loamy,small,young,68.2,34.8,50.0,459.6,5.9,61.9,3,0,100.0
Money Plant,loamy,large,seedling,65.4,25.0,31.9,434.7,4.5,46.1,2,0,95.5
Tulsi,clay,small,young,63.6,25.1,49.6,401.9,4.5,51.6,2,0,100.0
Spider Plant,sandy,small,seedling,13.8,35.1,81.3,353.7,4.0,65.8,2,1,66.6
Spider Plant,clay,large,seedling,48.8,16.1,66.3,391.2,6.1,62.5,2,0,75.9
Spider Plant,clay,small,young,29.5,31.5,52.3,532.8,6.7,33.0,1,0,95.7
Areca Palm,sandy,medium,young,63.7,18.9,46.7,334.7,6.0,51.9,4,0,100.0
Money Plant,loamy,medium,seedling,33.6,28.2,26.6,378.1,6.2,62.7,3,1,81.1
Areca Palm,clay,large,seedling,42.4,22.9,63.8,309.5,6.8,56.5,3,0,98.1
Spider Plant,loamy,large,mature,21.7,29.8,66.0,1111.0,8.9,43.5,1,0,95.2
Aloe Vera,loamy,small,young,19.9,33.6,66.0,958.6,8.0,63.6,1,1,83.8
Aloe Vera,loamy,large,mature,12.0,33.9,87.4,749.3,8.1,57.7,1,1,67.3
Snake Plant,clay,large,seedling,34.7,35.4,62.9,339.7,4.1,28.7,2,1,77.0
Aloe Vera,clay,medium,mature,16.1,37.3,70.4,942.8,10.0,20.4,1,1,71.3
Peace Lily,clay,small,young,69.6,30.1,65.38555665104867,571.1,4.8,68.1,5,0,100.0
Aloe Vera,sandy,large,mature,22.9,35.6,53.1,933.4,7.9,18.6,1,1,90.5
Monstera,sandy,medium,mature,65.0,30.9,74.05979016222419,173.8,3.3,45.6,4,0,99.4
Fern,sandy,large,seedling,42.3,35.7,85.99516848865414,191.1,3.7,56.1,4,1,63.7
Areca Palm,clay,small,mature,66.1,16.0,58.4,494.9,5.7,65.9,4,0,94.6
Monstera,sandy,large,young,58.8,35.9,65.6504848462068,326.8,4.3,45.4,4,0,93.3
Aloe Vera,loamy,small,young,32.5,16.1,79.4,733.8,8.8,1.2,1,0,71.7
Fern,loamy,medium,mature,71.2,32.3,73.86970097310495,168.0,2.8,4.9,5,0,95.6
Aloe Vera,loamy,medium,mature,24.1,19.5,81.0,742.2,7.4,39.8,1,0,89.5
Fern,clay,small,mature,70.9,17.0,88.21137962598416,495.4,5.7,47.2,3,0,92.4
Tulsi,loamy,small,young,50.7,37.3,88.9,575.1,4.6,39.9,2,0,94.0
Aloe Vera,sandy,medium,seedling,5.5,22.2,25.2,1054.3,7.2,61.6,1,1,89.9
Jade Plant,clay,medium,mature,24.7,21.0,71.9,966.3,8.1,3.0,1,0,89.6
Money Plant,clay,large,seedling,63.3,29.5,38.6,561.4,6.8,41.8,4,0,91.1
Snake Plant,loamy,large,young,18.7,22.5,73.8,704.0,8.2,63.9,1,1,83.6
Spider Plant,clay,large,young,46.5,31.7,87.8,300.2,5.1,44.2,2,0,96.9
Monstera,loamy,medium,seedling,72.1,35.8,75.81223729875022,406.7,5.9,25.9,5,0,82.1
Spider Plant,clay,small,mature,29.1,26.9,85.9,706.4,7.8,6.5,1,0,99.8
Fern,sandy,medium,young,62.8,24.4,83.9,325.5,4.4,15.0,5,0,100.0
Monstera,loamy,medium,seedling,46.6,20.2,79.9,110.4,3.2,12.9,3,1,100.0
Peace Lily,loamy,small,mature,65.7,24.3,89.95823144825236,227.9,2.5,25.6,4,0,97.3
Money Plant,sandy,small,young,39.2,26.1,63.3,329.8,5.7,30.1,4,1,95.8
Spider Plant,loamy,large,seedling,20.2,17.5,77.3,517.1,6.9,52.1,2,0,80.5
Aloe Vera,sandy,medium,young,10.6,37.5,70.6,977.4,7.2,41.8,1,1,73.7
Aloe Vera,clay,medium,seedling,26.0,16.4,38.8,929.5,7.8,32.7,1,0,84.2
Spider Plant,loamy,medium,seedling,47.2,17.9,25.1,334.5,5.5,3.5,2,0,84.3
Spider Plant,loamy,large,seedling,28.1,24.8,57.0,758.9,7.6,67.9,1,0,100.0
Fern,loamy,small,young,78.1,22.3,89.28098794116508,277.1,2.3,57.4,3,0,100.0
Snake Plant,sandy,medium,mature,41.7,33.0,32.6,565.9,5.1,51.1,2,0,100.0
Peace Lily,clay,large,young,66.0,32.4,75.70597111981746,596.3,5.9,37.4,4,0,100.0
Snake Plant,loamy,medium,young,37.6,21.5,80.1,513.1,6.4,61.0,2,0,97.9
Fern,clay,small,young,54.2,26.4,72.2747278372687,441.0,4.4,7.8,5,1,100.0
Money Plant,sandy,medium,mature,38.9,23.6,88.5,596.3,4.5,50.0,2,1,83.6
Aloe Vera,sandy,medium,mature,27.6,26.2,71.5,1039.1,7.0,33.8,1,0,88.6
Spider Plant,clay,small,mature,14.9,26.9,54.0,337.7,5.0,27.0,1,1,100.0
Snake Plant,loamy,large,young,17.3,33.4,57.7,1179.2,7.9,56.3,1,1,80.5
Monstera,sandy,medium,seedling,72.1,23.8,86.30495367803286,351.4,5.2,59.9,3,0,100.0
Fern,loamy,medium,young,62.6,19.4,78.53712133226223,388.7,5.2,38.0,4,0,100.0
Areca Palm,clay,large,mature,44.4,19.6,86.6,365.1,4.6,29.0,2,0,100.0
Fern,loamy,small,seedling,67.0,15.5,92.7382746502212,542.5,4.2,29.3,5,0,81.6
Snake Plant,loamy,large,young,20.4,25.7,91.3,420.0,4.3,48.3,1,0,100.0
Jade Plant,loamy,medium,mature,11.1,20.2,32.4,1049.2,9.3,18.6,1,0,100.0
Peace Lily,loamy,large,young,56.7,16.3,83.69685901641719,250.1,3.9,45.5,3,0,94.8
Money Plant,sandy,small,seedling,32.9,34.3,66.4,443.9,5.3,47.5,3,1,89.3
Peace Lily,clay,small,young,75.3,35.4,86.74245332536897,264.2,2.7,54.8,4,0,86.9
Jade Plant,loamy,large,young,28.3,25.9,49.3,492.3,6.2,43.8,1,0,100.0
Jade Plant,sandy,large,mature,19.9,19.3,26.5,321.4,6.2,12.4,1,0,99.0
Money Plant,sandy,large,seedling,54.5,24.1,54.2,494.0,5.3,17.4,2,0,95.6
Fern,sandy,large,young,61.4,36.6,63.36430529191648,503.7,4.9,38.2,4,0,90.1
Peace Lily,sandy,large,seedling,59.5,17.7,86.7,508.5,5.7,42.0,5,0,83.1
Money Plant,clay,small,young,33.8,35.9,63.2,545.1,6.2,36.6,4,1,88.6
Tulsi,clay,large,young,55.2,24.4,27.5,391.4,7.0,41.3,4,0,96.8
Monstera,sandy,medium,seedling,65.6,20.5,68.5,158.5,3.3,25.5,5,0,100.0
Tulsi,loamy,large,seedling,39.9,17.1,75.7,391.2,6.2,12.8,4,1,83.1
Areca Palm,loamy,large,young,42.9,25.5,54.7,393.9,6.5,41.1,4,0,97.2
Monstera,loamy,medium,young,63.1,27.7,86.59178672391931,422.0,5.5,32.9,5,0,99.1
Jade Plant,loamy,medium,young,9.2,20.9,69.1,1133.0,7.7,37.0,1,1,100.0
Tulsi,loamy,small,seedling,34.7,28.4,78.6,503.9,4.3,16.7,2,1,100.0
Snake Plant,sandy,small,young,14.1,23.4,28.1,547.8,4.7,61.7,1,1,84.3
Monstera,sandy,large,young,53.2,37.5,80.2,535.8,5.2,39.6,5,1,93.1
Money Plant,clay,medium,mature,65.9,32.6,72.3,398.4,5.6,0.7,3,0,100.0
Spider Plant,loamy,large,mature,50.4,32.4,43.7,890.0,7.0,25.5,2,0,100.0
Aloe Vera,sandy,medium,young,10.7,37.8,31.5,547.3,6.5,32.2,1,1,86.4
Money Plant,loamy,large,seedling,44.1,25.5,66.4,410.9,5.0,71.0,2,0,95.8
Spider Plant,clay,medium,seedling,48.0,19.1,80.4,355.2,4.6,50.0,2,0,95.3
Spider Plant,sandy,large,young,44.1,27.5,82.2,685.6,8.2,23.7,1,0,95.9
Spider Plant,sandy,small,mature,36.6,28.7,63.4,349.7,5.8,24.3,1,0,96.3
Areca Palm,clay,small,mature,65.1,19.2,87.1,358.9,4.2,19.2,4,0,99.3
Jade Plant,sandy,large,mature,28.6,34.3,61.9,679.4,7.3,57.8,1,1,81.9
Spider Plant,sandy,small,seedling,20.3,23.9,27.3,507.3,5.0,22.0,1,0,98.0
Tulsi,clay,large,seedling,62.0,16.3,95.0,480.4,4.1,0.7,2,0,75.0
Peace Lily,sandy,large,young,71.6,16.1,92.3,497.2,4.7,55.2,5,0,86.3
Jade Plant,sandy,large,mature,19.1,19.9,34.2,917.7,9.9,54.6,1,0,98.0
Snake Plant,sandy,small,seedling,14.9,25.6,56.7,397.1,4.3,33.6,2,1,96.8
Aloe Vera,clay,large,young,16.0,26.4,89.6,436.3,6.9,17.0,1,0,88.6
Areca Palm,sandy,small,young,36.8,37.2,88.6,319.9,4.8,43.1,4,1,88.6
Jade Plant,sandy,small,mature,25.0,30.8,54.1,1065.3,8.5,27.5,1,0,96.1
Peace Lily,clay,small,young,53.3,36.5,85.55347662404716,275.4,2.7,33.1,5,1,89.1
Jade Plant,loamy,large,mature,15.8,29.4,66.4,1086.1,7.0,35.6,1,0,100.0
Fern,clay,large,mature,48.4,23.9,69.32460547202818,278.1,3.6,71.5,4,1,84.6
Areca Palm,clay,small,mature,53.9,31.1,25.5,318.3,6.7,5.4,4,0,98.0
Aloe Vera,clay,small,mature,7.0,24.6,46.7,491.9,6.5,23.3,1,1,100.0
Snake Plant,loamy,large,young,46.4,21.1,35.3,601.0,7.0,42.3,1,0,99.5
Fern,clay,large,young,68.1,18.6,81.0,505.4,5.7,56.0,5,0,100.0
Money Plant,sandy,small,seedling,34.3,37.7,42.4,422.9,4.8,35.9,4,1,84.4
Aloe Vera,loamy,medium,seedling,17.3,34.7,53.3,969.2,9.2,44.8,1,1,87.9
Tulsi,sandy,medium,seedling,55.8,18.8,33.4,318.7,6.0,57.5,2,0,87.2
Tulsi,loamy,large,seedling,44.3,21.8,55.0,312.4,6.9,1.6,2,0,100.0
Spider Plant,sandy,small,young,19.4,28.4,70.8,430.5,5.6,71.9,1,1,86.9
Jade Plant,sandy,large,mature,24.3,22.4,41.8,1087.3,9.3,59.1,1,0,100.0
Peace Lily,sandy,medium,seedling,68.4,20.9,86.40711414789354,110.3,2.6,23.7,5,0,100.0
Fern,sandy,large,seedling,55.5,17.6,90.4,138.8,3.6,59.8,5,0,78.5
Money Plant,clay,large,young,65.3,31.0,36.9,377.0,5.8,39.6,2,0,98.4
Snake Plant,clay,large,seedling,21.4,28.9,84.8,469.6,4.5,68.6,2,0,99.6
Spider Plant,clay,large,mature,43.2,31.3,71.7,501.2,6.1,22.7,1,0,96.5
Spider Plant,loamy,medium,young,29.1,36.2,85.6,1078.4,7.9,27.0,2,1,94.3
Money Plant,sandy,large,mature,64.1,18.0,44.4,519.7,4.4,2.3,4,0,100.0
Tulsi,sandy,large,young,68.9,16.1,87.9,560.2,6.0,71.2,4,0,93.2
Peace Lily,clay,small,young,68.0,22.8,91.1,236.6,3.7,71.2,3,0,96.6
Monstera,sandy,large,young,58.1,19.7,80.0,104.0,3.0,2.8,5,0,100.0
Peace Lily,loamy,large,young,54.1,16.8,83.0,506.0,5.3,22.1,3,1,94.4
Jade Plant,sandy,large,mature,10.2,33.3,69.5,1078.0,9.7,61.1,1,1,88.7
Peace Lily,loamy,large,mature,61.5,15.8,85.2,131.0,2.3,0.8,3,0,94.1
Areca Palm,clay,small,mature,34.7,17.9,92.5,309.4,5.8,70.4,3,1,77.8
Snake Plant,clay,medium,young,41.4,21.3,33.3,364.4,4.4,67.0,2,0,100.0
Fern,loamy,medium,seedling,70.9,29.8,76.89722809421708,499.5,4.2,8.7,3,0,90.7
Tulsi,sandy,medium,mature,42.5,31.3,76.3,316.5,6.0,4.0,2,0,97.3
Monstera,sandy,large,seedling,71.1,25.4,73.0,435.4,4.1,71.3,3,0,100.0
Peace Lily,clay,large,seedling,68.2,26.0,71.36381184286725,239.5,3.8,14.2,4,0,100.0
Money Plant,clay,small,mature,56.9,20.2,72.1,456.7,5.4,11.8,2,0,99.5
Aloe Vera,sandy,large,seedling,8.2,24.0,32.0,1146.1,9.4,43.6,1,1,100.0
Snake Plant,sandy,small,mature,27.0,25.4,43.2,387.0,4.6,17.0,1,0,95.9
Jade Plant,clay,medium,mature,28.4,25.8,69.7,1172.7,8.6,14.3,1,0,96.1
Tulsi,clay,small,young,39.4,23.4,28.9,301.0,6.7,67.2,3,1,83.0
Peace Lily,sandy,small,mature,55.0,17.2,82.37178818531072,168.0,2.2,31.0,5,0,88.8
Tulsi,clay,medium,seedling,43.3,18.2,64.4,402.4,4.7,11.2,3,0,90.8
Fern,sandy,large,mature,77.6,34.0,78.45852126241878,573.3,4.7,18.9,5,0,99.1
Peace Lily,sandy,large,young,76.7,27.8,72.9,261.6,3.1,57.2,3,0,95.9
Snake Plant,clay,small,young,28.2,20.1,40.4,444.0,6.6,47.2,2,0,98.0
Monstera,clay,large,mature,55.8,32.7,81.50787650421373,556.6,5.9,11.4,3,0,100.0
Fern,sandy,medium,seedling,58.7,26.2,90.4,228.0,2.3,42.4,4,0,96.1
Areca Palm,loamy,large,young,58.0,32.2,71.9,393.2,6.2,27.3,4,0,98.3
Fern,loamy,large,young,54.8,28.9,78.85622766781515,290.9,3.8,66.6,4,1,87.3
Money Plant,loamy,large,mature,39.6,32.0,86.7,555.8,5.9,44.4,3,1,95.4
Peace Lily,loamy,medium,young,46.3,35.2,64.10946309595349,551.5,5.3,23.1,4,1,87.8
Snake Plant,clay,large,mature,35.8,23.5,89.4,357.9,5.3,3.2,1,0,97.9
Snake Plant,sandy,medium,seedling,35.3,26.7,41.6,314.4,5.0,56.4,1,0,100.0
Areca Palm,clay,small,young,69.1,19.0,82.2,527.8,4.8,33.1,2,0,95.3
Spider Plant,sandy,small,mature,24.0,35.1,28.5,979.0,7.9,58.3,1,1,70.5
Areca Palm,loamy,large,mature,33.8,19.4,26.5,346.6,6.2,45.8,2,1,100.0
Aloe Vera,clay,small,seedling,17.9,24.2,89.0,1049.3,7.8,71.5,1,0,83.8
Aloe Vera,clay,small,mature,19.4,31.6,36.8,1071.5,9.4,55.4,1,0,97.0
Monstera,sandy,small,young,71.4,20.1,94.28666172985012,166.0,2.4,37.3,5,0,95.1
Monstera,loamy,large,young,69.4,20.0,94.0796708811165,134.9,2.1,55.8,4,0,95.1
Peace Lily,loamy,small,mature,70.8,29.0,94.9460031733376,428.4,5.0,54.2,3,0,99.2
Fern,sandy,medium,seedling,61.5,27.5,72.9091634991335,430.4,5.2,64.5,5,0,100.0
Areca Palm,clay,medium,seedling,53.9,34.0,58.2,331.8,4.5,60.8,3,0,91.4
Fern,loamy,small,mature,60.4,34.0,78.93013699369061,276.9,2.1,51.0,5,0,96.0
Snake Plant,sandy,small,young,25.5,21.0,27.4,1085.0,7.4,23.5,1,0,100.0
Areca Palm,sandy,medium,mature,39.9,19.3,51.1,557.4,6.7,68.3,4,1,84.8
Areca Palm,clay,small,mature,44.5,22.3,69.2,338.4,5.2,3.6,3,0,100.0
Fern,clay,medium,seedling,64.0,27.6,78.00889434184224,379.7,4.6,40.4,3,0,100.0
Snake Plant,sandy,medium,seedling,24.8,15.1,67.1,1110.4,7.6,53.7,1,0,75.9
Jade Plant,loamy,medium,young,6.0,22.3,41.5,914.5,10.0,11.8,1,1,100.0
Snake Plant,clay,medium,seedling,32.0,32.5,66.3,422.8,4.6,10.6,1,0,90.4
Areca Palm,clay,small,young,40.2,31.9,43.0,374.4,4.1,26.9,2,0,100.0
Spider Plant,sandy,small,seedling,37.2,30.8,92.9,1179.7,8.2,13.9,2,0,85.7
Jade Plant,loamy,large,young,25.0,30.3,71.3,1158.5,9.0,63.5,1,0,87.0
Money Plant,loamy,medium,seedling,35.6,31.2,41.8,421.2,4.3,2.2,2,1,86.0
Jade Plant,loamy,medium,mature,20.0,25.9,48.7,840.5,7.4,4.9,1,0,100.0
Peace Lily,sandy,small,young,78.6,27.3,84.9,331.0,5.3,39.6,5,0,99.4
Aloe Vera,loamy,large,mature,16.9,21.6,47.6,327.8,6.3,62.9,1,0,100.0
Tulsi,loamy,small,young,42.8,25.1,73.1,471.6,4.4,57.4,4,0,96.9
Fern,loamy,small,mature,51.5,20.0,92.0,334.7,4.4,35.3,3,1,97.5
Tulsi,loamy,small,seedling,65.7,27.1,77.0,378.7,4.8,59.9,4,0,100.0
Money Plant,clay,large,mature,53.4,21.3,37.1,376.5,6.0,36.5,2,0,98.9
Monstera,clay,small,young,74.2,33.0,72.29982342996799,531.9,5.6,49.1,3,0,100.0
Aloe Vera,sandy,small,young,29.5,17.9,70.8,536.3,6.5,31.2,1,0,78.6
Spider Plant,clay,small,mature,50.0,21.6,52.4,377.3,6.0,11.9,2,0,100.0
Spider Plant,loamy,large,mature,22.1,29.8,88.1,724.6,7.6,51.9,1,0,95.0
Jade Plant,loamy,large,mature,28.0,29.1,66.2,891.5,9.7,20.8,1,0,100.0
Tulsi,loamy,large,seedling,63.3,35.8,70.2,419.8,4.9,69.1,4,0,81.8
Jade Plant,loamy,large,mature,5.0,30.0,26.0,707.1,8.0,38.6,1,1,96.2
Snake Plant,clay,medium,mature,35.3,26.9,78.5,446.1,5.1,55.5,1,0,96.8
Tulsi,clay,small,young,49.8,20.3,91.1,301.9,6.7,50.3,4,0,100.0
Spider Plant,clay,large,young,31.2,16.0,44.3,737.9,7.2,20.6,1,0,89.1
Fern,clay,small,mature,75.3,37.6,83.2,214.5,2.8,58.3,4,0,94.7
Areca Palm,clay,large,seedling,64.0,29.5,25.9,323.5,5.2,18.6,3,0,93.1
Money Plant,loamy,small,mature,42.6,19.9,44.1,521.7,5.6,66.3,2,0,97.3
Monstera,clay,small,mature,67.2,17.7,89.21793925983283,146.7,4.0,44.6,5,0,94.4
Monstera,clay,medium,young,50.9,19.2,90.22114833014584,358.5,4.6,15.2,3,1,100.0
Areca Palm,loamy,medium,seedling,47.5,18.3,46.6,527.3,5.6,8.1,4,0,91.0
Snake Plant,loamy,medium,young,17.6,33.5,55.6,920.3,7.7,47.2,1,1,97.2
Snake Plant,sandy,large,mature,30.2,37.7,28.5,590.1,6.9,10.1,1,1,91.4
Jade Plant,sandy,large,seedling,20.5,29.6,72.5,1064.1,8.4,3.1,1,0,76.7
Jade Plant,sandy,small,seedling,28.7,23.6,38.4,476.5,6.6,3.5,1,0,97.6
Tulsi,clay,large,seedling,72.7,15.3,73.5,452.1,6.4,5.3,2,0,83.6
Peace Lily,loamy,small,young,52.0,20.6,77.93980930905016,249.6,3.5,54.8,4,1,81.8
Monstera,sandy,large,young,76.0,15.8,75.47909020516595,312.4,4.7,30.8,3,0,92.9
Money Plant,clay,large,young,69.6,17.8,91.1,595.3,4.8,71.3,3,0,92.1
Monstera,loamy,small,young,45.7,31.7,84.3,385.8,4.3,11.3,3,1,100.0
Jade Plant,loamy,large,seedling,22.6,21.2,61.2,724.9,9.5,56.5,1,0,100.0
Peace Lily,clay,large,mature,68.0,17.3,86.0,240.0,3.1,27.9,3,0,89.9
Snake Plant,sandy,small,young,50.1,29.1,49.9,1146.9,7.8,7.5,1,0,95.6
Aloe Vera,loamy,large,young,28.6,28.4,69.2,947.2,7.8,18.5,1,0,96.1
Areca Palm,clay,small,seedling,71.9,37.5,39.1,424.9,4.5,0.6,4,0,84.1
Monstera,loamy,medium,mature,70.9,23.8,88.9,246.6,3.2,10.3,4,0,96.8
Snake Plant,clay,large,seedling,37.4,21.6,79.0,563.0,5.2,40.2,2,0,100.0
Monstera,sandy,large,seedling,48.9,37.1,75.8,145.9,2.1,30.4,3,1,83.9
Spider Plant,clay,small,mature,52.5,35.1,33.7,478.4,4.0,32.5,1,0,90.0
Spider Plant,loamy,large,seedling,36.7,16.0,72.8,527.8,4.8,18.5,2,0,76.3
Jade Plant,loamy,large,seedling,9.8,35.3,81.3,942.9,9.2,30.2,1,1,64.5
Jade Plant,sandy,large,seedling,8.7,30.0,82.7,674.2,7.3,29.9,1,1,75.0
Aloe Vera,sandy,small,young,1.0,33.4,44.7,1084.5,8.0,59.3,1,1,86.0
Snake Plant,sandy,medium,young,44.0,16.5,73.9,550.0,5.7,2.9,2,0,92.8
Areca Palm,clay,small,young,52.4,21.5,67.7,403.3,5.0,15.1,2,0,96.2
Monstera,sandy,medium,seedling,46.0,29.6,80.63573144768398,193.0,3.5,37.0,3,1,90.5
Money Plant,sandy,large,seedling,71.6,24.7,64.3,401.7,4.6,28.9,3,0,100.0
Aloe Vera,loamy,small,seedling,28.6,37.2,77.9,1179.7,8.2,3.6,1,1,69.6
Fern,loamy,large,mature,71.3,34.5,87.8,116.1,3.4,28.0,4,0,96.6
Tulsi,loamy,medium,seedling,51.2,21.8,44.7,572.1,4.3,48.7,2,0,96.3
Snake Plant,sandy,large,seedling,48.9,17.3,83.9,659.8,7.3,60.8,1,0,81.6
Tulsi,clay,small,seedling,46.3,33.3,93.7,476.9,5.8,8.6,3,0,90.0
Money Plant,loamy,small,mature,49.2,24.1,51.2,344.6,6.5,14.4,4,0,99.9
Spider Plant,sandy,large,seedling,28.9,23.6,61.2,1186.4,7.5,40.3,1,0,96.6
Monstera,sandy,small,seedling,55.1,31.4,81.5,537.5,4.6,70.2,4,0,92.3
Money Plant,loamy,medium,mature,60.1,34.6,80.6,315.3,5.5,61.6,3,0,95.2
Money Plant,loamy,large,seedling,72.6,31.3,94.0,591.1,5.6,18.0,2,0,93.8
Monstera,clay,large,seedling,54.8,36.6,67.69642813250708,214.1,2.5,49.9,3,1,61.1
Monstera,loamy,large,young,77.2,21.0,79.22922453909172,355.9,5.1,31.0,4,0,100.0
Fern,clay,large,young,75.8,15.3,62.420807205342925,179.3,2.5,68.5,4,0,92.2
Fern,sandy,small,seedling,55.9,31.3,88.53086811936312,371.2,5.5,7.7,5,0,93.9
Monstera,loamy,medium,mature,61.0,34.0,63.47315693721951,541.2,5.6,45.2,5,0,97.2
Snake Plant,loamy,small,seedling,13.0,24.7,32.9,845.1,7.1,61.9,2,1,89.6
Peace Lily,loamy,large,young,46.3,24.8,79.2,274.1,2.4,36.6,5,1,97.9
Tulsi,loamy,large,seedling,56.3,36.1,79.8,396.7,5.8,63.9,2,0,76.7
Monstera,clay,large,young,61.5,18.2,75.40272417059751,215.3,3.7,32.2,3,0,100.0
Peace Lily,clay,small,seedling,67.8,35.3,86.12360630201104,262.3,2.6,17.4,4,0,79.1
Aloe Vera,clay,large,seedling,7.0,22.9,59.0,656.3,7.1,1.8,1,1,99.4
Spider Plant,sandy,large,young,45.6,19.2,42.9,343.2,5.0,55.1,2,0,98.9
Aloe Vera,loamy,small,mature,28.6,35.3,56.2,1125.5,8.6,7.1,1,1,94.5
Aloe Vera,sandy,small,young,17.1,35.9,43.5,671.7,7.5,22.0,1,1,90.2
Snake Plant,loamy,large,mature,35.2,15.9,86.6,640.2,8.9,61.0,1,0,93.7
Areca Palm,sandy,large,young,70.5,25.4,25.9,346.8,6.8,16.3,2,0,97.3
Money Plant,sandy,small,mature,58.3,32.8,75.7,587.6,5.7,3.1,4,0,100.0
Fern,loamy,large,seedling,56.9,15.9,90.9,118.3,3.6,31.5,5,0,82.0
Peace Lily,loamy,large,young,53.6,23.7,63.65770884022518,354.4,5.2,1.0,3,1,100.0
Snake Plant,clay,small,seedling,12.7,25.9,75.4,370.6,4.3,69.4,2,1,88.6
Spider Plant,sandy,large,young,23.6,20.6,44.3,344.2,5.7,4.1,2,0,96.1
Tulsi,clay,large,seedling,59.8,20.1,82.9,515.9,6.3,25.5,3,0,95.2
Fern,clay,small,mature,72.7,20.5,88.9,494.5,4.1,1.4,4,0,95.6
Aloe Vera,sandy,small,mature,20.2,18.5,82.5,961.3,8.0,9.3,1,0,84.0
Monstera,loamy,small,young,52.1,27.0,87.32068813150252,220.0,3.6,68.2,5,1,87.1
Areca Palm,clay,large,seedling,37.5,22.3,48.0,335.6,6.6,0.3,2,1,100.0
Aloe Vera,clay,medium,young,5.7,30.9,76.8,306.8,6.7,64.4,1,1,72.1
Aloe Vera,clay,small,young,5.3,34.7,53.3,360.6,6.3,59.9,1,1,89.1
Jade Plant,loamy,medium,young,2.3,18.0,57.5,1138.2,7.1,63.1,1,1,89.7
Tulsi,clay,large,young,58.5,33.0,30.0,442.4,5.1,11.9,2,0,98.5
Aloe Vera,clay,small,seedling,30.5,26.7,47.3,538.4,6.8,53.9,1,0,100.0
Tulsi,clay,large,seedling,65.3,30.0,54.9,533.9,6.0,34.9,2,0,89.5
Aloe Vera,loamy,medium,seedling,21.8,37.8,44.8,1062.7,9.5,38.7,1,1,79.3
Money Plant,clay,medium,young,40.8,31.8,89.9,531.8,5.1,14.7,4,0,96.3
Money Plant,clay,large,mature,40.9,19.4,51.3,473.8,5.8,65.6,4,0,100.0
Peace Lily,loamy,medium,seedling,51.3,35.2,78.5,374.0,5.7,4.3,3,1,81.5
Areca Palm,loamy,small,seedling,45.6,21.3,64.2,485.1,6.4,40.0,3,0,97.0
Tulsi,sandy,large,young,40.4,18.4,64.3,310.1,5.6,51.1,4,0,97.3
Peace Lily,loamy,large,mature,77.1,25.3,81.48981646360451,260.6,2.9,61.0,3,0,100.0
Spider Plant,clay,medium,young,28.6,24.2,44.8,542.2,5.7,39.3,2,0,100.0
Aloe Vera,clay,medium,mature,20.0,33.6,80.0,1047.3,7.8,26.8,1,1,87.6
Snake Plant,clay,large,young,49.1,15.0,49.7,783.1,8.3,16.4,1,0,88.0
Peace Lily,loamy,small,seedling,75.3,35.0,74.7193958218878,191.4,3.5,62.2,4,0,89.3
Tulsi,clay,medium,seedling,47.6,24.1,50.1,498.1,6.4,23.8,3,0,100.0
Fern,sandy,small,mature,63.9,22.4,82.2,281.9,3.2,36.2,5,0,100.0
Aloe Vera,clay,small,mature,17.8,28.8,84.0,1153.0,7.6,17.0,1,0,86.1
Areca Palm,clay,medium,mature,44.5,18.0,86.5,452.8,5.8,64.9,4,0,100.0
Monstera,loamy,large,young,44.5,20.9,83.4395268780678,377.3,5.2,69.4,4,1,88.4
Monstera,loamy,large,young,66.7,29.8,81.2,250.0,3.4,51.4,4,0,100.0
Snake Plant,sandy,medium,seedling,44.7,37.1,71.4,421.0,5.2,34.2,1,1,76.0
Tulsi,loamy,large,mature,72.1,27.2,85.7,431.7,6.1,41.2,2,0,95.2
Fern,clay,large,seedling,56.0,22.0,86.26485696493307,259.0,2.7,13.0,5,0,98.8
Tulsi,loamy,medium,seedling,33.9,36.8,39.5,571.2,6.7,24.8,3,1,84.6
Aloe Vera,sandy,medium,seedling,12.6,26.5,82.9,1162.3,8.7,28.6,1,0,81.7
Money Plant,loamy,large,young,55.5,33.0,90.7,314.1,4.5,6.6,4,0,96.9
Jade Plant,clay,large,mature,10.5,25.6,34.0,1054.8,9.9,41.7,1,0,98.7
Aloe Vera,sandy,medium,mature,2.7,17.0,93.2,988.7,7.9,52.4,1,1,55.4
Aloe Vera,clay,large,seedling,7.0,19.2,34.9,1005.0,8.4,9.7,1,1,100.0
Spider Plant,sandy,small,young,42.0,22.0,53.6,854.3,8.7,66.2,2,0,99.8
Areca Palm,sandy,medium,young,38.0,37.2,28.5,335.8,6.1,6.0,2,1,91.7
Areca Palm,loamy,medium,young,48.9,32.6,39.2,593.2,4.4,45.8,3,0,100.0
Aloe Vera,loamy,large,young,15.4,27.7,55.1,1073.7,8.8,9.4,1,0,100.0
Fern,loamy,medium,mature,59.8,22.7,89.94043092785465,544.0,4.8,49.6,4,0,99.4
Areca Palm,sandy,large,young,59.1,16.7,26.7,344.0,6.0,19.7,2,0,94.7
Monstera,sandy,large,seedling,49.3,33.7,82.4,364.5,4.2,4.0,3,1,92.7
Peace Lily,loamy,small,mature,69.5,33.4,87.67619057203616,128.2,2.5,4.6,3,0,100.0
Fern,sandy,large,seedling,55.3,19.7,80.15381076672355,177.1,3.1,0.1,3,0,95.0
Areca Palm,loamy,large,young,68.7,17.5,78.0,517.0,6.2,26.0,3,0,94.5
Snake Plant,sandy,large,seedling,20.6,22.5,59.8,350.6,6.0,52.0,1,0,100.0
Spider Plant,clay,large,young,30.5,30.4,65.7,1108.8,7.7,36.9,1,0,100.0
Money Plant,loamy,large,mature,57.2,37.5,61.6,483.7,4.6,4.0,4,0,85.5
Peace Lily,sandy,small,seedling,55.5,26.8,65.6216604065229,251.8,3.5,14.0,5,0,97.5
Spider Plant,sandy,medium,young,11.7,16.5,46.0,628.5,8.1,68.3,2,1,77.3
Aloe Vera,clay,small,seedling,7.4,23.8,59.3,988.8,7.5,32.2,1,1,100.0
Fern,clay,large,seedling,54.9,34.7,92.85291621205387,445.1,5.4,57.3,5,1,74.2
Fern,sandy,medium,young,42.5,22.8,81.33358086070064,186.5,3.1,35.8,3,1,99.1
Money Plant,loamy,large,young,33.6,16.3,83.5,454.0,4.5,60.6,2,1,76.0
Money Plant,loamy,large,mature,66.2,33.0,35.0,483.0,6.7,50.8,4,0,100.0
Snake Plant,loamy,medium,mature,15.2,37.6,86.1,1074.7,7.6,32.3,1,1,85.9
Jade Plant,sandy,small,mature,16.2,24.6,70.5,1133.3,9.5,8.4,1,0,89.9
Fern,loamy,large,seedling,53.0,30.3,67.20336303779847,487.5,5.0,5.3,5,1,93.6
Aloe Vera,clay,medium,young,13.9,17.6,40.0,995.3,9.7,32.2,1,0,89.9
Aloe Vera,sandy,small,mature,18.1,29.2,63.6,968.0,8.6,17.8,1,0,96.1
Money Plant,sandy,small,young,57.7,19.5,26.6,450.4,6.2,14.8,3,0,100.0
Jade Plant,loamy,small,young,19.3,32.7,71.5,804.3,9.0,42.6,1,0,82.7
Money Plant,clay,large,mature,39.1,22.5,54.3,374.9,5.6,8.6,4,1,100.0
Jade Plant,sandy,small,mature,13.9,34.7,60.6,356.7,6.8,43.2,1,1,100.0
Monstera,loamy,small,mature,46.5,17.5,73.79508403178377,149.9,2.8,40.7,4,1,91.7
Money Plant,loamy,medium,mature,66.3,27.1,53.6,512.8,5.3,23.9,3,0,100.0
Tulsi,sandy,medium,seedling,47.2,22.6,58.4,546.0,6.6,18.4,4,0,100.0
Monstera,sandy,medium,mature,45.6,34.4,86.68236149303105,349.4,4.8,12.5,4,1,96.7
Peace Lily,loamy,small,mature,46.8,32.5,89.5295657609837,492.5,4.0,62.3,4,1,82.0
Areca Palm,sandy,small,young,38.3,25.9,28.0,310.8,5.1,3.8,3,1,98.2
Areca Palm,clay,large,seedling,55.9,20.2,76.4,499.5,5.3,57.8,3,0,100.0
Money Plant,loamy,large,seedling,41.1,29.3,43.9,414.2,6.7,11.1,3,0,91.1
Jade Plant,sandy,small,young,9.9,16.1,47.4,481.3,6.8,15.3,1,1,94.7
Areca Palm,loamy,medium,young,34.1,37.2,39.9,491.6,6.6,69.4,3,1,75.4
Fern,clay,medium,young,54.4,17.6,87.9,204.5,3.7,8.8,5,1,91.8
Aloe Vera,loamy,medium,mature,8.3,31.7,75.0,680.1,7.1,46.4,1,1,88.4
Peace Lily,loamy,medium,young,48.9,32.0,74.2,266.0,3.5,27.8,3,1,97.4
Areca Palm,sandy,small,mature,60.8,23.3,31.0,537.0,5.9,19.1,3,0,100.0
Aloe Vera,sandy,large,mature,31.6,37.1,57.4,386.0,6.8,9.0,1,1,90.4
Areca Palm,loamy,large,mature,45.1,33.6,52.6,567.4,5.1,35.3,4,0,100.0
Snake Plant,loamy,large,mature,42.4,33.1,37.1,369.9,5.1,0.0,1,1,97.1
Aloe Vera,loamy,large,seedling,6.7,32.7,31.2,392.7,6.9,16.7,1,1,89.3
Jade Plant,sandy,large,young,30.1,33.4,38.3,699.8,8.1,23.1,1,1,96.0
Fern,loamy,medium,seedling,80.1,27.5,81.0,140.3,2.5,70.7,5,0,95.3
Areca Palm,loamy,large,mature,41.4,24.8,31.9,381.7,6.2,7.7,3,0,100.0
Monstera,loamy,small,young,61.6,33.1,68.5841861076847,358.4,5.7,34.0,5,0,98.7
Aloe Vera,clay,large,mature,4.9,17.5,93.2,558.3,6.5,26.5,1,1,77.3
Aloe Vera,clay,large,seedling,20.8,36.2,75.2,399.9,6.7,5.8,1,1,63.9
Jade Plant,sandy,large,young,25.0,17.2,48.4,1179.7,9.7,52.1,1,0,93.0
Spider Plant,sandy,small,seedling,24.7,17.3,91.3,984.0,7.1,40.5,1,0,83.2
Money Plant,sandy,large,seedling,42.5,33.3,40.1,493.1,5.6,1.4,3,1,94.4
Money Plant,sandy,small,seedling,51.8,27.3,94.6,590.0,5.8,41.6,3,0,96.7
Jade Plant,sandy,medium,seedling,21.8,29.8,72.7,900.0,8.2,55.5,1,0,73.9
Money Plant,loamy,small,mature,42.3,27.5,67.1,341.3,5.2,52.4,2,0,98.8
Tulsi,loamy,small,mature,46.1,19.7,51.0,377.5,5.0,66.2,4,0,99.6
Spider Plant,loamy,medium,mature,22.5,31.4,28.9,972.5,9.0,55.2,1,0,100.0
Monstera,loamy,small,mature,53.4,31.1,84.39875735939387,595.4,5.3,3.0,4,1,100.0
Peace Lily,loamy,small,young,52.5,21.0,93.54489138427854,222.7,2.9,46.2,4,1,100.0
Spider Plant,sandy,small,young,41.7,29.9,39.4,411.5,4.9,8.9,1,0,100.0
Aloe Vera,clay,small,young,30.3,26.3,58.4,392.7,6.3,44.0,1,0,96.3
Fern,clay,medium,young,44.4,22.1,79.62041477185488,234.1,2.2,35.4,3,1,98.7
Aloe Vera,loamy,large,young,28.4,30.9,65.5,1176.9,8.6,39.5,1,0,96.6
Jade Plant,loamy,small,seedling,20.0,28.9,55.9,977.9,9.9,4.0,1,0,97.4
Fern,loamy,small,young,60.4,17.8,92.36331691807813,369.5,4.8,68.5,3,0,88.4
Aloe Vera,loamy,small,young,5.5,28.9,91.8,961.1,8.1,8.1,1,1,86.6
Peace Lily,loamy,large,seedling,71.8,36.8,95.0,590.0,5.6,1.4,5,0,78.0
Tulsi,clay,medium,seedling,41.2,23.6,44.5,354.2,6.7,35.4,3,0,100.0
Tulsi,loamy,large,young,72.6,30.3,80.6,570.9,6.5,27.1,4,0,98.3
Money Plant,sandy,medium,mature,64.5,32.5,81.1,522.5,6.7,56.2,2,0,100.0
Fern,sandy,large,young,78.8,34.6,73.4,564.9,5.7,28.6,5,0,97.7
Peace Lily,clay,small,mature,71.7,26.9,62.24032194819114,254.0,3.0,11.2,5,0,95.9
Snake Plant,loamy,medium,seedling,42.2,16.4,38.6,780.7,7.3,60.2,2,0,76.1
Aloe Vera,loamy,large,seedling,16.0,26.3,44.0,515.3,6.7,43.9,1,0,100.0
Tulsi,clay,medium,mature,39.2,35.8,72.5,503.6,7.0,53.0,3,1,74.9
Monstera,sandy,small,seedling,82.3,26.3,83.9,149.9,2.1,3.7,3,0,100.0
Areca Palm,clay,large,young,73.3,18.7,47.9,331.6,4.9,31.7,4,0,100.0
Tulsi,loamy,small,seedling,42.5,23.6,32.5,384.6,5.2,61.0,4,0,100.0
Monstera,sandy,large,young,59.1,33.2,75.3167976624767,225.2,3.8,20.3,5,0,97.4
Spider Plant,loamy,small,seedling,15.7,25.2,36.0,535.2,5.1,46.3,2,1,100.0
Peace Lily,clay,large,young,44.4,15.5,71.0,212.8,3.0,29.5,4,1,87.4
Aloe Vera,clay,small,mature,10.8,27.9,81.7,619.2,8.5,56.2,1,0,83.6
Money Plant,clay,large,young,40.3,20.3,54.0,391.8,6.0,62.6,4,0,100.0
Money Plant,sandy,medium,young,37.4,25.3,43.5,574.7,6.2,46.5,2,1,98.3
Spider Plant,sandy,large,mature,41.9,22.2,80.4,932.8,7.5,51.1,2,0,95.7
Aloe Vera,clay,small,young,15.1,21.6,59.5,987.6,7.4,59.6,1,0,100.0
Tulsi,loamy,large,mature,44.8,32.0,79.3,462.2,4.4,48.3,4,0,100.0
Spider Plant,loamy,small,seedling,20.9,36.0,44.4,932.3,7.5,8.7,2,1,82.8
Snake Plant,clay,large,mature,49.7,33.0,34.2,488.3,4.9,31.8,1,0,100.0
Jade Plant,clay,medium,young,28.4,17.4,80.7,646.4,9.9,27.3,1,0,76.8
Monstera,loamy,small,young,68.2,22.5,62.51752504768897,564.5,5.0,66.4,4,0,96.8
Fern,clay,small,seedling,71.7,16.9,81.4,227.5,2.6,59.3,5,0,81.6
Tulsi,sandy,large,seedling,50.8,16.6,92.0,307.2,6.1,47.6,4,0,84.8
Areca Palm,loamy,medium,mature,41.6,17.9,67.3,374.6,6.8,49.3,2,0,86.0
Snake Plant,sandy,small,young,20.6,37.6,87.6,448.7,5.5,63.9,1,1,77.7
Snake Plant,clay,large,young,27.2,26.0,80.8,935.0,7.1,58.7,1,0,97.6
Spider Plant,clay,small,seedling,42.4,26.6,79.4,355.6,6.2,0.3,1,0,98.7
Peace Lily,clay,large,seedling,65.5,35.8,94.10830967508613,113.6,2.8,30.4,3,0,83.3
Aloe Vera,loamy,large,mature,28.8,16.3,64.7,1156.0,8.6,28.2,1,0,86.6
Jade Plant,sandy,medium,seedling,24.7,30.4,78.3,520.0,6.5,17.2,1,0,72.3
Peace Lily,sandy,medium,mature,60.4,35.1,87.95836802747313,219.0,3.1,14.3,3,0,85.6
Areca Palm,sandy,small,seedling,55.9,28.9,82.3,513.3,5.0,67.5,3,0,100.0
Peace Lily,clay,small,mature,59.8,23.7,78.73557093148877,240.6,3.2,3.4,3,0,100.0
Monstera,sandy,medium,seedling,66.6,15.9,78.85489503675335,257.7,3.4,7.2,5,0,81.4
Jade Plant,sandy,medium,young,28.8,16.1,31.2,933.7,8.4,11.9,1,0,90.5
Spider Plant,clay,large,seedling,28.9,28.8,90.0,454.8,6.8,47.1,2,0,100.0
Jade Plant,loamy,medium,young,9.5,24.6,86.5,369.5,6.7,38.9,1,1,87.2
Fern,sandy,large,seedling,66.6,25.3,89.41186008534144,503.4,4.0,65.4,3,0,97.5
Aloe Vera,loamy,large,seedling,28.6,37.9,44.6,600.5,8.1,31.9,1,1,76.7
Fern,loamy,medium,mature,56.0,23.2,94.46758708028096,510.9,5.1,15.7,3,0,100.0
Monstera,sandy,small,seedling,75.9,30.3,78.7,572.0,5.5,2.8,3,0,91.8
Monstera,sandy,large,seedling,48.3,19.0,72.9,148.9,2.3,6.7,5,1,100.0
Snake Plant,sandy,large,young,33.1,23.3,73.6,917.4,8.9,20.3,2,0,99.8
Snake Plant,loamy,medium,mature,26.5,28.6,52.9,327.9,4.8,50.3,2,0,100.0
Spider Plant,loamy,large,seedling,37.8,26.8,31.9,576.2,4.9,57.9,1,0,100.0
Tulsi,loamy,small,seedling,53.7,34.5,57.2,481.2,5.3,24.6,3,0,92.1
Areca Palm,loamy,small,mature,38.9,38.0,40.1,578.2,5.6,47.2,2,1,94.9
Jade Plant,clay,large,young,23.4,16.9,64.6,323.0,6.9,60.5,1,0,90.0
Areca Palm,sandy,medium,young,55.0,22.5,32.5,453.0,4.9,39.3,2,0,98.7
Tulsi,sandy,small,seedling,42.2,29.2,46.8,317.8,4.8,11.5,3,0,85.9
Areca Palm,clay,large,mature,66.0,37.1,66.6,567.2,4.1,55.6,3,0,85.6
Monstera,loamy,medium,young,53.9,23.2,92.65636550924646,520.7,4.9,17.9,5,1,100.0
Spider Plant,loamy,medium,young,25.4,30.9,63.6,563.7,4.2,9.8,2,0,100.0
Areca Palm,loamy,large,seedling,64.2,26.6,78.8,508.3,6.4,50.5,3,0,96.6
Spider Plant,clay,large,mature,42.0,28.3,80.1,1157.5,8.7,2.3,2,0,95.0
Jade Plant,loamy,small,seedling,20.3,34.1,82.4,630.8,9.5,16.5,1,1,76.2
Snake Plant,clay,medium,young,17.1,33.8,79.6,488.0,6.5,4.9,2,1,95.9
Snake Plant,loamy,small,seedling,21.6,17.1,28.3,416.9,6.3,44.6,2,0,84.7
Aloe Vera,sandy,medium,seedling,25.4,26.7,31.5,925.1,8.6,69.3,1,0,100.0
Jade Plant,loamy,small,mature,19.4,18.6,63.6,1101.5,9.7,18.8,1,0,99.9
Monstera,loamy,large,mature,73.8,29.4,87.7139621051374,253.9,2.2,25.7,5,0,97.6
Money Plant,loamy,medium,mature,51.2,28.7,87.9,566.2,6.6,63.0,3,0,98.7
Peace Lily,clay,medium,young,79.2,28.9,92.77389191707462,598.8,4.3,44.6,5,0,100.0
Monstera,clay,medium,seedling,71.1,23.3,81.55207989561558,333.6,5.6,35.4,3,0,100.0
Tulsi,sandy,large,seedling,54.1,19.4,26.4,409.5,6.2,10.0,2,0,99.4
Fern,clay,small,seedling,79.1,17.9,82.79999701220416,279.5,3.1,34.9,5,0,84.2
Aloe Vera,clay,large,mature,9.1,29.1,29.4,663.5,8.7,5.3,1,1,100.0
Fern,loamy,small,young,63.0,36.4,93.80292949406686,466.2,4.7,28.1,4,0,87.4
Spider Plant,clay,medium,mature,50.8,30.3,68.6,1073.3,8.5,53.6,2,0,99.7
Spider Plant,sandy,large,mature,33.3,15.5,80.7,996.3,8.2,10.3,1,0,91.9
Snake Plant,sandy,small,mature,48.4,37.7,48.2,527.0,4.8,0.0,1,0,94.4
Peace Lily,sandy,medium,mature,63.5,28.9,82.9,206.3,3.0,44.4,3,0,100.0
Areca Palm,clay,small,seedling,56.6,34.6,49.2,391.2,6.2,17.5,4,0,86.6
Monstera,loamy,small,seedling,52.1,35.7,82.6,439.5,5.1,21.3,3,1,80.2
Spider Plant,sandy,large,seedling,34.5,30.3,36.7,554.0,6.2,29.0,2,0,85.8
Tulsi,loamy,large,mature,42.6,27.9,46.5,524.6,4.2,71.7,3,0,97.6
Jade Plant,sandy,small,mature,18.3,35.7,53.4,852.2,7.9,54.7,1,1,79.9
Monstera,sandy,small,seedling,71.1,33.1,88.2,177.3,3.5,37.4,3,0,92.0
Aloe Vera,loamy,small,seedling,12.0,25.3,49.1,488.0,6.1,37.6,1,0,100.0
Monstera,sandy,medium,seedling,66.3,20.3,82.9,408.7,4.6,22.0,4,0,97.9
Aloe Vera,clay,large,seedling,25.4,27.2,73.2,446.9,6.4,20.4,1,0,86.3
Monstera,sandy,medium,young,80.1,27.4,87.67590212314315,346.2,4.8,52.9,4,0,100.0
Monstera,clay,medium,mature,65.1,15.2,80.9,356.9,4.9,59.6,3,0,94.3
Tulsi,loamy,medium,young,38.4,18.4,49.6,386.9,6.0,14.1,4,1,99.8
Fern,loamy,large,seedling,63.6,27.4,84.25015945918233,114.6,3.6,36.1,3,0,100.0
Aloe Vera,clay,medium,seedling,8.8,26.3,71.7,891.0,7.6,51.7,1,1,70.7
Fern,loamy,large,young,79.8,21.0,86.4687524382181,129.0,3.8,36.6,4,0,97.9
Money Plant,loamy,large,seedling,44.5,34.0,36.3,542.9,6.6,71.1,2,1,77.9
Tulsi,sandy,medium,seedling,59.6,17.5,64.2,342.6,6.5,24.5,4,0,76.4
Spider Plant,clay,medium,seedling,35.9,27.1,27.2,892.5,7.4,43.6,2,0,99.2
Jade Plant,clay,large,mature,27.4,19.8,28.4,1101.7,8.4,59.3,1,0,100.0
Fern,loamy,medium,seedling,47.3,34.7,78.5334453748801,220.2,3.1,45.3,3,1,87.0
Spider Plant,clay,medium,mature,52.0,15.8,32.7,335.3,5.3,2.3,1,0,86.0
Areca Palm,sandy,medium,seedling,39.7,36.0,93.0,512.8,4.6,57.1,4,1,64.4
Snake Plant,loamy,medium,mature,45.9,24.7,39.5,444.3,4.2,56.3,2,0,97.1
Spider Plant,loamy,small,seedling,46.5,30.5,43.6,345.3,6.2,63.2,2,0,91.7
Peace Lily,sandy,small,mature,78.5,26.9,72.97389123151314,134.1,3.5,26.2,3,0,99.0
Tulsi,loamy,small,mature,36.0,19.9,50.5,395.2,6.6,38.2,2,1,100.0
Areca Palm,sandy,medium,young,48.9,19.0,27.9,520.9,4.7,64.0,3,0,100.0
Jade Plant,sandy,medium,young,10.0,29.9,37.1,949.7,8.3,11.0,1,1,95.0
Peace Lily,loamy,large,seedling,49.6,29.6,71.88166641281998,258.9,3.6,20.4,3,1,90.8
Tulsi,loamy,large,mature,45.7,33.2,92.2,547.2,5.1,42.7,4,0,97.7
Tulsi,sandy,medium,young,38.1,32.8,73.0,560.4,5.2,18.5,4,1,98.3
Jade Plant,sandy,large,seedling,31.9,24.4,46.9,1127.0,10.0,47.4,1,0,100.0
Aloe Vera,clay,large,mature,18.7,18.3,94.0,896.8,7.6,63.9,1,0,88.6
Tulsi,clay,small,mature,58.6,32.9,59.0,352.7,6.6,70.0,2,0,99.3
Money Plant,clay,small,mature,56.2,25.0,49.0,514.0,5.5,66.5,4,0,100.0
Spider Plant,loamy,large,young,36.3,18.6,36.8,319.1,5.1,0.8,1,0,100.0
Areca Palm,sandy,large,mature,70.4,16.8,40.3,533.1,4.6,21.2,3,0,86.3
Areca Palm,loamy,medium,seedling,69.2,15.4,70.4,339.9,5.6,4.1,4,0,82.9
Fern,loamy,large,seedling,51.4,28.6,84.74767556069224,388.2,4.6,34.4,4,1,100.0
Tulsi,loamy,large,mature,69.9,29.2,38.9,566.3,4.6,17.0,3,0,100.0
Snake Plant,sandy,large,seedling,26.3,18.7,83.9,511.3,6.6,28.8,2,0,87.8
Areca Palm,sandy,large,young,38.0,21.6,52.5,404.9,4.8,0.0,4,1,98.4
Snake Plant,clay,large,young,44.4,33.3,86.7,342.7,6.5,53.6,2,1,81.1
Spider Plant,clay,large,young,21.0,16.5,35.6,365.9,4.0,30.8,1,0,86.9
Aloe Vera,sandy,large,seedling,9.7,18.1,77.4,694.1,7.5,8.5,1,1,75.4
Snake Plant,sandy,small,mature,30.8,35.2,31.9,591.8,6.3,44.2,1,1,92.5
Aloe Vera,loamy,medium,mature,7.2,25.2,93.7,919.1,8.1,35.0,1,1,84.8
Areca Palm,loamy,medium,young,46.1,23.3,28.5,369.9,5.0,43.7,3,0,100.0
Areca Palm,clay,medium,seedling,48.0,19.4,39.9,468.0,4.9,23.1,2,0,96.2
Spider Plant,sandy,medium,mature,43.6,36.4,86.6,404.4,6.9,64.7,1,1,75.0
Tulsi,loamy,medium,mature,51.4,37.4,39.4,585.9,6.8,11.6,4,0,85.7
Areca Palm,sandy,large,seedling,44.6,28.1,33.3,313.3,5.3,39.8,2,0,95.0
Monstera,sandy,large,seedling,83.4,37.3,77.80755457606048,191.1,2.3,4.5,3,0,84.0
Aloe Vera,loamy,small,young,5.5,37.3,78.1,1168.7,8.6,30.7,1,1,74.2
Jade Plant,clay,medium,seedling,30.4,37.5,41.0,1145.3,7.4,28.9,1,1,83.0
Tulsi,loamy,large,mature,53.8,33.1,41.8,418.0,6.7,15.8,4,0,100.0
Monstera,loamy,small,young,77.4,27.7,80.3,276.5,3.9,3.4,3,0,100.0
Fern,sandy,large,mature,81.5,25.6,94.5,392.1,5.6,49.4,5,0,99.2
Spider Plant,sandy,small,young,33.1,31.2,48.6,376.5,4.1,22.2,2,0,97.1
Money Plant,clay,medium,young,50.1,34.3,72.9,304.0,5.7,49.3,4,0,100.0
Jade Plant,clay,small,mature,6.1,23.3,49.9,1046.7,9.4,32.8,1,1,100.0
Peace Lily,sandy,small,young,58.2,29.0,61.58824552491113,348.1,4.5,66.8,3,0,95.8
Aloe Vera,clay,small,mature,24.6,34.5,48.8,1047.2,8.8,21.8,1,1,100.0
Money Plant,clay,medium,mature,54.7,15.2,49.2,462.6,5.2,7.9,4,0,94.5
Spider Plant,loamy,medium,seedling,37.3,21.4,41.3,1087.0,8.5,56.8,1,0,100.0
Spider Plant,clay,medium,young,33.1,26.7,80.5,486.1,6.5,18.6,2,0,100.0
Fern,clay,large,mature,53.7,32.7,75.6,319.0,4.7,10.0,3,1,97.8
Fern,loamy,medium,young,82.3,28.3,81.89849754507428,114.1,3.9,20.7,3,0,100.0
Snake Plant,sandy,medium,seedling,26.8,26.8,44.1,510.0,5.6,45.5,1,0,99.7
Spider Plant,loamy,large,young,34.5,26.9,80.6,404.4,5.1,24.2,2,0,99.9
Peace Lily,loamy,small,seedling,51.5,28.9,74.61836539846479,271.2,3.8,17.0,4,1,100.0
Tulsi,loamy,medium,seedling,59.7,36.2,53.2,587.7,6.0,69.8,4,0,77.2
Spider Plant,loamy,large,seedling,40.2,24.4,56.3,1149.7,7.4,46.5,1,0,100.0
Jade Plant,clay,medium,seedling,16.5,36.2,49.7,500.1,6.9,61.3,1,1,61.0
Monstera,sandy,small,mature,52.0,18.3,67.35137246140523,257.4,3.1,34.9,5,1,100.0
Spider Plant,sandy,large,young,41.4,35.2,75.7,588.5,6.0,17.0,1,1,87.2
Aloe Vera,loamy,small,mature,6.8,31.9,81.7,1144.8,9.1,48.6,1,1,68.0
Tulsi,sandy,small,mature,36.0,20.3,82.2,470.3,6.3,37.7,3,1,98.2
Spider Plant,sandy,large,seedling,39.1,33.7,76.7,423.0,6.6,24.0,2,1,93.4
Tulsi,clay,small,seedling,42.3,22.8,58.7,515.9,5.5,34.6,3,0,98.2
Areca Palm,sandy,medium,mature,38.9,22.7,90.8,550.5,4.1,36.7,3,1,100.0
Aloe Vera,loamy,small,young,19.6,36.4,38.6,980.1,8.9,34.5,1,1,91.9
Peace Lily,clay,medium,seedling,66.1,33.6,83.45528974940277,135.3,4.0,45.6,4,0,89.1
Snake Plant,clay,small,mature,43.1,23.2,60.6,535.1,4.3,65.8,2,0,100.0
Snake Plant,sandy,medium,young,37.0,35.5,57.4,377.7,5.7,48.2,2,1,71.8
Areca Palm,sandy,large,seedling,65.5,16.9,43.9,441.7,4.6,22.0,4,0,78.4
Snake Plant,clay,small,young,53.3,22.0,69.7,486.8,6.9,9.5,1,0,100.0
Jade Plant,loamy,large,seedling,8.6,22.2,49.1,444.3,6.6,42.7,1,1,100.0
Money Plant,loamy,medium,seedling,46.5,25.4,61.5,312.3,4.2,2.2,3,0,99.2
Spider Plant,loamy,small,young,34.9,26.8,49.2,539.2,5.5,8.1,2,0,100.0
Spider Plant,clay,small,seedling,19.0,33.5,79.9,386.9,6.2,33.6,2,1,89.1
Monstera,loamy,medium,young,69.8,36.1,81.52666924322315,267.1,3.5,20.5,4,0,86.6
Money Plant,loamy,medium,young,44.5,18.9,47.4,569.2,5.4,49.3,2,0,100.0
Fern,sandy,medium,seedling,65.5,34.2,74.70849039773184,399.9,5.2,41.1,4,0,91.6
Fern,sandy,large,seedling,52.8,36.5,86.04677632673312,144.8,3.5,6.7,5,1,77.7
Tulsi,clay,large,young,68.7,28.3,36.8,570.9,5.7,49.5,4,0,100.0
Areca Palm,loamy,medium,seedling,70.7,28.5,82.9,320.6,6.9,35.6,4,0,98.0
Areca Palm,sandy,medium,young,48.6,21.5,84.0,530.4,4.3,6.8,2,0,100.0
Money Plant,loamy,small,seedling,50.8,15.3,80.4,321.7,6.9,14.2,2,0,84.8
Spider Plant,clay,medium,young,23.0,16.4,75.2,755.5,8.6,40.4,1,0,85.1
Jade Plant,clay,large,young,16.3,37.3,41.4,411.3,6.6,26.4,1,1,86.5
Jade Plant,clay,medium,seedling,23.6,22.8,41.6,907.2,7.9,30.3,1,0,95.9
Jade Plant,loamy,small,young,22.7,27.9,54.0,920.7,9.5,48.0,1,0,100.0
Money Plant,sandy,large,young,57.9,15.9,35.6,583.3,6.1,37.9,4,0,92.8
Money Plant,clay,small,young,46.6,31.4,92.8,362.4,4.8,19.2,3,0,99.5
Aloe Vera,clay,small,young,29.1,21.5,94.2,356.0,6.5,63.3,1,0,89.4
Spider Plant,sandy,large,mature,14.2,21.8,72.9,577.6,4.5,15.0,1,1,97.1
Spider Plant,sandy,large,mature,24.6,30.0,50.8,464.4,6.4,63.9,2,0,96.8
Peace Lily,loamy,medium,young,42.3,33.3,79.94981944012787,137.8,2.8,69.6,3,1,89.0
Money Plant,sandy,medium,mature,48.6,28.7,50.7,472.1,5.2,5.9,2,0,100.0
Jade Plant,clay,large,mature,9.2,19.8,61.7,871.7,8.8,64.1,1,1,83.5
Peace Lily,clay,medium,young,55.4,17.6,61.712950189572965,446.9,4.3,57.9,4,0,86.0
Money Plant,loamy,small,mature,43.3,28.8,78.5,570.9,5.5,66.1,2,0,100.0
Areca Palm,loamy,medium,seedling,36.0,27.8,37.1,486.0,5.5,58.9,3,1,89.8
Aloe Vera,clay,medium,young,21.0,17.0,72.5,844.4,7.7,52.2,1,0,74.3
Areca Palm,loamy,small,young,38.6,37.7,80.4,468.6,5.4,10.2,4,1,86.2
Fern,loamy,small,young,56.8,22.7,94.69957782431052,235.2,2.3,3.4,5,0,96.7
Jade Plant,sandy,medium,mature,11.1,24.8,92.2,796.0,8.8,39.1,1,0,83.5
Aloe Vera,clay,small,young,10.9,35.5,36.3,1199.2,8.5,14.6,1,1,86.0
Areca Palm,clay,small,young,50.6,37.6,49.3,598.9,5.7,34.6,3,0,94.8
Monstera,clay,small,mature,78.2,19.5,65.91972916178098,140.4,2.4,61.7,3,0,99.0
Money Plant,sandy,medium,seedling,35.1,19.3,87.9,351.7,5.5,42.6,2,1,95.0
Money Plant,sandy,large,seedling,56.0,37.0,87.2,442.6,4.1,28.9,4,0,75.1
Fern,sandy,small,mature,57.6,31.0,83.53164512188025,325.6,5.0,41.8,3,0,100.0
Jade Plant,loamy,large,young,27.3,17.5,90.8,842.3,9.0,35.1,1,0,73.0
Peace Lily,sandy,small,young,75.4,32.2,89.82022240619021,271.3,3.8,15.9,5,0,97.1
Areca Palm,clay,large,mature,41.3,27.6,40.3,526.0,5.6,12.4,3,0,100.0
Monstera,clay,small,mature,75.5,16.5,82.66777746229698,565.9,4.8,25.2,3,0,89.6
Spider Plant,loamy,medium,young,25.2,35.6,58.1,1194.8,7.4,60.6,2,1,75.6
Money Plant,sandy,large,mature,68.3,19.7,55.4,433.3,5.7,70.8,3,0,100.0
Peace Lily,sandy,small,seedling,57.3,24.8,74.3,410.8,5.4,64.0,5,0,100.0
Peace Lily,clay,large,seedling,83.2,26.3,94.11223706981923,272.7,2.4,58.6,4,0,96.8
Money Plant,clay,large,young,49.1,34.4,78.6,581.8,5.5,2.5,4,0,100.0
Areca Palm,clay,small,seedling,42.3,32.0,29.0,590.2,5.9,54.4,4,0,85.9
Tulsi,clay,large,young,53.0,19.6,91.4,505.8,5.1,56.6,4,0,100.0
Peace Lily,sandy,small,seedling,82.0,32.7,93.86907611048102,460.3,4.7,19.4,3,0,85.5
Money Plant,sandy,medium,seedling,39.8,15.7,43.7,599.7,5.3,38.6,3,1,76.2
Spider Plant,loamy,large,young,29.2,17.9,90.8,474.5,6.2,42.4,1,0,92.5
Aloe Vera,loamy,large,seedling,19.5,34.5,49.9,603.5,7.4,52.1,1,1,79.2
Peace Lily,clay,large,young,45.5,22.3,87.2360971460391,432.4,4.8,12.2,3,1,97.2
Tulsi,sandy,large,mature,49.2,34.1,94.9,476.8,7.0,44.8,4,0,95.6
Fern,sandy,small,seedling,54.4,18.4,60.17750129058097,336.6,5.9,41.5,4,1,87.2
Spider Plant,clay,large,mature,17.3,19.5,57.4,480.4,4.1,3.7,2,1,100.0
Money Plant,loamy,large,mature,45.2,31.3,77.4,581.6,6.8,70.9,2,0,99.2
Jade Plant,sandy,large,seedling,7.3,30.5,92.6,326.5,6.7,22.9,1,1,71.6
Aloe Vera,clay,large,seedling,12.5,27.7,50.6,910.6,7.7,12.9,1,0,100.0
Tulsi,sandy,large,young,67.2,29.7,93.6,576.5,6.6,23.9,3,0,97.2
Money Plant,loamy,large,mature,58.8,16.8,82.2,380.3,5.4,8.6,4,0,93.5
Aloe Vera,clay,medium,young,28.3,29.9,48.1,1167.1,7.7,26.6,1,0,100.0
Peace Lily,loamy,small,mature,67.8,15.9,60.43443169363526,214.9,3.8,62.8,5,0,90.4
Jade Plant,sandy,small,young,15.4,28.4,67.8,1058.9,8.4,4.7,1,0,95.8
Tulsi,loamy,medium,mature,66.2,28.4,82.8,408.4,6.5,11.6,2,0,95.2
Snake Plant,clay,small,young,43.1,26.5,27.4,516.2,4.4,65.3,2,0,100.0
Snake Plant,sandy,small,mature,47.5,27.5,60.2,344.1,4.6,63.0,1,0,97.8
Tulsi,clay,medium,mature,70.8,16.8,60.0,499.4,6.7,24.0,4,0,94.1
Fern,sandy,large,seedling,82.2,15.4,73.37616502322325,242.4,3.1,13.9,4,0,78.1
Peace Lily,clay,medium,young,68.6,17.0,87.98450918386155,410.8,5.1,22.1,3,0,86.9
Tulsi,clay,small,mature,44.9,34.7,35.0,553.5,5.7,66.1,4,1,83.5
Jade Plant,loamy,large,young,17.4,17.6,78.3,383.5,6.3,32.3,1,0,78.6
Peace Lily,loamy,medium,mature,71.1,19.4,79.39585518685335,247.2,3.9,46.9,3,0,98.5
Peace Lily,loamy,small,mature,68.4,21.4,87.4,181.2,3.5,8.2,4,0,99.8
Money Plant,loamy,medium,young,44.2,24.7,35.7,520.7,4.4,32.5,3,0,96.1
Snake Plant,loamy,large,young,16.2,19.4,67.2,868.4,7.7,45.2,2,1,100.0
Spider Plant,loamy,small,seedling,35.9,29.0,67.6,531.0,6.5,70.0,1,0,96.1
Spider Plant,loamy,medium,mature,30.2,23.2,44.0,720.9,8.1,37.7,1,0,100.0
Tulsi,loamy,large,mature,64.2,32.9,43.4,581.4,6.1,1.5,3,0,99.6
Fern,sandy,large,seedling,62.7,24.8,67.67622217458022,157.4,3.8,48.5,3,0,100.0
Areca Palm,sandy,large,mature,62.2,15.1,85.4,404.2,4.9,19.0,3,0,87.0
Areca Palm,clay,small,young,36.1,21.0,79.6,373.9,4.6,65.5,2,1,82.5
Aloe Vera,sandy,large,mature,20.7,32.5,33.3,792.7,8.3,29.7,1,0,100.0
Fern,sandy,medium,young,67.9,33.5,79.64809510104472,531.4,4.7,32.0,5,0,100.0
Areca Palm,loamy,large,mature,38.5,31.9,50.4,330.2,5.3,12.8,3,1,100.0
Spider Plant,clay,small,young,17.5,17.2,53.8,416.5,4.3,28.1,1,1,86.9
Monstera,loamy,small,seedling,58.0,33.2,82.26876786640781,581.3,4.4,38.3,5,0,86.7
Areca Palm,loamy,medium,young,60.6,34.0,66.5,358.0,4.0,10.5,3,0,100.0
Snake Plant,clay,small,seedling,28.5,22.6,92.1,1096.9,8.7,42.2,2,0,100.0
Aloe Vera,loamy,medium,young,24.2,35.3,37.6,707.9,9.2,27.5,1,1,87.6
Snake Plant,clay,small,mature,50.6,19.7,93.0,400.7,6.2,49.2,2,0,100.0
Snake Plant,loamy,medium,mature,43.1,35.9,84.7,713.7,7.8,2.4,2,1,86.9
Tulsi,clay,medium,seedling,46.6,23.3,63.1,368.1,6.6,1.8,2,0,97.5
Money Plant,clay,large,seedling,63.9,28.9,81.6,548.7,4.4,44.8,3,0,97.5
Monstera,loamy,medium,young,56.2,19.7,83.9660866535071,324.6,4.5,71.0,5,0,98.6
Monstera,clay,large,young,78.6,27.9,88.89745034962509,195.2,3.9,45.8,3,0,100.0
Peace Lily,loamy,small,young,82.5,28.3,63.52319115818702,292.6,2.4,20.0,4,0,100.0
Areca Palm,clay,small,young,50.1,19.0,35.5,322.7,5.1,70.7,2,0,100.0
Money Plant,sandy,large,seedling,38.2,30.1,57.6,387.0,5.7,63.7,4,1,73.3
Tulsi,clay,medium,seedling,41.2,18.4,54.9,515.0,5.9,4.7,4,0,89.6
Peace Lily,sandy,large,mature,82.6,28.4,81.41116192599594,386.0,4.0,7.2,4,0,100.0
Peace Lily,loamy,medium,young,81.9,34.1,72.14606067376486,102.6,2.2,2.7,3,0,96.4
Fern,clay,large,young,44.6,33.3,69.66229735900731,443.1,4.1,56.1,4,1,89.8
Fern,sandy,small,seedling,79.0,19.3,94.6391439362886,144.0,2.4,23.0,4,0,98.2
Spider Plant,sandy,large,mature,21.0,35.4,37.8,599.1,6.0,42.5,1,1,86.6
Areca Palm,clay,small,young,57.4,26.5,86.6,520.0,5.2,43.4,2,0,96.6
Areca Palm,sandy,large,seedling,52.4,33.2,47.0,424.3,5.6,59.8,4,0,86.2
Monstera,loamy,medium,seedling,77.0,23.9,81.01068298236342,130.8,3.7,58.1,4,0,100.0
Tulsi,sandy,large,seedling,40.2,19.5,67.1,501.0,4.2,6.3,2,0,100.0
Snake Plant,sandy,medium,young,27.5,35.5,43.1,498.7,6.5,1.0,1,1,94.8
Peace Lily,sandy,small,young,57.7,32.7,78.35148653546725,189.9,2.4,52.5,4,0,99.5
Fern,sandy,small,mature,45.2,21.3,87.3782650780327,360.9,4.9,6.0,3,1,100.0
Monstera,sandy,large,seedling,52.9,35.9,76.72068044951655,121.5,2.9,27.8,5,1,75.2
Areca Palm,loamy,medium,young,35.9,16.0,75.5,488.3,5.0,68.8,2,1,71.0
Jade Plant,clay,small,young,9.2,19.9,55.8,683.1,7.8,27.9,1,1,98.7
Peace Lily,sandy,large,mature,64.1,34.9,74.31752046068392,241.2,3.7,11.5,5,0,95.9
Fern,clay,medium,mature,80.6,36.9,83.08948445405218,333.4,5.7,39.9,3,0,93.3
Money Plant,loamy,medium,young,66.6,16.3,38.7,543.7,6.7,21.1,4,0,94.3
Aloe Vera,clay,medium,young,17.4,20.0,77.2,1167.4,7.4,43.0,1,0,83.0
Jade Plant,sandy,small,seedling,11.9,16.5,55.5,368.8,6.1,60.3,1,0,81.6
Peace Lily,sandy,medium,seedling,63.3,15.2,74.14894066273345,278.8,3.2,44.8,4,0,82.1
Monstera,loamy,large,mature,64.5,32.2,79.88626484949145,336.1,5.5,41.1,4,0,100.0
Money Plant,clay,large,mature,36.6,28.1,33.7,547.2,6.9,3.4,3,1,100.0
Fern,sandy,large,seedling,62.3,17.5,86.01000406564536,160.7,3.9,52.2,4,0,75.2
Areca Palm,clay,large,young,61.1,27.2,73.7,356.2,5.7,15.7,3,0,97.4
Areca Palm,sandy,medium,mature,36.8,34.9,51.1,310.8,5.6,43.2,3,1,99.4
Areca Palm,sandy,large,seedling,54.6,37.6,47.8,485.8,6.1,52.1,3,0,79.1
Peace Lily,sandy,small,mature,54.4,29.1,92.49313826274289,284.1,3.4,33.4,3,1,100.0
Money Plant,sandy,small,mature,45.0,31.0,28.7,557.1,5.0,67.3,3,0,100.0
Jade Plant,clay,medium,young,32.0,24.1,25.8,373.3,6.1,33.3,1,0,100.0
Tulsi,clay,medium,young,48.3,20.0,56.5,392.0,5.7,12.9,4,0,100.0
Spider Plant,loamy,large,young,41.0,25.3,27.8,921.4,8.7,34.6,1,0,100.0
Aloe Vera,clay,medium,mature,8.2,29.6,79.8,558.4,6.1,10.6,1,1,80.0
Snake Plant,clay,large,seedling,40.4,37.7,53.4,523.9,5.6,19.0,2,1,82.2
Tulsi,sandy,small,seedling,42.8,15.2,69.9,508.5,5.1,30.7,2,0,78.7
Areca Palm,clay,large,young,67.6,35.4,58.1,408.7,6.3,36.7,2,0,86.3
Fern,loamy,small,young,71.6,30.3,86.22410674815612,219.4,3.6,40.4,4,0,100.0
Areca Palm,loamy,medium,seedling,44.0,26.5,34.4,400.2,4.3,33.9,2,0,95.5
Fern,sandy,small,seedling,50.1,27.6,77.1,512.7,5.6,24.1,3,1,100.0
Snake Plant,sandy,medium,mature,41.6,18.9,53.1,860.6,7.3,56.4,2,0,100.0
Monstera,sandy,medium,seedling,59.5,26.0,80.76232011710691,155.7,3.8,35.2,3,0,96.3
Jade Plant,loamy,small,young,3.3,35.6,57.4,624.7,8.6,60.0,1,1,70.4
Tulsi,clay,medium,mature,55.4,16.8,81.6,460.1,6.4,42.9,2,0,92.0
Spider Plant,loamy,large,young,48.5,16.6,91.5,544.3,6.1,22.2,1,0,86.9
Tulsi,sandy,large,seedling,39.5,27.7,70.3,461.4,5.3,2.1,3,1,99.3
Monstera,loamy,large,young,53.0,15.2,83.52936452341093,138.8,2.6,41.2,5,1,89.5
Tulsi,clay,large,seedling,43.5,26.7,75.2,458.2,4.1,67.3,3,0,97.8
Tulsi,loamy,large,young,68.0,36.5,37.8,375.0,6.3,13.2,3,0,92.3
Aloe Vera,sandy,medium,mature,4.3,23.8,76.1,635.1,8.9,58.5,1,1,67.1
Money Plant,sandy,large,mature,59.1,35.7,60.1,482.5,5.8,30.4,3,0,90.8
Aloe Vera,sandy,large,young,24.2,34.6,28.3,451.9,6.6,24.5,1,1,100.0
Jade Plant,sandy,small,seedling,20.4,29.8,54.4,1161.5,9.2,70.0,1,0,89.0
Peace Lily,loamy,small,young,60.2,18.2,77.78027186369519,293.6,3.6,40.3,4,0,100.0
Jade Plant,loamy,small,young,17.0,34.9,86.8,534.6,6.8,18.6,1,1,80.3
Snake Plant,sandy,medium,mature,16.9,19.7,66.7,337.5,6.1,42.0,2,1,100.0
Fern,sandy,large,seedling,56.6,36.1,90.10302750494077,165.4,2.9,2.6,5,0,76.0
Fern,clay,large,mature,50.2,19.6,90.7,268.3,2.4,48.1,5,1,80.5
Monstera,loamy,medium,seedling,59.3,23.1,94.1746668748658,593.2,4.5,20.2,4,0,95.2
Peace Lily,sandy,medium,mature,54.9,17.9,77.5408142486303,113.3,3.4,59.2,3,1,70.2
Aloe Vera,clay,medium,seedling,21.8,16.0,33.4,842.3,7.4,70.4,1,0,80.4
Areca Palm,clay,medium,young,69.5,24.9,44.3,421.4,5.9,55.5,4,0,96.3
Snake Plant,clay,medium,mature,14.1,20.0,82.0,563.9,6.5,67.5,1,1,86.8
Fern,loamy,small,young,45.4,18.4,64.66947945928425,370.6,5.8,8.8,3,1,100.0
Spider Plant,sandy,small,mature,39.4,23.6,47.9,1077.6,8.5,9.7,2,0,97.0
Monstera,loamy,large,seedling,70.0,27.6,63.01421875660736,174.8,3.6,2.1,5,0,95.6
Tulsi,clay,medium,young,33.6,17.2,83.1,554.2,4.5,49.0,2,1,78.8
Snake Plant,sandy,small,mature,16.2,18.1,33.0,573.3,4.1,53.0,1,1,84.3
Spider Plant,loamy,large,young,33.4,21.0,51.5,441.7,5.4,68.7,2,0,100.0
Areca Palm,sandy,small,young,50.9,34.9,69.9,309.4,4.2,30.6,3,0,100.0
Fern,clay,small,young,58.8,24.5,73.6149925247317,579.6,4.0,61.2,3,0,96.8
Areca Palm,loamy,medium,mature,53.3,19.8,90.7,388.7,5.0,10.6,3,0,95.3
Jade Plant,loamy,medium,seedling,31.2,20.1,54.1,871.7,8.0,19.9,1,0,99.7
Spider Plant,loamy,large,seedling,38.6,20.6,27.2,329.1,4.7,41.4,1,0,95.2
Snake Plant,sandy,small,young,38.8,35.0,82.9,589.2,5.7,36.5,1,1,100.0
Fern,clay,small,seedling,44.4,25.1,71.3,346.4,4.2,22.3,5,1,100.0
Spider Plant,loamy,large,young,37.2,33.4,65.2,429.9,5.8,3.3,1,1,100.0
Spider Plant,clay,medium,young,29.3,27.5,73.4,558.1,5.0,54.5,1,0,100.0
Monstera,sandy,medium,young,66.1,33.9,68.75407072004924,590.5,4.0,20.3,5,0,97.2
Areca Palm,clay,small,young,38.1,29.8,35.6,438.3,5.2,31.9,2,1,100.0
Areca Palm,clay,small,seedling,44.2,35.3,77.5,550.3,6.5,35.2,2,1,78.0
Jade Plant,sandy,large,mature,21.8,27.9,57.3,585.5,6.8,8.0,1,0,97.3
Aloe Vera,clay,medium,seedling,14.1,20.9,80.6,842.4,8.5,46.5,1,0,88.6
Spider Plant,loamy,medium,young,36.8,27.6,40.6,330.8,5.0,30.1,1,0,95.9
Peace Lily,loamy,large,seedling,67.2,36.3,77.64285892483578,107.4,3.8,67.8,3,0,75.7
Fern,clay,medium,young,74.7,34.3,89.64307140373475,137.6,3.9,55.4,5,0,97.9
Spider Plant,clay,large,seedling,30.1,27.8,68.2,1113.2,8.2,28.7,2,0,100.0
Spider Plant,sandy,small,young,32.5,26.5,90.4,665.0,8.6,63.3,1,0,100.0
Spider Plant,sandy,large,mature,53.1,28.2,62.8,491.6,4.5,7.7,1,0,100.0
Monstera,sandy,small,mature,58.2,18.0,74.5945723577279,205.1,4.0,34.4,3,0,100.0
Snake Plant,loamy,large,seedling,28.1,27.7,91.8,857.4,8.0,60.9,1,0,95.2
Tulsi,clay,large,mature,42.6,28.2,38.7,362.2,5.9,12.3,2,0,100.0
Fern,loamy,medium,seedling,74.0,30.4,65.87186469383768,503.8,5.6,51.9,3,0,88.5
Areca Palm,loamy,small,seedling,36.3,33.1,67.1,529.7,5.4,6.9,4,1,92.9
Fern,sandy,small,seedling,78.2,19.9,60.941617272847516,241.3,3.5,38.9,5,0,100.0
Areca Palm,sandy,large,seedling,56.0,17.7,94.5,474.2,5.8,55.2,3,0,78.3
Areca Palm,sandy,large,seedling,60.2,25.8,33.6,455.7,4.8,10.0,4,0,100.0
Jade Plant,clay,medium,seedling,32.0,24.0,85.0,1044.9,8.3,17.3,1,0,82.2
Areca Palm,loamy,medium,young,35.6,18.7,50.3,432.1,6.9,32.5,4,1,96.9
Jade Plant,loamy,large,young,17.4,16.5,82.8,643.6,8.4,68.2,1,0,79.8
Aloe Vera,sandy,medium,seedling,25.9,20.0,78.9,720.0,8.0,45.9,1,0,82.0
Jade Plant,loamy,medium,mature,29.3,20.4,25.6,825.5,7.1,26.7,1,0,100.0
Spider Plant,sandy,medium,mature,12.0,16.3,57.2,575.2,5.2,62.1,2,1,71.6
Jade Plant,clay,medium,seedling,29.7,36.9,44.4,648.1,7.2,62.1,1,1,64.4
Money Plant,clay,small,mature,72.4,19.6,90.6,555.8,4.6,12.3,4,0,95.4
Snake Plant,clay,medium,young,20.6,15.7,86.6,875.6,8.0,50.5,1,0,86.6
Tulsi,sandy,small,seedling,44.1,25.8,44.2,427.9,4.9,51.7,2,0,100.0
Monstera,sandy,small,mature,50.5,17.7,76.40757609198045,518.7,4.9,63.2,3,1,76.9
Areca Palm,sandy,medium,seedling,56.9,19.7,48.2,517.2,4.3,20.9,3,0,96.3
Fern,loamy,medium,mature,74.3,33.5,93.35766666125946,248.5,2.7,33.2,3,0,100.0
Spider Plant,clay,medium,seedling,38.0,33.9,68.4,437.3,6.7,42.7,2,1,85.8
Aloe Vera,sandy,large,young,16.8,29.7,53.0,1011.3,7.6,56.0,1,0,96.9
Peace Lily,loamy,small,seedling,64.5,31.5,62.50198013138345,338.4,5.8,43.2,4,0,89.9
Money Plant,clay,small,young,58.0,25.9,33.8,378.0,5.8,25.1,3,0,100.0
Spider Plant,loamy,small,seedling,14.5,22.2,38.6,1031.3,8.8,63.5,1,1,83.8
Aloe Vera,clay,small,mature,8.4,22.7,48.1,699.4,9.1,13.1,1,1,100.0
Spider Plant,clay,small,mature,27.1,28.8,33.2,402.7,4.1,32.4,2,0,97.6
Peace Lily,sandy,medium,seedling,67.1,20.2,92.00583264389303,188.3,2.7,53.9,4,0,96.4
Aloe Vera,loamy,small,mature,31.7,33.6,73.5,493.3,6.6,35.8,1,1,89.1
Snake Plant,sandy,small,seedling,51.6,36.3,35.7,532.3,5.7,2.3,2,0,81.0
Peace Lily,loamy,medium,mature,51.5,24.3,69.89829983643533,232.2,3.4,62.7,5,1,87.1
Peace Lily,loamy,large,mature,56.5,32.0,76.17039506900417,157.1,2.1,64.9,4,0,100.0
Snake Plant,clay,medium,young,24.5,27.8,39.8,538.8,4.7,43.5,1,0,100.0
Aloe Vera,loamy,large,mature,31.0,31.9,36.6,1046.2,7.4,50.2,1,0,100.0
Monstera,clay,small,young,55.3,30.8,88.53795328998496,473.5,4.0,16.4,5,0,100.0
Spider Plant,clay,medium,seedling,17.7,23.3,44.2,338.3,6.0,12.0,1,1,100.0
Peace Lily,sandy,large,mature,74.0,20.1,93.25851139767033,226.0,3.9,50.7,3,0,100.0
Spider Plant,sandy,small,seedling,18.7,15.6,37.8,873.5,8.9,32.2,2,1,84.7
Spider Plant,loamy,large,young,18.6,24.4,87.6,637.9,7.6,46.4,1,1,95.6
Monstera,sandy,medium,mature,50.8,30.8,90.80011802482167,438.4,5.3,7.2,4,1,98.7
Aloe Vera,sandy,large,seedling,28.1,28.2,89.0,762.3,9.1,29.6,1,0,80.5
Tulsi,loamy,large,mature,73.0,31.3,57.9,378.0,4.7,43.0,2,0,98.7
Areca Palm,clay,medium,mature,63.3,23.9,51.2,325.0,4.4,11.3,2,0,97.2
Tulsi,loamy,large,mature,39.4,20.2,94.9,465.5,5.0,64.5,2,1,81.4
Money Plant,loamy,large,seedling,52.4,16.6,57.3,529.7,4.1,39.6,3,0,75.2
Peace Lily,loamy,large,mature,57.7,26.1,82.0,500.3,5.6,50.7,5,0,100.0
Snake Plant,clay,medium,mature,33.8,18.1,69.9,525.0,5.1,44.6,1,0,95.4
Peace Lily,sandy,medium,young,73.2,19.2,66.9946150384534,260.4,3.8,49.8,3,0,100.0
Fern,loamy,small,young,67.6,22.4,85.82625675822881,543.6,5.2,56.7,4,0,100.0
Areca Palm,clay,medium,young,38.3,37.8,25.9,572.6,4.0,36.2,4,1,86.5
Fern,sandy,large,mature,54.2,33.2,60.19600252462104,520.1,5.6,56.8,4,1,83.8
Snake Plant,clay,large,seedling,46.2,33.9,75.0,822.3,8.7,42.7,1,0,88.7
Peace Lily,loamy,medium,seedling,47.8,30.5,77.24434685562976,525.0,5.7,37.4,4,1,87.3
Peace Lily,clay,large,seedling,83.7,34.0,62.067273885342566,150.5,3.6,2.5,4,0,87.2
Fern,loamy,small,seedling,53.8,25.3,80.4,409.2,5.6,44.2,4,1,100.0
Snake Plant,clay,medium,mature,17.3,25.7,85.6,1063.2,8.2,41.5,2,1,95.0
Aloe Vera,sandy,small,young,22.2,18.8,58.8,927.1,7.5,67.1,1,0,96.5
Money Plant,clay,large,young,64.8,33.4,76.2,503.6,4.4,27.0,4,0,100.0
Tulsi,clay,medium,mature,51.2,15.5,73.1,362.2,5.7,65.0,4,0,90.2
Aloe Vera,loamy,large,mature,29.2,16.1,57.5,680.1,9.6,60.0,1,0,92.5
Snake Plant,loamy,medium,young,36.0,27.2,75.2,530.0,5.2,59.0,1,0,96.7
Peace Lily,clay,small,seedling,82.8,29.3,88.66841876506587,417.8,4.4,15.1,5,0,92.4
Spider Plant,loamy,small,young,35.0,20.3,84.6,942.2,8.1,48.0,1,0,97.0
Tulsi,clay,large,mature,59.6,35.1,74.9,465.8,5.3,56.7,2,0,87.1
Tulsi,loamy,large,seedling,66.9,30.3,72.4,342.3,4.7,19.4,4,0,93.8
Money Plant,loamy,small,young,55.3,22.0,45.1,426.8,5.8,16.2,4,0,100.0
Jade Plant,sandy,large,seedling,7.5,24.0,87.1,572.8,6.8,18.8,1,1,85.1
Snake Plant,loamy,medium,mature,21.5,31.3,45.7,349.9,5.3,10.6,1,0,100.0
Aloe Vera,loamy,large,seedling,28.5,24.5,58.9,471.3,6.8,18.2,1,0,100.0
Spider Plant,sandy,medium,seedling,15.9,23.4,36.6,377.5,6.5,32.7,2,1,97.5
Monstera,clay,large,seedling,72.0,32.7,71.23489405726829,106.2,3.0,15.6,4,0,87.9
Peace Lily,sandy,small,mature,72.4,29.4,82.4,116.0,2.2,36.6,4,0,100.0
Aloe Vera,loamy,small,mature,32.8,15.7,67.1,875.5,9.0,31.6,1,0,88.0
Tulsi,sandy,small,seedling,67.7,30.2,42.0,434.3,5.9,4.8,4,0,88.9
Money Plant,clay,small,seedling,48.3,16.3,26.2,501.9,5.2,13.0,4,0,80.3
Peace Lily,loamy,small,mature,75.2,28.4,86.1,475.0,5.1,60.8,3,0,99.4
Areca Palm,loamy,large,seedling,68.7,25.0,87.7,433.1,4.3,31.7,4,0,97.6
Tulsi,sandy,small,young,36.2,26.4,27.6,556.8,4.3,51.4,3,1,86.7
Areca Palm,loamy,medium,young,34.7,28.2,59.9,572.4,6.0,6.8,4,1,100.0
Aloe Vera,sandy,large,seedling,19.5,37.6,42.0,558.3,6.7,64.4,1,1,61.5
Jade Plant,sandy,medium,seedling,30.4,23.6,38.3,983.0,9.9,36.1,1,0,100.0
Monstera,clay,large,young,82.1,30.1,72.26746140470674,230.6,2.6,55.8,5,0,100.0
Aloe Vera,clay,large,young,15.9,35.5,94.1,468.0,6.9,35.7,1,1,71.4
Snake Plant,clay,medium,young,43.3,23.0,46.2,949.7,8.3,56.6,2,0,95.1
Snake Plant,sandy,small,mature,10.0,30.4,59.3,597.7,4.2,61.1,1,1,88.4
Money Plant,clay,small,young,69.1,18.4,46.4,329.4,6.8,62.9,3,0,95.2
Monstera,clay,large,young,52.1,23.5,69.5,128.6,3.5,2.0,5,1,100.0
Aloe Vera,sandy,medium,mature,31.0,36.4,31.1,442.3,6.8,39.1,1,1,93.9
Monstera,loamy,small,young,63.6,28.1,90.6,192.8,3.1,59.1,4,0,96.7
Areca Palm,sandy,large,seedling,54.5,19.1,28.4,377.9,5.6,60.4,4,0,100.0
Areca Palm,sandy,large,mature,44.8,33.4,46.5,533.2,4.1,39.5,2,1,100.0
Fern,sandy,large,mature,64.6,33.0,91.16905494299692,542.9,5.6,47.6,4,0,99.9
Spider Plant,loamy,medium,mature,15.2,15.6,40.3,304.6,6.2,8.0,1,1,92.3
Aloe Vera,clay,medium,seedling,8.5,29.1,83.0,770.3,7.4,46.9,1,1,70.3
Money Plant,loamy,small,mature,43.4,23.4,37.7,586.6,5.4,18.9,2,0,96.1
Areca Palm,loamy,small,mature,39.8,36.8,84.3,316.2,4.1,28.1,2,1,86.8
Aloe Vera,sandy,medium,seedling,11.8,16.2,55.5,855.8,7.1,10.8,1,0,80.8
Aloe Vera,loamy,large,young,6.3,27.4,31.8,888.6,10.0,30.4,1,1,95.1
Areca Palm,sandy,small,mature,52.0,22.8,93.6,319.2,4.6,48.7,2,0,97.9
Snake Plant,loamy,medium,young,51.3,24.4,63.4,310.8,5.0,0.6,1,0,100.0
Aloe Vera,sandy,large,young,2.6,27.5,71.8,361.1,6.9,67.9,1,1,65.3
Aloe Vera,loamy,medium,seedling,31.9,24.9,34.9,860.0,8.3,60.1,1,0,96.6
Aloe Vera,loamy,large,mature,30.9,29.4,59.6,919.0,8.5,9.3,1,0,100.0
Money Plant,loamy,medium,mature,66.9,19.0,45.7,478.2,4.9,43.2,4,0,95.9
Areca Palm,sandy,medium,mature,61.9,26.9,26.9,375.7,6.4,56.2,3,0,100.0
Areca Palm,clay,medium,seedling,48.4,32.9,88.3,391.7,6.5,5.8,3,0,86.6
Spider Plant,clay,medium,young,18.2,31.2,71.3,787.9,7.3,31.8,1,1,95.2
Fern,loamy,medium,mature,46.5,18.8,83.83643245989903,585.6,5.5,5.8,4,1,98.9
Fern,sandy,medium,young,81.7,19.6,85.4,173.7,2.0,9.6,4,0,100.0
Tulsi,clay,large,young,40.1,18.6,66.6,428.4,4.3,24.3,4,0,100.0
Areca Palm,loamy,large,seedling,52.4,26.0,34.2,358.8,5.9,59.7,2,0,97.2
Tulsi,sandy,large,seedling,40.3,21.0,89.6,436.5,4.8,58.5,3,0,96.6
Snake Plant,loamy,medium,young,20.0,28.5,59.6,469.6,5.7,36.5,1,1,100.0
Spider Plant,sandy,small,young,47.2,25.9,70.9,348.7,6.2,8.9,2,0,99.5
Monstera,clay,medium,young,65.3,30.0,61.031066379668864,577.2,4.1,43.3,4,0,96.2
Spider Plant,sandy,small,mature,48.4,26.7,68.3,404.8,6.4,26.7,1,0,95.9
Snake Plant,loamy,medium,seedling,47.4,24.9,67.2,492.6,6.0,44.0,2,0,100.0
Snake Plant,clay,large,seedling,18.1,18.4,69.4,513.2,6.7,40.9,2,1,85.8
Areca Palm,sandy,small,young,43.4,16.6,47.4,314.1,5.3,33.6,2,0,89.3
Jade Plant,sandy,small,mature,3.2,36.2,64.7,781.9,8.4,44.4,1,1,85.4
Money Plant,clay,medium,mature,40.5,21.3,80.4,500.3,5.0,49.4,2,0,100.0
Areca Palm,loamy,medium,mature,47.2,31.3,82.6,560.5,4.9,54.6,4,0,96.7
Peace Lily,clay,medium,mature,47.7,28.9,73.9561545994193,527.0,4.6,9.5,4,1,100.0
Fern,clay,large,mature,46.9,35.0,71.3335792517494,559.7,5.5,46.7,3,1,100.0
Jade Plant,sandy,small,young,11.3,16.3,85.1,720.1,9.6,10.5,1,0,76.7
Jade Plant,sandy,large,young,29.2,29.6,71.2,585.0,6.2,20.6,1,0,82.9
Monstera,sandy,large,mature,74.3,32.9,87.85592144244765,380.7,6.0,54.4,3,0,100.0
Spider Plant,clay,medium,mature,26.6,19.1,90.0,397.9,6.4,32.9,2,0,100.0
Money Plant,sandy,medium,young,41.7,29.9,27.8,387.2,4.5,70.6,2,0,99.7
Tulsi,clay,medium,mature,53.0,36.0,47.8,445.0,6.1,4.4,4,0,85.8
Spider Plant,sandy,medium,seedling,45.1,36.3,79.8,1185.4,8.8,31.4,2,0,81.1
Peace Lily,clay,medium,young,68.1,27.8,91.26419800601872,104.6,2.9,4.8,4,0,97.0
Peace Lily,loamy,small,young,79.1,30.6,85.44251559677082,211.8,2.3,13.7,5,0,97.8
Money Plant,loamy,small,young,41.2,24.7,25.7,549.7,5.6,45.8,4,0,95.5
Monstera,sandy,large,seedling,45.3,31.6,64.92956206464532,547.9,5.7,61.1,3,1,70.8
Spider Plant,loamy,small,young,35.2,25.8,85.7,593.8,6.4,13.1,2,0,95.0
Areca Palm,loamy,large,mature,46.3,33.2,69.2,422.6,4.7,8.2,4,0,100.0
Snake Plant,clay,small,seedling,41.3,29.9,57.7,529.9,6.6,36.4,1,0,89.7
Aloe Vera,sandy,small,young,16.9,26.7,75.4,439.6,6.9,4.2,1,0,80.3
Aloe Vera,clay,large,seedling,19.4,26.1,64.4,566.6,6.0,49.1,1,0,98.1
Areca Palm,sandy,small,young,52.1,37.2,49.6,531.7,5.5,42.7,4,0,85.5
Areca Palm,clay,large,mature,54.2,31.0,25.3,440.8,5.7,45.8,4,0,100.0
Jade Plant,sandy,large,seedling,19.3,32.6,50.0,591.4,6.9,25.8,1,0,87.6
Peace Lily,clay,medium,young,49.0,30.8,78.5816461321217,476.9,5.2,65.1,3,1,82.8
Fern,loamy,small,seedling,72.6,15.6,87.73730068643273,328.9,5.3,52.7,4,0,82.6
Spider Plant,sandy,large,seedling,35.1,33.1,52.2,519.8,5.2,48.6,2,1,72.2
Tulsi,clay,small,mature,54.6,27.6,82.8,362.8,4.2,17.0,3,0,100.0
Areca Palm,clay,large,young,58.6,36.0,66.4,545.9,6.9,44.9,2,0,91.9
Fern,sandy,large,seedling,78.6,29.6,94.11038192347615,244.9,2.3,28.5,4,0,92.5
Fern,loamy,medium,seedling,61.2,25.5,81.6,456.0,4.1,42.4,3,0,100.0
Jade Plant,loamy,small,mature,15.2,19.4,25.9,1132.6,9.6,36.4,1,0,97.2
Aloe Vera,sandy,small,young,4.6,27.4,71.4,882.8,8.5,13.1,1,1,80.4
Spider Plant,loamy,large,mature,26.5,36.3,71.9,1095.6,7.9,7.9,2,1,86.8
Spider Plant,clay,medium,seedling,51.2,27.8,72.1,337.7,6.8,53.8,1,0,95.9
Money Plant,clay,large,seedling,73.0,34.8,55.9,543.6,5.0,2.3,4,0,89.5
Peace Lily,sandy,medium,young,50.5,23.8,90.09253097937876,223.1,3.5,58.6,3,1,89.9
Money Plant,sandy,medium,mature,71.7,16.9,28.7,302.2,5.0,16.3,2,0,90.0
Jade Plant,sandy,medium,young,15.7,25.2,33.5,364.2,6.6,18.8,1,0,100.0
Money Plant,clay,large,mature,45.5,37.0,55.8,534.3,5.3,46.8,4,0,90.9
Snake Plant,sandy,small,young,30.2,24.5,58.3,536.1,5.6,52.9,1,0,98.5
Tulsi,sandy,medium,young,63.6,35.9,40.2,481.9,5.2,48.8,3,0,89.3
Monstera,clay,medium,young,75.5,16.4,70.00595624924681,210.3,2.1,17.9,5,0,92.3
Spider Plant,loamy,small,seedling,30.9,22.6,72.5,784.9,8.0,7.2,2,0,96.4
Money Plant,sandy,medium,young,65.0,27.4,44.9,500.7,6.8,42.6,4,0,97.5
Areca Palm,loamy,small,mature,62.3,37.5,93.4,410.2,5.6,60.9,3,0,93.9
Aloe Vera,clay,large,mature,20.5,21.0,49.1,421.5,6.5,48.3,1,0,100.0
Areca Palm,sandy,large,mature,34.8,18.0,34.2,309.0,4.5,8.6,4,1,100.0
Snake Plant,sandy,medium,young,39.9,32.7,91.3,502.7,4.1,16.1,1,0,100.0
Jade Plant,loamy,large,seedling,22.7,31.4,37.0,1173.4,9.6,36.3,1,0,92.6
Monstera,loamy,large,young,75.1,20.9,90.84297282175406,498.3,5.1,48.2,4,0,99.3
Snake Plant,clay,small,young,49.4,27.2,59.0,315.8,5.5,32.0,1,0,95.9
Tulsi,clay,small,mature,57.7,34.3,80.4,399.7,6.5,42.4,2,0,95.5
Money Plant,sandy,large,young,56.0,18.9,94.6,519.3,7.0,10.5,3,0,98.0
Snake Plant,clay,small,young,42.1,36.3,51.4,914.9,8.7,34.8,2,1,90.9
Jade Plant,sandy,medium,young,33.4,16.0,38.7,1096.1,9.8,13.0,1,0,85.5
Spider Plant,loamy,medium,seedling,44.0,33.5,52.9,458.3,4.9,49.5,1,1,74.7
Aloe Vera,sandy,medium,mature,16.8,26.0,40.5,900.8,7.4,4.6,1,0,100.0
Tulsi,loamy,large,young,50.8,29.2,89.7,567.6,6.3,22.8,4,0,100.0
Money Plant,loamy,medium,seedling,59.0,28.3,60.6,593.8,4.0,34.0,3,0,95.6
Aloe Vera,loamy,medium,seedling,19.5,22.7,73.0,948.8,7.1,58.0,1,0,89.6
Peace Lily,loamy,large,seedling,64.3,29.4,82.50659534650106,561.9,4.8,56.3,3,0,90.6
Fern,clay,small,young,70.7,36.5,84.71368468127852,108.1,2.4,5.6,3,0,89.1
Peace Lily,sandy,small,young,80.7,24.1,80.25950009900657,166.4,3.9,9.9,4,0,100.0
Money Plant,loamy,small,seedling,59.9,22.0,68.3,383.2,4.9,7.8,3,0,100.0
Areca Palm,clay,medium,seedling,71.4,31.3,41.7,546.2,5.8,13.2,3,0,88.5
Jade Plant,loamy,small,mature,4.5,32.4,56.8,422.9,6.6,27.0,1,1,100.0
Jade Plant,sandy,small,seedling,28.8,18.2,29.0,877.2,7.2,65.4,1,0,94.7
Spider Plant,sandy,medium,seedling,33.4,20.8,43.9,593.5,6.3,32.1,1,0,98.2
Fern,loamy,medium,young,48.9,31.1,90.1,283.2,2.8,66.5,5,1,84.2
Areca Palm,clay,medium,mature,55.8,34.2,67.0,346.0,5.6,38.5,4,0,98.2
Tulsi,sandy,small,mature,46.9,16.9,51.1,338.3,5.1,59.3,4,0,89.9
Spider Plant,loamy,large,mature,35.2,28.1,29.8,757.5,7.7,62.2,2,0,100.0
Fern,clay,small,seedling,62.5,19.1,79.0495260294802,196.9,2.5,13.6,5,0,100.0
Spider Plant,clay,large,seedling,30.4,28.1,72.1,735.8,8.3,43.4,1,0,100.0
Tulsi,loamy,medium,mature,48.9,16.8,73.1,543.8,4.6,29.9,4,0,85.9
Tulsi,sandy,large,seedling,47.3,35.9,49.8,494.7,4.5,65.8,4,0,81.1
Money Plant,clay,medium,mature,68.1,33.9,80.0,408.0,5.5,43.3,3,0,100.0
Money Plant,clay,small,mature,62.7,34.5,71.0,335.5,5.1,1.0,3,0,98.9
Snake Plant,clay,small,mature,40.1,28.2,45.0,495.1,4.6,61.6,2,0,97.9
Jade Plant,sandy,medium,mature,24.3,18.1,91.8,493.2,6.4,51.7,1,0,85.3
Tulsi,clay,medium,seedling,49.5,18.8,71.6,319.1,5.2,69.0,2,0,85.3
Peace Lily,clay,large,seedling,55.5,31.8,92.77971124184019,435.2,4.6,62.9,4,0,94.3
Monstera,clay,medium,mature,45.4,22.2,77.53078738491011,239.4,2.2,14.1,4,1,95.8
Tulsi,loamy,small,seedling,66.3,21.1,48.6,595.0,5.5,1.0,4,0,100.0
Snake Plant,loamy,small,seedling,18.1,18.4,87.7,538.2,5.1,12.9,1,1,92.5
Peace Lily,clay,medium,mature,68.4,19.9,89.1,202.4,3.6,10.1,4,0,100.0
Fern,clay,small,young,77.8,29.9,87.0,140.6,2.3,12.6,5,0,100.0
Peace Lily,clay,small,young,43.4,28.3,88.01435468213658,454.2,4.8,62.2,3,1,85.4
Areca Palm,sandy,medium,young,70.7,24.9,31.2,392.7,6.3,50.4,4,0,100.0
Areca Palm,loamy,medium,young,71.7,32.5,44.2,411.6,4.9,49.0,4,0,100.0
Monstera,sandy,small,young,41.7,20.4,84.4,218.4,2.8,60.4,5,1,89.4
Fern,sandy,medium,young,53.1,34.3,77.7,204.9,4.0,18.2,5,1,100.0
Aloe Vera,sandy,medium,young,22.9,30.9,72.9,847.2,8.2,20.9,1,0,89.7
Jade Plant,clay,medium,seedling,6.8,37.2,42.8,536.6,6.3,39.1,1,1,77.0
Peace Lily,clay,large,young,83.3,35.5,89.84270849914253,580.8,4.5,1.9,4,0,85.8
Fern,clay,small,seedling,80.8,33.7,88.8,483.9,4.0,62.2,4,0,88.4
Monstera,loamy,small,young,66.8,16.6,89.92662327842818,153.1,2.9,33.1,5,0,90.7
Monstera,sandy,large,young,60.1,18.3,76.5,204.0,2.3,71.3,5,0,100.0
Monstera,clay,medium,seedling,76.3,29.4,69.16219359560763,299.8,3.6,29.9,4,0,92.7
Spider Plant,clay,medium,young,50.0,21.5,31.4,771.0,7.0,16.9,1,0,96.5
Money Plant,clay,medium,mature,37.8,21.5,34.6,441.2,4.0,52.6,2,1,82.6
Aloe Vera,sandy,small,seedling,1.1,37.4,33.6,567.8,6.1,46.3,1,1,76.5
Aloe Vera,sandy,small,seedling,3.4,20.3,42.3,699.8,9.0,22.2,1,1,95.7
Jade Plant,sandy,medium,seedling,7.8,26.4,38.0,1028.6,8.6,44.3,1,1,96.3
Peace Lily,sandy,medium,mature,74.6,17.4,91.2,425.7,5.2,40.2,3,0,87.7
Money Plant,clay,medium,seedling,59.8,27.0,30.8,533.4,5.9,55.0,2,0,99.0
Snake Plant,clay,small,mature,41.8,20.1,85.8,855.7,7.6,39.1,1,0,98.7
Snake Plant,clay,small,seedling,41.1,25.7,50.7,844.5,8.1,22.6,1,0,98.9
Money Plant,sandy,medium,seedling,66.0,16.3,77.8,391.7,5.7,31.3,3,0,78.7
Peace Lily,sandy,small,mature,81.4,15.7,83.28703268495153,103.9,3.4,31.8,3,0,93.2
Monstera,clay,small,young,72.4,37.3,63.2,321.0,5.4,68.9,5,0,92.2
Tulsi,sandy,small,young,36.7,17.4,83.6,344.9,6.7,14.9,4,1,90.3
Money Plant,loamy,medium,seedling,68.2,30.7,87.6,306.9,4.2,69.5,4,0,92.7
Peace Lily,loamy,medium,young,68.5,33.1,80.9,204.4,3.7,8.1,3,0,100.0
Jade Plant,loamy,large,young,17.6,21.3,32.2,695.6,8.6,39.8,1,0,100.0
Snake Plant,sandy,small,mature,50.5,16.6,85.1,800.3,8.8,17.6,2,0,92.6
Areca Palm,clay,large,young,47.8,23.0,38.3,573.3,6.3,70.3,3,0,100.0
Money Plant,clay,medium,young,67.2,17.4,93.5,599.4,6.7,52.1,3,0,87.4
Tulsi,clay,large,seedling,48.1,26.1,33.4,314.7,5.6,9.2,3,0,100.0
Snake Plant,clay,medium,young,41.8,35.9,31.2,1058.1,8.7,36.7,2,1,88.1
Snake Plant,loamy,large,seedling,48.5,22.0,51.4,1034.9,7.3,29.2,2,0,97.4
Monstera,loamy,small,young,54.6,19.3,75.466915589077,584.5,4.4,63.1,5,1,80.1
Fern,clay,large,young,68.3,18.8,64.21420943186416,161.4,3.8,31.4,4,0,96.7
Areca Palm,sandy,small,seedling,45.6,20.5,58.1,553.4,6.2,14.4,4,0,96.8
Jade Plant,loamy,medium,mature,27.8,21.6,53.4,637.8,8.6,55.1,1,0,95.7
Peace Lily,loamy,medium,mature,45.1,35.7,95.0,485.4,4.7,31.9,5,1,93.0
Spider Plant,loamy,medium,mature,29.6,37.5,90.7,649.6,8.3,30.0,1,1,87.9
Money Plant,clay,medium,young,51.7,26.7,31.4,493.3,6.3,32.7,3,0,100.0
Snake Plant,clay,small,mature,31.6,31.9,69.9,483.9,6.2,13.2,1,0,100.0
Monstera,sandy,small,mature,81.8,16.6,89.8,242.2,3.4,13.9,4,0,85.0
Jade Plant,sandy,small,mature,10.8,16.1,70.6,827.6,9.5,28.0,1,0,75.8
Jade Plant,clay,medium,young,22.0,17.5,93.9,963.8,7.6,31.3,1,0,79.7
Peace Lily,clay,medium,mature,71.5,21.0,83.38272248274242,275.6,2.9,48.2,3,0,99.9
Peace Lily,sandy,medium,mature,41.3,24.0,86.5,304.2,4.6,55.2,5,1,83.9
Peace Lily,sandy,small,mature,62.6,15.9,84.7,581.5,4.2,56.1,4,0,94.2
Jade Plant,loamy,medium,seedling,14.9,33.6,50.1,435.8,6.8,13.0,1,1,87.8
Areca Palm,sandy,small,mature,68.7,35.0,34.4,475.0,6.8,1.6,3,0,100.0
Spider Plant,loamy,medium,young,19.4,25.6,55.2,893.2,8.4,46.9,1,1,100.0
Spider Plant,clay,large,seedling,16.2,15.9,58.9,517.5,5.3,19.8,1,1,83.2
Peace Lily,sandy,large,seedling,65.6,32.9,66.22012387045054,123.9,3.4,15.8,3,0,87.4
Spider Plant,clay,medium,young,15.5,16.8,44.2,331.1,6.7,24.7,2,1,86.2
Aloe Vera,loamy,large,seedling,17.0,19.6,30.5,1140.3,7.7,19.6,1,0,100.0
Tulsi,clay,medium,mature,66.0,33.6,47.0,530.4,4.2,22.7,3,0,98.6
Areca Palm,sandy,large,young,54.2,20.1,58.2,489.4,4.5,23.7,2,0,100.0
Aloe Vera,loamy,large,seedling,16.4,15.1,68.2,1001.6,7.6,21.6,1,0,85.0
Areca Palm,sandy,large,mature,69.8,24.7,61.3,403.3,5.9,36.8,2,0,100.0
Snake Plant,clay,large,seedling,27.7,33.2,78.2,415.6,4.9,7.3,1,1,86.0
Tulsi,sandy,large,mature,67.9,25.0,53.7,426.8,4.5,14.0,4,0,100.0
Money Plant,loamy,small,seedling,51.9,26.2,34.0,326.0,6.2,32.6,4,0,97.0
Monstera,clay,small,seedling,51.4,20.4,81.12740256311088,462.3,4.6,69.7,5,1,88.3
Tulsi,loamy,large,mature,60.9,19.7,64.9,591.2,5.4,59.5,4,0,96.4
Jade Plant,loamy,small,young,24.9,26.6,28.4,1135.6,9.9,53.4,1,0,97.0
Jade Plant,clay,small,mature,20.6,28.4,52.0,1041.0,9.7,37.8,1,0,100.0
Aloe Vera,sandy,medium,seedling,28.1,20.2,73.5,838.7,8.0,34.5,1,0,80.4
Aloe Vera,sandy,medium,seedling,16.9,20.7,57.3,995.0,7.1,54.3,1,0,100.0
Tulsi,clay,small,young,57.2,29.9,49.0,540.7,6.1,16.0,2,0,97.5
Aloe Vera,loamy,large,mature,20.3,28.8,48.1,1051.8,7.8,66.9,1,0,100.0
Snake Plant,sandy,medium,seedling,26.6,33.5,42.2,619.7,8.2,66.4,2,1,77.9
Jade Plant,loamy,large,young,22.9,26.0,87.3,1064.7,7.4,68.3,1,0,85.6
Fern,clay,large,mature,58.3,27.5,78.24633989175483,214.5,2.2,62.4,5,0,99.4
Jade Plant,sandy,medium,mature,27.2,32.8,93.1,1034.8,7.5,64.2,1,0,84.0
Money Plant,loamy,medium,young,66.5,36.5,85.7,593.0,6.3,27.0,3,0,89.1
Money Plant,loamy,large,seedling,66.4,28.6,93.3,573.3,4.9,33.2,3,0,97.5
Jade Plant,sandy,medium,mature,26.9,33.2,73.8,931.1,9.1,47.4,1,1,85.4
Money Plant,clay,small,young,44.3,30.3,53.6,476.9,5.1,1.3,4,0,98.4
Areca Palm,loamy,medium,young,62.0,27.5,84.6,382.8,4.3,54.2,2,0,97.3
Areca Palm,clay,medium,young,56.6,32.7,74.9,433.6,7.0,61.9,3,0,97.8
Jade Plant,clay,medium,seedling,17.9,33.6,41.6,324.3,7.0,46.7,1,1,93.3
Peace Lily,sandy,small,seedling,55.8,27.0,93.46128270962498,272.6,3.5,17.2,5,0,97.5
Money Plant,clay,medium,seedling,40.5,33.0,84.9,446.6,5.0,40.5,4,0,91.3
Jade Plant,sandy,medium,young,10.0,24.5,84.7,938.8,9.6,47.8,1,0,86.8
Spider Plant,sandy,medium,mature,53.6,31.3,78.9,1146.7,8.9,14.7,1,0,100.0
Fern,sandy,small,young,54.7,19.4,83.20101038845593,167.8,3.1,41.0,5,1,98.4
Peace Lily,loamy,large,young,71.3,21.7,94.6,360.4,4.4,43.7,3,0,100.0
Tulsi,loamy,small,young,50.0,21.1,53.0,506.5,6.2,22.8,4,0,100.0
Money Plant,sandy,large,seedling,65.2,23.4,46.7,440.9,6.4,44.2,2,0,100.0
Peace Lily,loamy,medium,mature,50.0,24.0,88.6516718457157,118.8,2.1,51.6,3,1,83.5
Snake Plant,sandy,medium,seedling,25.8,27.2,78.7,424.8,6.7,66.7,1,0,98.7
Areca Palm,clay,large,seedling,50.1,28.3,37.3,318.9,5.8,5.5,3,0,100.0
Tulsi,sandy,large,mature,36.8,19.0,74.3,318.1,5.5,11.7,3,1,99.5
Snake Plant,loamy,medium,young,12.1,33.0,70.1,434.4,5.0,67.5,1,1,85.0
Monstera,clay,large,mature,67.1,37.0,75.52041289482776,135.9,2.3,18.6,5,0,88.3
Peace Lily,clay,medium,seedling,63.0,20.5,76.49147182983066,206.5,2.7,28.7,5,0,100.0
Aloe Vera,loamy,small,seedling,30.2,32.8,52.7,773.2,9.0,67.7,1,0,92.2
Fern,loamy,medium,young,54.5,26.2,91.3,355.5,4.3,65.1,5,1,82.7
Money Plant,sandy,medium,young,60.7,32.0,57.2,567.0,5.3,20.4,4,0,100.0
Aloe Vera,clay,small,seedling,7.8,25.1,51.4,751.2,8.8,53.4,1,1,81.3
Snake Plant,sandy,medium,young,29.4,25.7,65.7,452.9,6.7,7.6,2,0,100.0
Jade Plant,clay,small,seedling,26.5,15.7,77.2,860.0,7.3,28.9,1,0,68.1
Snake Plant,clay,small,young,16.8,19.2,74.6,589.3,4.3,66.3,2,1,82.7
Monstera,loamy,medium,mature,48.2,26.8,76.11479284472006,245.7,3.0,58.9,4,1,85.8
Aloe Vera,clay,large,young,29.6,18.5,56.6,421.4,6.5,61.8,1,0,95.7
Jade Plant,loamy,large,seedling,4.3,16.9,75.0,1004.6,8.7,68.2,1,1,50.0
Snake Plant,clay,small,seedling,14.4,16.0,26.4,469.0,5.0,61.1,1,1,67.7
Areca Palm,sandy,small,young,45.5,32.5,93.6,401.8,5.8,49.6,3,0,99.0
Tulsi,sandy,large,seedling,36.9,30.6,68.2,586.9,5.2,41.7,3,1,93.7
Snake Plant,clay,small,mature,31.0,36.4,43.1,879.9,8.1,51.4,2,1,71.1
Areca Palm,loamy,small,young,44.6,22.0,71.9,523.9,5.5,47.8,2,0,100.0
Aloe Vera,clay,large,young,4.7,29.8,38.4,665.0,7.9,63.7,1,1,83.8
Money Plant,clay,large,seedling,60.7,17.2,45.0,434.9,6.4,59.5,4,0,76.8
Money Plant,clay,large,mature,53.5,25.8,83.5,384.6,6.4,62.2,3,0,100.0
Jade Plant,sandy,small,mature,15.9,30.3,85.9,888.0,7.0,13.0,1,0,80.4
Peace Lily,clay,small,seedling,56.6,37.2,86.9349717674956,458.8,4.3,24.7,5,0,81.4
Aloe Vera,loamy,large,seedling,8.2,21.2,41.1,1186.7,9.7,8.2,1,1,95.3
Monstera,clay,medium,mature,56.6,17.2,75.4,208.6,2.5,47.7,5,0,92.1
Fern,sandy,medium,seedling,45.8,26.8,76.95729005875324,116.4,2.8,66.2,5,1,89.9
Areca Palm,loamy,medium,young,38.0,28.6,47.6,326.1,4.9,66.0,4,1,89.8
Fern,clay,small,seedling,51.8,30.1,87.02141259868114,266.7,3.2,8.1,5,1,86.7
Tulsi,clay,large,young,65.3,15.3,72.8,376.4,6.5,13.2,4,0,92.9
Monstera,sandy,medium,mature,61.4,25.4,73.71414295229752,292.8,4.0,48.6,3,0,100.0
Tulsi,sandy,small,mature,44.1,30.9,68.4,549.3,4.2,13.1,3,0,99.3
Tulsi,clay,medium,mature,47.9,36.1,76.7,370.5,5.6,71.7,2,0,87.1
Snake Plant,sandy,small,seedling,44.3,15.9,34.1,308.5,6.7,71.5,2,0,79.4
Jade Plant,sandy,large,seedling,21.0,30.7,51.7,1070.2,8.4,56.6,1,0,94.7
Jade Plant,clay,small,young,14.8,17.3,47.6,1077.5,7.2,50.7,1,0,89.7
Peace Lily,loamy,large,mature,75.4,16.9,92.7,158.6,3.3,24.6,5,0,92.8
Money Plant,sandy,small,seedling,49.1,27.8,55.7,565.8,5.2,42.0,2,0,100.0
Peace Lily,clay,small,young,79.7,35.3,69.91555154739598,379.7,5.6,67.5,3,0,88.0
Fern,loamy,large,young,67.1,29.7,77.83664557288537,263.7,3.8,15.1,5,0,100.0
Spider Plant,loamy,small,seedling,44.6,25.3,30.2,592.1,5.9,34.3,2,0,97.2
Jade Plant,clay,small,mature,14.3,18.5,31.0,656.1,8.6,2.5,1,0,96.4
Areca Palm,clay,large,young,57.1,35.2,46.2,503.8,5.0,30.1,4,0,90.1
Peace Lily,sandy,medium,seedling,58.2,21.4,89.1220424487702,510.5,4.4,54.3,4,0,100.0
Money Plant,sandy,large,mature,36.4,28.4,47.0,399.4,4.6,66.6,4,1,87.1
Money Plant,loamy,large,young,65.8,20.0,68.8,453.6,6.7,25.1,4,0,100.0
Money Plant,clay,small,seedling,65.0,29.9,87.8,389.6,5.1,4.8,4,0,90.2
Fern,sandy,medium,young,68.6,36.0,64.8,300.3,5.2,45.2,3,0,85.3
Money Plant,loamy,large,seedling,53.4,16.3,76.5,465.0,6.1,4.8,2,0,77.7
Snake Plant,sandy,medium,mature,34.5,20.4,86.6,518.7,5.4,26.3,2,0,99.3
Aloe Vera,clay,medium,young,9.1,27.2,82.3,783.6,7.1,27.0,1,1,85.5
Money Plant,loamy,small,young,61.0,20.6,27.8,494.4,5.1,10.3,2,0,100.0
Aloe Vera,clay,medium,mature,3.9,33.4,60.1,387.5,6.7,65.5,1,1,88.5
Monstera,loamy,small,young,68.5,37.7,69.7050841478029,287.7,2.6,67.2,4,0,90.5
Monstera,clay,medium,seedling,47.0,30.2,93.4,470.9,5.1,46.9,5,1,91.3
Areca Palm,sandy,large,seedling,66.3,27.4,29.6,378.9,4.6,53.8,3,0,98.7
Fern,sandy,small,young,57.5,24.5,89.2,109.8,2.7,8.6,4,0,98.8
Aloe Vera,loamy,medium,mature,25.9,34.8,32.3,1086.3,7.6,11.9,1,1,99.9
Money Plant,clay,small,mature,45.7,24.2,70.3,321.9,5.9,61.3,3,0,100.0
Areca Palm,clay,small,mature,72.6,30.8,83.1,438.0,5.0,53.1,2,0,96.8
Fern,sandy,small,mature,46.0,29.4,80.81783022506995,258.3,3.4,51.3,5,1,86.9
Peace Lily,sandy,small,mature,82.7,22.2,86.63550869182298,387.4,5.4,14.8,3,0,100.0
Tulsi,clay,large,young,34.7,19.8,61.8,534.4,6.9,70.7,2,1,80.8
Areca Palm,clay,small,young,39.2,36.5,81.0,343.4,6.6,3.6,4,1,88.0
Jade Plant,sandy,large,mature,2.8,20.9,35.3,447.5,6.3,38.2,1,1,98.1
Tulsi,clay,small,young,48.1,20.5,35.0,340.2,4.6,5.9,2,0,100.0
Money Plant,sandy,large,mature,34.7,20.9,47.6,422.9,6.2,8.6,2,1,97.5
Areca Palm,sandy,large,mature,34.8,18.3,32.3,389.2,6.3,16.3,3,1,97.6
Peace Lily,loamy,medium,young,50.6,30.4,86.4,347.5,5.4,50.6,5,1,80.3
Snake Plant,clay,small,seedling,45.0,33.1,29.0,599.7,6.9,4.4,1,1,88.7
Fern,sandy,large,mature,60.6,33.4,73.103435421062,508.7,5.5,31.9,3,0,100.0
Money Plant,sandy,small,seedling,65.6,31.7,71.3,395.3,6.0,42.1,2,0,92.4
Tulsi,sandy,medium,mature,50.4,16.5,67.5,538.5,5.8,54.8,3,0,88.3
Money Plant,sandy,medium,seedling,50.9,21.8,62.5,368.8,6.3,13.5,4,0,99.6
Snake Plant,loamy,medium,seedling,17.8,17.5,27.6,307.8,5.4,51.5,1,1,68.6
Jade Plant,sandy,small,mature,9.7,26.9,74.8,804.4,7.1,19.6,1,1,87.6
Aloe Vera,sandy,large,mature,5.0,36.7,94.0,1158.5,8.9,43.3,1,1,76.6
Snake Plant,loamy,large,seedling,22.9,22.1,45.0,399.1,6.6,26.2,1,0,96.7
Spider Plant,sandy,medium,seedling,44.1,22.7,64.2,544.8,4.6,37.5,2,0,95.2
Snake Plant,clay,medium,seedling,15.9,31.1,78.4,405.2,5.3,40.6,2,1,85.2
Monstera,clay,small,seedling,56.3,22.5,69.07216481981105,291.4,2.7,20.5,4,0,95.2
Monstera,sandy,small,seedling,55.1,29.5,78.2,127.6,2.6,25.1,5,0,92.1
Fern,loamy,medium,mature,79.0,31.7,94.3,156.8,2.1,1.8,5,0,100.0
Areca Palm,loamy,large,young,52.5,29.4,65.9,398.7,4.4,62.3,4,0,100.0
Fern,clay,small,seedling,70.2,26.4,76.84071725212925,283.3,2.7,41.7,4,0,100.0
Fern,loamy,small,seedling,60.5,28.1,64.49962909522532,148.1,3.5,34.3,4,0,100.0
Tulsi,loamy,small,seedling,58.3,17.2,26.0,474.2,4.9,13.8,4,0,83.8
Spider Plant,loamy,medium,seedling,19.5,20.5,67.3,339.5,5.4,41.2,1,1,98.1
Spider Plant,loamy,medium,mature,24.9,19.8,66.4,620.3,8.6,20.6,2,0,100.0
Money Plant,loamy,small,young,47.4,34.2,49.1,560.5,4.8,44.5,3,0,99.1
Monstera,clay,medium,mature,82.9,21.3,63.85802754564476,443.9,5.6,8.9,4,0,99.5
Snake Plant,loamy,small,mature,26.8,19.2,43.7,468.4,5.9,4.8,2,0,97.0
Fern,clay,small,mature,74.3,25.5,73.99571978684311,533.6,5.0,62.7,4,0,100.0
Aloe Vera,sandy,medium,young,30.9,17.4,68.0,383.9,6.9,38.5,1,0,89.0
Areca Palm,sandy,large,seedling,47.8,21.3,43.3,473.5,4.3,61.8,4,0,100.0
Money Plant,loamy,small,young,44.9,37.0,51.8,329.3,6.1,42.3,4,1,86.0
Aloe Vera,sandy,large,seedling,4.9,36.5,67.7,865.8,8.0,27.1,1,1,82.1
Money Plant,sandy,large,seedling,47.4,25.9,88.7,454.5,4.3,65.1,2,0,100.0
Money Plant,loamy,large,young,40.6,31.9,29.1,529.0,6.7,5.6,3,0,97.8
Peace Lily,clay,medium,young,67.0,26.8,94.505483883805,486.0,5.5,64.1,4,0,100.0
Peace Lily,loamy,medium,young,43.7,30.6,80.31918022881973,580.8,5.2,52.0,5,1,85.3
Money Plant,sandy,small,seedling,33.6,33.8,40.0,450.4,5.7,36.4,3,1,92.4
Jade Plant,clay,small,young,9.0,26.7,27.1,491.3,6.6,67.2,1,1,86.9
Fern,clay,medium,young,52.2,34.4,78.09066682561419,143.8,2.8,67.7,5,1,88.8
Spider Plant,clay,large,mature,52.1,16.4,86.6,1042.9,8.6,34.5,1,0,92.1
Fern,sandy,small,mature,74.3,17.4,86.6,310.1,5.8,15.4,4,0,85.1
Jade Plant,clay,small,seedling,6.8,17.1,67.6,536.9,6.4,43.3,1,1,77.2
Snake Plant,sandy,small,seedling,19.7,35.5,26.0,470.3,6.4,22.7,2,1,79.6
Snake Plant,loamy,large,young,16.7,25.0,73.7,643.3,8.8,37.7,2,1,100.0
Jade Plant,sandy,large,young,25.4,15.5,59.9,963.0,7.2,68.3,1,0,93.3
Tulsi,loamy,large,seedling,35.9,20.8,47.6,338.4,5.1,19.2,4,1,98.0
Jade Plant,sandy,large,mature,14.4,26.1,28.1,1195.2,8.0,1.6,1,0,96.0
Money Plant,loamy,small,mature,39.2,28.6,88.1,439.7,4.0,21.4,3,1,95.6
Fern,sandy,large,mature,70.8,16.3,82.25631585735783,109.5,3.0,14.2,4,0,89.9
Jade Plant,clay,medium,young,11.3,23.7,93.5,1144.8,7.9,9.8,1,0,88.9
Peace Lily,sandy,large,young,45.7,25.4,81.20391520344381,279.9,2.3,14.0,4,1,95.9
Snake Plant,sandy,large,seedling,38.0,35.7,32.7,388.3,6.0,71.6,1,1,61.3
Fern,clay,medium,seedling,46.7,22.3,70.8,442.9,5.2,17.2,4,1,96.0
Money Plant,loamy,small,mature,52.9,19.6,76.0,504.7,4.7,59.4,4,0,100.0
Aloe Vera,loamy,small,young,4.4,22.0,49.8,1104.2,7.8,43.3,1,1,100.0
Fern,loamy,medium,young,61.1,36.8,89.6,177.3,3.2,46.8,4,0,88.8
Jade Plant,sandy,small,seedling,21.2,34.8,82.2,925.9,9.9,26.7,1,1,75.7
Snake Plant,clay,large,seedling,29.6,18.5,34.9,464.5,5.0,32.5,1,0,92.5
Fern,sandy,small,young,52.3,25.6,76.79318284611853,179.6,2.7,33.6,4,1,100.0
Areca Palm,loamy,small,seedling,35.2,16.1,67.0,513.2,5.3,39.7,3,1,79.9
Jade Plant,clay,large,young,11.1,19.1,50.3,838.3,8.3,6.0,1,0,100.0
Monstera,clay,large,mature,63.1,16.0,87.34052160507044,457.0,4.5,36.0,4,0,92.5
Snake Plant,loamy,medium,mature,27.2,21.1,38.9,1152.5,7.0,9.8,1,0,98.8
Snake Plant,sandy,large,mature,44.1,35.3,92.6,503.7,4.0,42.4,1,1,85.9
Jade Plant,sandy,medium,seedling,19.6,26.0,68.6,1113.4,9.8,35.3,1,0,95.7
Snake Plant,clay,medium,mature,42.3,19.4,46.3,423.8,6.0,25.9,1,0,100.0
Jade Plant,clay,small,seedling,5.6,34.5,41.9,1092.8,8.7,37.1,1,1,92.8
Snake Plant,clay,small,mature,45.9,36.5,44.9,399.6,5.4,14.2,2,0,91.4
Money Plant,loamy,medium,young,46.2,18.9,32.8,355.5,4.7,57.0,4,0,98.3
Areca Palm,sandy,large,seedling,52.3,26.4,81.3,378.1,6.6,43.9,3,0,100.0
Snake Plant,sandy,large,seedling,37.6,26.1,93.4,903.5,8.2,17.4,1,0,100.0
Money Plant,clay,large,young,64.4,31.2,69.4,575.6,5.5,68.6,2,0,100.0
Jade Plant,loamy,medium,mature,28.5,30.1,52.3,313.7,6.2,19.3,1,0,98.2
Money Plant,clay,small,mature,70.5,21.3,67.4,469.8,6.1,48.7,2,0,95.8
Snake Plant,clay,medium,mature,44.4,21.9,71.3,437.2,4.5,67.3,1,0,100.0
Peace Lily,loamy,large,seedling,59.2,26.8,62.64421403715231,104.7,3.4,57.2,4,0,98.7
Fern,clay,medium,young,49.0,17.1,91.5,352.8,5.2,41.2,3,1,91.8
Areca Palm,loamy,medium,young,46.4,17.3,37.0,346.5,5.4,60.8,3,0,91.0
Money Plant,loamy,medium,mature,67.2,15.7,38.0,491.2,6.4,9.6,3,0,87.5
Aloe Vera,loamy,medium,seedling,7.5,36.2,28.9,747.8,9.7,17.1,1,1,82.0
Snake Plant,loamy,medium,young,25.7,33.0,55.1,725.9,8.8,10.0,1,0,97.1
Jade Plant,clay,large,seedling,26.1,37.0,90.6,814.6,9.3,51.2,1,1,50.1
Money Plant,loamy,large,young,40.2,20.3,52.1,330.5,5.3,52.0,4,0,100.0
Jade Plant,loamy,small,seedling,24.4,23.6,43.2,441.9,6.9,33.4,1,0,97.1
Jade Plant,loamy,medium,young,8.5,34.1,34.2,427.1,6.2,19.6,1,1,100.0
Tulsi,sandy,medium,seedling,55.2,29.5,29.6,563.7,5.2,40.8,4,0,92.1
Tulsi,loamy,large,young,53.5,34.9,48.3,481.1,5.3,58.0,3,0,100.0
Jade Plant,loamy,small,seedling,19.6,20.5,40.5,607.4,8.2,43.6,1,0,100.0
Snake Plant,loamy,medium,seedling,48.0,15.5,91.1,1194.9,8.3,24.0,2,0,75.7
Jade Plant,sandy,medium,seedling,16.1,36.6,41.9,1020.5,7.8,18.9,1,1,79.2
Tulsi,clay,large,mature,52.2,27.7,63.0,558.8,5.8,54.6,4,0,95.9
Fern,loamy,small,young,44.6,37.7,73.65109126900882,147.5,3.3,28.9,4,1,92.2
Money Plant,sandy,large,mature,46.2,36.7,68.2,525.4,4.9,53.7,2,0,89.6
Spider Plant,loamy,large,young,30.1,15.8,31.9,586.0,4.3,57.2,2,0,90.1
Peace Lily,sandy,large,seedling,43.8,20.7,71.73943676348912,445.3,4.6,54.4,3,1,86.1
Monstera,sandy,small,seedling,56.3,22.7,84.7,380.5,5.1,24.1,5,0,95.2
Money Plant,loamy,large,young,69.6,17.3,79.6,560.7,5.7,66.7,4,0,88.1
Monstera,sandy,medium,young,62.6,25.6,90.84286312422375,535.0,4.5,23.3,5,0,100.0
Money Plant,sandy,medium,young,59.4,28.4,60.6,541.9,5.5,25.6,2,0,100.0
Fern,loamy,medium,young,51.7,32.8,74.54227373847397,410.1,4.7,21.0,5,1,100.0
Fern,clay,medium,young,55.3,22.6,85.18171883209635,175.6,2.7,1.1,3,0,98.0
Jade Plant,clay,small,young,5.1,18.5,35.4,639.4,7.3,45.6,1,1,100.0
Snake Plant,clay,small,young,30.9,18.3,89.6,686.9,8.4,60.8,1,0,100.0
Money Plant,clay,medium,young,55.7,37.5,49.1,592.0,4.7,38.0,2,0,92.0
Areca Palm,sandy,large,seedling,69.7,35.7,26.1,520.0,6.3,6.3,2,0,77.1
Aloe Vera,clay,small,young,13.8,23.1,56.0,1045.2,9.6,51.5,1,0,100.0
Aloe Vera,loamy,small,seedling,29.6,26.1,25.9,607.5,7.1,50.6,1,0,100.0
Spider Plant,loamy,large,young,33.4,22.2,89.3,1050.8,8.9,50.0,2,0,100.0
Spider Plant,loamy,medium,seedling,31.1,34.4,46.9,1076.7,7.3,7.8,2,1,91.3
Areca Palm,sandy,small,mature,56.6,32.8,37.0,480.6,4.2,25.9,3,0,98.4
Monstera,loamy,small,seedling,47.6,31.0,90.4772704085868,597.3,4.7,49.6,3,1,77.0
Fern,clay,medium,mature,71.9,22.9,73.12759534154068,545.5,5.2,32.4,5,0,95.9
Peace Lily,sandy,large,young,47.0,18.4,87.02448368998712,517.8,4.4,15.0,3,1,96.8
Money Plant,sandy,medium,seedling,56.9,35.8,42.0,302.4,5.4,59.3,4,0,75.4
Areca Palm,loamy,small,seedling,35.6,32.3,39.8,577.1,5.1,68.1,4,1,72.8
Tulsi,sandy,medium,mature,50.6,30.4,31.9,557.3,4.9,39.2,4,0,100.0
Jade Plant,loamy,medium,young,10.2,26.5,52.0,573.6,7.0,55.2,1,0,100.0
Peace Lily,sandy,large,mature,70.9,35.0,81.5,232.4,2.6,14.7,3,0,96.7
Areca Palm,clay,medium,mature,39.4,32.1,89.5,392.6,4.7,53.1,4,1,85.2
Jade Plant,loamy,small,seedling,27.3,30.9,72.1,974.4,7.9,33.3,1,0,79.5
Tulsi,clay,large,young,66.4,35.8,83.6,374.6,6.8,1.6,4,0,87.5
Areca Palm,loamy,small,mature,40.5,22.0,34.8,426.1,4.7,8.2,3,0,100.0
Monstera,clay,medium,mature,73.2,21.6,79.27436919379477,115.0,2.1,26.9,5,0,97.4
Monstera,clay,small,young,56.8,18.1,65.87146360354923,349.7,4.8,40.4,5,0,100.0
Aloe Vera,sandy,small,seedling,10.9,34.0,60.9,998.0,9.1,46.4,1,1,91.5
Aloe Vera,loamy,large,seedling,23.5,21.0,78.6,1088.3,8.1,51.3,1,0,89.5
Peace Lily,sandy,medium,young,72.0,36.4,77.70245326349976,168.6,3.2,50.8,4,0,90.9
Spider Plant,sandy,large,young,31.7,31.6,25.0,438.5,4.3,65.6,1,0,96.0
Tulsi,clay,large,mature,33.9,29.0,80.9,565.4,5.4,58.2,3,1,83.2
Money Plant,clay,medium,young,64.7,27.4,47.9,389.6,4.6,33.9,3,0,100.0
Money Plant,sandy,small,seedling,48.1,22.9,66.9,417.3,5.0,21.7,2,0,98.9
Fern,clay,large,seedling,66.0,20.9,92.1754213746978,445.2,5.9,15.2,4,0,97.0
Aloe Vera,sandy,large,seedling,27.2,19.9,72.1,895.3,7.6,67.5,1,0,81.1
Snake Plant,loamy,medium,seedling,33.7,21.4,55.6,513.9,4.2,1.2,2,0,99.1
Spider Plant,sandy,large,young,30.4,23.7,83.1,877.2,7.1,37.0,2,0,99.1
Money Plant,loamy,medium,seedling,69.1,18.6,33.9,366.3,4.5,46.1,4,0,94.4
Jade Plant,sandy,small,young,18.6,24.2,91.0,1039.1,8.1,27.6,1,0,88.7
Jade Plant,clay,small,seedling,27.0,15.7,82.1,765.2,9.6,29.0,1,0,61.9
Peace Lily,clay,small,seedling,69.4,32.8,70.10834501271268,216.3,3.6,52.2,4,0,94.3
Jade Plant,clay,medium,mature,7.5,22.5,64.8,417.8,6.9,30.4,1,1,96.4
Money Plant,loamy,small,mature,40.5,19.3,32.5,355.4,6.4,34.9,2,0,100.0
Monstera,clay,large,seedling,75.2,29.5,86.41410405162924,152.2,2.7,41.1,3,0,89.4
Peace Lily,loamy,medium,seedling,53.2,31.5,80.2,271.5,3.7,29.2,5,1,91.7
Peace Lily,clay,small,seedling,52.6,34.8,72.53130858425587,409.7,5.0,6.8,5,1,93.8
Jade Plant,loamy,medium,young,4.2,18.0,60.1,802.6,9.5,40.9,1,1,98.1
Aloe Vera,loamy,medium,seedling,26.0,18.4,38.5,1145.8,8.4,5.7,1,0,93.7
Money Plant,sandy,medium,seedling,43.1,19.0,29.7,428.9,4.2,36.6,3,0,100.0
Aloe Vera,clay,medium,mature,20.4,35.5,70.2,915.6,8.5,13.5,1,1,71.2
Spider Plant,loamy,small,seedling,17.4,30.5,83.3,445.3,6.6,62.2,1,1,72.9
Money Plant,sandy,medium,seedling,58.1,24.1,56.6,583.2,6.2,62.8,3,0,95.9
Snake Plant,sandy,medium,young,27.0,28.2,68.4,736.0,7.9,53.5,1,0,100.0
Monstera,clay,large,mature,76.1,28.1,75.60894024126762,333.4,4.6,59.5,4,0,99.4
Snake Plant,clay,small,seedling,50.0,33.3,33.1,1121.2,7.6,35.4,1,0,87.5
Peace Lily,clay,medium,mature,71.0,17.6,94.84846619907489,201.7,2.2,44.9,3,0,92.1
Areca Palm,loamy,large,seedling,71.2,25.2,70.0,329.8,6.5,3.8,4,0,100.0
Monstera,clay,medium,young,45.7,24.7,80.2,582.8,4.5,0.5,3,1,100.0
Snake Plant,sandy,small,young,38.7,28.7,71.1,615.5,7.0,56.9,1,0,100.0
Fern,sandy,small,seedling,51.5,19.2,68.36161461512279,159.4,2.5,33.7,5,1,96.0
Tulsi,clay,small,mature,50.9,20.3,52.8,592.3,5.3,10.2,3,0,95.2
Spider Plant,sandy,medium,mature,53.4,18.1,49.4,573.5,4.1,6.6,1,0,99.2
Jade Plant,clay,small,seedling,13.5,20.1,77.6,780.0,7.0,11.5,1,0,82.1
Tulsi,loamy,small,mature,66.7,33.7,35.9,497.5,4.4,1.0,4,0,100.0
Monstera,sandy,large,mature,62.8,37.5,93.28866431793838,518.2,4.2,59.1,4,0,86.4
Fern,loamy,small,seedling,60.7,21.4,77.50745726253373,180.9,2.5,60.1,3,0,97.6
Spider Plant,clay,large,mature,41.6,31.3,80.2,486.8,4.3,69.6,1,0,99.6
Monstera,sandy,large,mature,48.4,28.0,94.6,502.4,4.1,16.1,3,1,100.0
Snake Plant,clay,small,mature,14.2,26.0,41.1,477.3,4.4,65.5,1,1,88.5
Fern,sandy,medium,mature,67.5,16.5,91.30199038019646,450.3,4.9,12.9,5,0,87.6
Snake Plant,sandy,medium,young,46.2,28.8,49.9,534.6,5.4,16.6,1,0,95.2
Money Plant,loamy,medium,young,49.3,22.9,92.6,570.0,6.8,43.9,3,0,100.0
Jade Plant,clay,medium,seedling,7.2,20.2,34.2,552.5,6.4,69.3,1,1,86.0
Peace Lily,sandy,medium,mature,48.4,26.4,93.9,106.9,2.1,32.9,4,1,96.1
Monstera,clay,medium,young,55.2,25.2,86.87581614856208,120.1,3.0,26.3,4,0,98.5
Areca Palm,clay,medium,seedling,57.8,17.3,32.4,592.4,4.1,26.8,2,0,84.6
Jade Plant,loamy,medium,seedling,32.3,33.7,71.8,1044.3,8.0,44.2,1,1,72.6
Peace Lily,clay,small,seedling,65.4,23.1,85.81072885115942,253.7,3.2,6.1,4,0,99.9
Snake Plant,loamy,medium,seedling,51.6,16.1,53.6,580.6,5.5,10.7,2,0,81.2
Tulsi,sandy,small,mature,55.9,31.0,44.5,401.2,6.5,46.8,3,0,95.7
Peace Lily,clay,small,young,78.1,31.0,94.77646566781178,481.9,4.2,8.7,5,0,97.9
Fern,clay,small,seedling,71.8,36.4,94.13892474496335,193.4,3.0,0.7,4,0,76.0
Monstera,clay,medium,young,44.6,33.2,92.6,268.1,3.3,44.7,3,1,96.0
Jade Plant,loamy,medium,seedling,30.3,19.1,79.9,1060.6,9.4,8.9,1,0,88.6
Spider Plant,clay,small,seedling,23.2,15.6,67.0,566.8,6.3,59.7,1,0,82.3
Areca Palm,sandy,medium,seedling,52.0,23.9,82.8,452.6,5.1,28.1,2,0,97.8
Money Plant,sandy,small,mature,63.7,17.3,76.2,527.7,6.3,28.8,4,0,87.8
Aloe Vera,clay,medium,mature,32.2,23.5,52.1,754.8,9.5,11.6,1,0,98.5
Money Plant,clay,small,seedling,49.8,22.0,31.5,495.1,6.8,37.3,3,0,100.0
Monstera,clay,small,young,60.3,29.8,83.34785087760245,299.5,2.1,27.1,5,0,96.0
Spider Plant,loamy,small,mature,46.8,32.9,78.3,458.6,4.2,59.9,2,0,100.0
Money Plant,clay,small,mature,56.3,26.7,70.7,587.6,5.9,53.5,2,0,100.0
Areca Palm,clay,large,mature,59.6,15.2,34.4,481.0,4.0,19.1,2,0,89.1
Monstera,loamy,medium,young,48.2,26.3,89.2,345.6,5.8,2.3,5,1,100.0
Snake Plant,loamy,small,seedling,15.7,17.7,31.2,518.5,6.5,66.4,2,1,68.1
Fern,sandy,small,mature,53.8,15.9,92.44290725027264,578.7,4.9,12.3,3,1,85.9
Areca Palm,clay,medium,seedling,63.5,18.4,43.3,436.7,4.3,54.2,4,0,87.7
Snake Plant,sandy,small,young,13.0,33.9,51.4,441.3,4.0,46.0,2,1,97.1
Aloe Vera,sandy,medium,seedling,33.6,25.9,40.0,858.4,7.3,16.2,1,0,97.2
Areca Palm,loamy,small,mature,69.3,32.2,48.1,418.7,6.5,32.6,2,0,100.0
Aloe Vera,sandy,medium,seedling,4.2,15.3,27.2,847.4,9.0,11.1,1,1,82.9
Money Plant,clay,small,seedling,45.8,26.5,41.6,599.7,6.2,0.7,4,0,100.0
Snake Plant,sandy,medium,young,20.3,33.6,31.1,741.0,7.5,26.9,2,1,97.8
Spider Plant,loamy,large,mature,48.9,26.5,48.6,490.8,6.3,47.5,1,0,99.2
Fern,loamy,medium,young,56.2,15.4,90.24374780380181,111.1,2.4,13.1,4,0,85.0
Snake Plant,clay,large,young,47.1,32.7,53.8,399.5,5.3,61.4,2,0,96.6
Jade Plant,clay,medium,seedling,32.0,29.3,76.3,500.7,6.6,62.4,1,0,71.0
Areca Palm,clay,small,mature,51.7,25.5,33.2,523.9,4.3,21.4,2,0,97.0
Jade Plant,sandy,large,seedling,27.0,33.9,79.9,728.3,7.1,58.4,1,1,64.5
Aloe Vera,loamy,large,mature,8.2,22.4,78.1,327.7,6.8,32.0,1,1,84.7
Monstera,sandy,large,mature,81.2,15.3,80.87382164293429,294.1,2.9,33.1,4,0,87.1
Jade Plant,sandy,medium,young,4.4,26.6,63.2,843.4,8.8,47.1,1,1,96.1
Aloe Vera,clay,large,mature,32.7,26.0,39.6,418.0,6.1,5.3,1,0,100.0
Money Plant,sandy,large,young,46.4,32.9,87.8,524.6,5.8,34.0,3,0,99.8
Fern,loamy,medium,young,51.7,20.8,82.1,456.6,5.6,25.3,4,1,98.9
Monstera,clay,medium,young,78.2,23.8,90.67313873736504,166.5,2.8,71.4,4,0,95.5
Money Plant,sandy,small,mature,40.5,33.7,37.0,370.6,5.6,29.8,3,1,96.9
Aloe Vera,sandy,medium,young,7.1,32.3,40.4,1049.1,8.5,8.8,1,1,97.9
Fern,sandy,large,mature,44.4,30.9,70.11054106052896,517.8,5.4,15.5,4,1,98.8
Snake Plant,clay,small,mature,42.4,37.6,76.0,567.1,4.2,4.8,1,1,93.1
Jade Plant,sandy,medium,seedling,24.7,17.0,28.5,732.2,9.0,56.1,1,0,78.0
Spider Plant,loamy,large,seedling,33.8,26.2,94.9,597.5,5.3,22.9,1,0,98.2
Tulsi,sandy,large,seedling,70.6,35.6,64.9,322.0,4.8,60.3,4,0,78.5
Fern,sandy,large,mature,44.0,30.0,78.2,295.4,3.1,45.7,3,1,100.0
Jade Plant,loamy,large,young,21.4,21.0,48.7,1129.2,9.2,21.1,1,0,100.0
Jade Plant,loamy,large,young,12.4,36.6,50.8,696.3,9.7,49.0,1,1,71.8
Areca Palm,clay,small,young,40.4,19.6,36.8,575.2,6.8,9.3,2,0,99.1
Money Plant,clay,large,young,73.6,33.5,94.5,552.7,5.0,1.5,4,0,96.9
Money Plant,sandy,large,young,39.9,36.2,34.8,460.7,4.9,25.7,4,1,87.5
Fern,sandy,small,mature,68.7,27.3,65.9031817434704,293.7,3.6,11.3,5,0,97.7
Monstera,sandy,large,mature,56.3,27.3,67.85654389557213,561.4,4.6,21.6,3,0,95.8
Fern,loamy,medium,young,72.1,23.4,66.17320426028597,514.6,5.7,15.7,4,0,100.0
Monstera,sandy,large,mature,72.4,36.3,87.30994865510071,563.1,4.1,19.3,4,0,85.9
Spider Plant,clay,medium,young,47.0,23.2,28.2,482.5,5.3,35.4,2,0,99.6
Monstera,clay,small,mature,51.6,31.9,83.23799565955255,279.8,3.1,9.0,4,1,100.0
Tulsi,clay,small,seedling,68.0,37.9,60.3,407.2,5.2,44.9,2,0,79.2
Areca Palm,loamy,medium,young,47.1,19.8,91.8,547.8,6.9,46.4,3,0,100.0
Areca Palm,sandy,medium,seedling,49.0,21.1,31.9,519.1,5.3,52.5,2,0,100.0
Aloe Vera,sandy,medium,mature,22.8,34.8,29.3,636.6,7.9,1.6,1,1,97.7
Tulsi,loamy,medium,young,58.2,28.8,94.9,496.6,6.4,1.6,3,0,99.0
Aloe Vera,sandy,large,young,19.7,27.7,83.6,700.3,8.9,17.6,1,0,88.8
Snake Plant,loamy,small,young,23.2,21.7,92.4,898.0,7.6,40.6,2,0,96.8
Tulsi,clay,small,young,58.4,22.2,82.4,594.2,4.3,63.9,2,0,96.6
Peace Lily,sandy,small,seedling,72.6,27.3,80.93252499393805,160.6,3.1,69.8,5,0,96.6
Monstera,loamy,medium,young,67.1,18.4,78.09762887131859,267.4,2.9,27.1,4,0,99.1
Tulsi,loamy,small,young,62.5,23.0,79.5,455.0,4.0,23.6,4,0,99.9
Fern,clay,small,mature,64.9,34.1,93.18501179663336,117.0,2.5,3.2,3,0,100.0
Tulsi,loamy,medium,mature,48.9,36.8,68.7,546.3,6.2,11.2,3,0,89.8
Money Plant,loamy,large,seedling,72.5,32.0,93.2,315.2,4.0,51.5,3,0,94.2
Areca Palm,clay,medium,young,56.7,31.9,58.7,350.5,4.3,31.2,4,0,96.7
Tulsi,sandy,small,young,63.9,21.7,65.9,474.3,5.4,13.1,3,0,100.0
Areca Palm,clay,large,young,71.9,26.3,28.2,534.6,6.7,68.3,3,0,95.7
Monstera,sandy,medium,seedling,70.0,27.3,92.7,393.9,5.8,12.4,4,0,98.0
Monstera,sandy,large,seedling,70.1,25.7,80.65711917224718,544.4,4.9,30.1,4,0,100.0
Peace Lily,clay,large,seedling,60.9,33.8,70.39224820042031,249.2,3.3,27.8,3,0,89.7
Spider Plant,loamy,small,young,18.5,23.2,68.3,353.8,5.6,16.2,1,1,97.1
Monstera,sandy,small,seedling,70.0,23.0,69.4109126293525,217.9,3.6,7.2,3,0,98.0
Areca Palm,loamy,medium,seedling,61.2,26.9,77.7,319.5,6.6,5.5,4,0,100.0
Aloe Vera,sandy,large,seedling,3.4,21.2,44.8,720.8,9.6,30.8,1,1,95.7
Monstera,loamy,small,seedling,79.6,17.8,93.2,376.9,5.1,15.5,4,0,78.1
Spider Plant,sandy,large,young,42.1,34.9,59.7,784.7,7.7,27.5,1,1,100.0
